{
"type": "FeatureCollection",
"name": "Containers",
"crs": { "type": "name", "properties": { "name": "urn:ogc:def:crs:EPSG::32631" } },
"features": [
{ "type": "Feature", "properties": { "id": null, "area_px": null, "aspect_ratio": null, "zone": null }, "geometry": { "type": "Polygon", "coordinates": [ [ [ 513227.924241717089899, 5686553.414099309593439 ], [ 513240.047924151993357, 5686555.164930833503604 ], [ 513240.411304279463366, 5686552.951615511439741 ], [ 513228.287621844559908, 5686551.101680316962302 ], [ 513228.287621844559908, 5686551.101680316962302 ], [ 513227.924241717089899, 5686553.414099309593439 ] ] ] } },
{ "type": "Feature", "properties": { "id": null, "area_px": null, "aspect_ratio": null, "zone": null }, "geometry": { "type": "Polygon", "coordinates": [ [ [ 513260.595418632903602, 5686537.887857492081821 ], [ 513272.818204738898203, 5686539.96903458610177 ], [ 513273.247653980506584, 5686537.524477364495397 ], [ 513260.991833317442797, 5686535.641507613472641 ], [ 513260.595418632903602, 5686537.887857492081821 ] ] ] } },
{ "type": "Feature", "properties": { "id": null, "area_px": null, "aspect_ratio": null, "zone": null }, "geometry": { "type": "Polygon", "coordinates": [ [ [ 513196.987379045807756, 5686596.755438140593469 ], [ 513203.098772098834161, 5686598.010751308873296 ], [ 513203.594290454464499, 5686595.301917631179094 ], [ 513197.317724616266787, 5686594.443019147962332 ], [ 513197.41682828735793, 5686594.443019147962332 ], [ 513196.987379045807756, 5686596.755438140593469 ] ] ] } },
{ "type": "Feature", "properties": { "id": null, "area_px": null, "aspect_ratio": null, "zone": null }, "geometry": { "type": "Polygon", "coordinates": [ [ [ 513196.491860690177418, 5686599.199995362199843 ], [ 513202.338977286824957, 5686600.38923941552639 ], [ 513202.669322857225779, 5686598.076820422895253 ], [ 513196.855240817647427, 5686597.019714597612619 ], [ 513196.491860690177418, 5686599.199995362199843 ] ] ] } },
{ "type": "Feature", "properties": { "id": null, "area_px": null, "aspect_ratio": null, "zone": null }, "geometry": { "type": "Polygon", "coordinates": [ [ [ 513195.996342334488872, 5686601.842759925872087 ], [ 513201.711320702976082, 5686602.866831193678081 ], [ 513202.30594272975577, 5686600.455308529548347 ], [ 513196.425791576097254, 5686599.365168147720397 ], [ 513195.996342334488872, 5686601.842759925872087 ] ] ] } },
{ "type": "Feature", "properties": { "id": null, "area_px": null, "aspect_ratio": null, "zone": null }, "geometry": { "type": "Polygon", "coordinates": [ [ [ 513195.665996763971634, 5686604.584628161042929 ], [ 513201.447044246597216, 5686605.410492087714374 ], [ 513201.876493488147389, 5686602.965934866108 ], [ 513195.996342334430665, 5686602.040967268869281 ], [ 513195.665996763971634, 5686604.584628161042929 ] ] ] } },
{ "type": "Feature", "properties": { "id": null, "area_px": null, "aspect_ratio": null, "zone": null }, "geometry": { "type": "Polygon", "coordinates": [ [ [ 513195.434754864720162, 5686606.897047154605389 ], [ 513200.918491333897691, 5686607.921118422411382 ], [ 513201.447044246597216, 5686605.575664872303605 ], [ 513195.533858535811305, 5686604.617662718519568 ], [ 513195.434754864720162, 5686606.897047154605389 ] ] ] } },
{ "type": "Feature", "properties": { "id": 13, "area_px": 31759.0, "aspect_ratio": 1.94, "zone": "yard" }, "geometry": { "type": "Polygon", "coordinates": [ [ [ 513234.745877745735925, 5686595.136744842864573 ], [ 513246.737421952420846, 5686597.085783708840609 ], [ 513246.968663851730525, 5686594.806399272754788 ], [ 513235.208361544355284, 5686592.92342952080071 ], [ 513234.745877745735925, 5686595.136744842864573 ] ] ] } },
{ "type": "Feature", "properties": { "id": null, "area_px": null, "aspect_ratio": null, "zone": null }, "geometry": { "type": "Polygon", "coordinates": [ [ [ 513192.973680364899337, 5686622.010356998071074 ], [ 513198.65562417631736, 5686623.100497380830348 ], [ 513199.151142531947698, 5686620.870664780028164 ], [ 513193.403129606449511, 5686619.896145347505808 ], [ 513192.973680364899337, 5686622.010356998071074 ] ] ] } },
{ "type": "Feature", "properties": { "id": null, "area_px": null, "aspect_ratio": null, "zone": null }, "geometry": { "type": "Polygon", "coordinates": [ [ [ 513218.542427516134921, 5686602.982452139258385 ], [ 513224.670337847666815, 5686603.923937015235424 ], [ 513224.95113158255117, 5686601.578483465127647 ], [ 513218.889290365099441, 5686600.620481310412288 ], [ 513218.542427516134921, 5686602.982452139258385 ] ] ] } },
{ "type": "Feature", "properties": { "id": 16, "area_px": 30758.0, "aspect_ratio": 8.64, "zone": "yard" }, "geometry": { "type": "Polygon", "coordinates": [ [ [ 513326.888372253684793, 5686652.328700730577111 ], [ 513326.243845440912992, 5686649.983204451389611 ], [ 513338.127262502966914, 5686647.13204856030643 ], [ 513338.771789315796923, 5686649.47754483949393 ], [ 513326.888372253684793, 5686652.328700730577111 ] ] ] } },
{ "type": "Feature", "properties": { "id": null, "area_px": null, "aspect_ratio": null, "zone": null }, "geometry": { "type": "Polygon", "coordinates": [ [ [ 513269.068782513495535, 5686608.813051455654204 ], [ 513274.882864553132094, 5686609.704984495416284 ], [ 513275.180175566521939, 5686607.425600059330463 ], [ 513269.46519719803473, 5686606.467597905546427 ], [ 513269.068782513495535, 5686608.813051455654204 ] ] ] } },
{ "type": "Feature", "properties": { "id": null, "area_px": null, "aspect_ratio": null, "zone": null }, "geometry": { "type": "Polygon", "coordinates": [ [ [ 513372.599084287183359, 5686531.809498981572688 ], [ 513375.175779736542609, 5686543.536766732111573 ], [ 513377.818544299982022, 5686543.074282933026552 ], [ 513375.043641508382279, 5686531.181842397898436 ], [ 513372.599084287183359, 5686531.809498981572688 ] ] ] } },
{ "type": "Feature", "properties": { "id": null, "area_px": null, "aspect_ratio": null, "zone": null }, "geometry": { "type": "Polygon", "coordinates": [ [ [ 513437.875369005778339, 5686611.874253733083606 ], [ 513438.492014070565347, 5686613.900373231619596 ], [ 513450.032085997401737, 5686610.685009679757059 ], [ 513449.503533084702212, 5686608.39461372513324 ], [ 513437.875369005778339, 5686611.874253733083606 ] ] ] } },
{ "type": "Feature", "properties": { "id": 27, "area_px": 27548.0, "aspect_ratio": 8.89, "zone": "yard" }, "geometry": { "type": "Polygon", "coordinates": [ [ [ 513358.924853515636642, 5686529.217919921502471 ], [ 513364.559716796851717, 5686554.105322265997529 ], [ 513367.357763671898283, 5686553.471826171502471 ], [ 513361.722900390625, 5686528.584423827938735 ], [ 513358.924853515636642, 5686529.217919921502471 ] ] ] } },
{ "type": "Feature", "properties": { "id": null, "area_px": null, "aspect_ratio": null, "zone": null }, "geometry": { "type": "Polygon", "coordinates": [ [ [ 513437.478954321297351, 5686609.407673474401236 ], [ 513438.007507233996876, 5686611.34570082090795 ], [ 513449.503533084702212, 5686608.17438334506005 ], [ 513448.886888019915204, 5686606.016125617548823 ], [ 513437.478954321297351, 5686609.407673474401236 ] ] ] } },
{ "type": "Feature", "properties": { "id": 31, "area_px": 26443.0, "aspect_ratio": 2.47, "zone": "yard" }, "geometry": { "type": "Polygon", "coordinates": [ [ [ 513232.010693359363358, 5686525.524609374813735 ], [ 513244.7353515625, 5686527.49169921875 ], [ 513245.531689453113358, 5686522.340429687872529 ], [ 513232.807031249976717, 5686520.373339843936265 ], [ 513232.010693359363358, 5686525.524609374813735 ] ] ] } },
{ "type": "Feature", "properties": { "id": 32, "area_px": 26033.0, "aspect_ratio": 2.5, "zone": "yard" }, "geometry": { "type": "Polygon", "coordinates": [ [ [ 513203.419042968773283, 5686518.179296875372529 ], [ 513216.138769531273283, 5686520.187695312313735 ], [ 513216.943505859351717, 5686515.091113281436265 ], [ 513204.223779296851717, 5686513.082714843563735 ], [ 513203.419042968773283, 5686518.179296875372529 ] ] ] } },
{ "type": "Feature", "properties": { "id": 33, "area_px": 25817.0, "aspect_ratio": 7.25, "zone": "yard" }, "geometry": { "type": "Polygon", "coordinates": [ [ [ 513276.583251953125, 5686721.6781005859375 ], [ 513277.145947265613358, 5686724.193676757626235 ], [ 513289.396046633482911, 5686721.537971620447934 ], [ 513289.352000557410065, 5686721.44987946934998 ], [ 513288.826091078692116, 5686718.921016070991755 ], [ 513276.583251953125, 5686721.6781005859375 ] ] ] } },
{ "type": "Feature", "properties": { "id": null, "area_px": null, "aspect_ratio": null, "zone": null }, "geometry": { "type": "Polygon", "coordinates": [ [ [ 513449.283302704396192, 5686602.580531685613096 ], [ 513449.723763465008233, 5686604.738789412193 ], [ 513455.537845504411962, 5686603.020992445759475 ], [ 513454.700970059377141, 5686600.906780795194209 ], [ 513449.283302704396192, 5686602.580531685613096 ] ] ] } },
{ "type": "Feature", "properties": { "id": 35, "area_px": 25798.0, "aspect_ratio": 7.2, "zone": "yard" }, "geometry": { "type": "Polygon", "coordinates": [ [ [ 513209.03514406591421, 5686834.314212976023555 ], [ 513209.523266402131412, 5686836.833905357867479 ], [ 513221.627978515636642, 5686834.211621093563735 ], [ 513221.139856179419439, 5686831.691928711719811 ], [ 513209.03514406591421, 5686834.314212976023555 ] ] ] } },
{ "type": "Feature", "properties": { "id": 38, "area_px": 25594.0, "aspect_ratio": 2.5, "zone": "yard" }, "geometry": { "type": "Polygon", "coordinates": [ [ [ 513246.098166726820637, 5686530.343763535842299 ], [ 513258.86701438302407, 5686532.428431504406035 ], [ 513259.038793945335783, 5686529.906298828311265 ], [ 513246.269946289074142, 5686527.821630859747529 ], [ 513246.098166726820637, 5686530.343763535842299 ] ] ] } },
{ "type": "Feature", "properties": { "id": 42, "area_px": 24955.0, "aspect_ratio": 4.88, "zone": "yard" }, "geometry": { "type": "Polygon", "coordinates": [ [ [ 513182.195397949195467, 5686661.198828125372529 ], [ 513182.739611816417892, 5686663.702246094122529 ], [ 513194.945397949195467, 5686661.048828125 ], [ 513194.40118408203125, 5686658.54541015625 ], [ 513182.195397949195467, 5686661.198828125372529 ] ] ] } },
{ "type": "Feature", "properties": { "id": 43, "area_px": 24455.0, "aspect_ratio": 9.43, "zone": "yard" }, "geometry": { "type": "Polygon", "coordinates": [ [ [ 513299.466650390648283, 5686758.313305663876235 ], [ 513300.026513671851717, 5686760.871020507998765 ], [ 513324.134765625, 5686755.5941162109375 ], [ 513323.574902343738358, 5686753.036401366814971 ], [ 513299.466650390648283, 5686758.313305663876235 ] ] ] } },
{ "type": "Feature", "properties": { "id": 44, "area_px": 24141.0, "aspect_ratio": 2.52, "zone": "yard" }, "geometry": { "type": "Polygon", "coordinates": [ [ [ 513206.060205078101717, 5686649.228295898064971 ], [ 513206.526958450209349, 5686650.996828383766115 ], [ 513218.757378372072708, 5686648.265773695893586 ], [ 513218.290625000023283, 5686646.497241211123765 ], [ 513206.060205078101717, 5686649.228295898064971 ] ] ] } },
{ "type": "Feature", "properties": { "id": 45, "area_px": 24022.0, "aspect_ratio": 9.66, "zone": "yard" }, "geometry": { "type": "Polygon", "coordinates": [ [ [ 513246.994921875011642, 5686884.984606933780015 ], [ 513247.54833984375, 5686887.464831543155015 ], [ 513271.500341796898283, 5686882.12017822265625 ], [ 513270.946923828101717, 5686879.63995361328125 ], [ 513246.994921875011642, 5686884.984606933780015 ] ] ] } },
{ "type": "Feature", "properties": { "id": 47, "area_px": 23276.0, "aspect_ratio": 2.25, "zone": "yard" }, "geometry": { "type": "Polygon", "coordinates": [ [ [ 513260.958696179208346, 5686535.467769550159574 ], [ 513273.357584896672051, 5686537.406787882559001 ], [ 513273.428649459674489, 5686534.765336692333221 ], [ 513261.029760742210783, 5686532.826318359002471 ], [ 513260.958696179208346, 5686535.467769550159574 ] ] ] } },
{ "type": "Feature", "properties": { "id": 48, "area_px": 23023.0, "aspect_ratio": 8.12, "zone": "yard" }, "geometry": { "type": "Polygon", "coordinates": [ [ [ 513396.76865189516684, 5686932.217786952853203 ], [ 513397.3041863408871, 5686934.407669098116457 ], [ 513402.866221107891761, 5686933.254858159460127 ], [ 513402.330686662113294, 5686931.064976014196873 ], [ 513396.76865189516684, 5686932.217786952853203 ] ] ] } },
{ "type": "Feature", "properties": { "id": 49, "area_px": 23023.0, "aspect_ratio": 4.88, "zone": "yard" }, "geometry": { "type": "Polygon", "coordinates": [ [ [ 513149.08258056640625, 5686745.307861328125 ], [ 513149.662365722644608, 5686747.820214843377471 ], [ 513161.932019042957108, 5686744.98876953125 ], [ 513161.35223388671875, 5686742.476416015997529 ], [ 513149.08258056640625, 5686745.307861328125 ] ] ] } },
{ "type": "Feature", "properties": { "id": 52, "area_px": 22369.0, "aspect_ratio": 8.84, "zone": "yard" }, "geometry": { "type": "Polygon", "coordinates": [ [ [ 513272.299462890601717, 5686747.080908203497529 ], [ 513272.874169921851717, 5686749.571337890811265 ], [ 513294.901123046875, 5686744.488183593377471 ], [ 513294.326416015625, 5686741.997753906063735 ], [ 513272.299462890601717, 5686747.080908203497529 ] ] ] } },
{ "type": "Feature", "properties": { "id": 53, "area_px": 22128.0, "aspect_ratio": 8.68, "zone": "yard" }, "geometry": { "type": "Polygon", "coordinates": [ [ [ 513309.275522030133288, 5686747.396811075508595 ], [ 513309.847982967621647, 5686749.922982950694859 ], [ 513321.955346679664217, 5686747.244091796688735 ], [ 513321.382885742175858, 5686744.717919921502471 ], [ 513309.275522030133288, 5686747.396811075508595 ] ] ] } },
{ "type": "Feature", "properties": { "id": 54, "area_px": 22083.0, "aspect_ratio": 8.6, "zone": "yard" }, "geometry": { "type": "Polygon", "coordinates": [ [ [ 513403.800537109375, 5686985.580360412597656 ], [ 513404.355517578136642, 5686988.108540344052017 ], [ 513426.085302734398283, 5686983.338591003790498 ], [ 513425.530322265636642, 5686980.810411071404815 ], [ 513403.800537109375, 5686985.580360412597656 ] ] ] } },
{ "type": "Feature", "properties": { "id": 56, "area_px": 21363.0, "aspect_ratio": 8.34, "zone": "yard" }, "geometry": { "type": "Polygon", "coordinates": [ [ [ 513231.744350607623346, 5686820.221573147922754 ], [ 513232.315249045146629, 5686822.740176663734019 ], [ 513244.119531249976717, 5686820.180249023251235 ], [ 513243.548632812511642, 5686817.661645507439971 ], [ 513231.744350607623346, 5686820.221573147922754 ] ] ] } },
{ "type": "Feature", "properties": { "id": 57, "area_px": 20933.0, "aspect_ratio": 5.0, "zone": "yard" }, "geometry": { "type": "Polygon", "coordinates": [ [ [ 513307.042553710925858, 5686738.868896484375 ], [ 513307.585766601550858, 5686741.563720703125 ], [ 513321.051049804664217, 5686738.849365234375 ], [ 513320.507836914039217, 5686736.154541015625 ], [ 513307.042553710925858, 5686738.868896484375 ] ] ] } },
{ "type": "Feature", "properties": { "id": 59, "area_px": 20816.0, "aspect_ratio": 4.85, "zone": "yard" }, "geometry": { "type": "Polygon", "coordinates": [ [ [ 513207.842089843761642, 5686659.760571288876235 ], [ 513208.412060546863358, 5686662.2735595703125 ], [ 513220.6123046875, 5686659.5064697265625 ], [ 513220.042333984398283, 5686656.993481445126235 ], [ 513207.842089843761642, 5686659.760571288876235 ] ] ] } },
{ "type": "Feature", "properties": { "id": 60, "area_px": 20443.0, "aspect_ratio": 7.79, "zone": "yard" }, "geometry": { "type": "Polygon", "coordinates": [ [ [ 513251.779223632824142, 5686666.309301758185029 ], [ 513252.349926757800858, 5686668.872485351748765 ], [ 513264.113598980242386, 5686666.161042499355972 ], [ 513263.761230371834245, 5686665.28012097813189 ], [ 513263.408861763367895, 5686663.694462239742279 ], [ 513251.779223632824142, 5686666.309301758185029 ] ] ] } },
{ "type": "Feature", "properties": { "id": 61, "area_px": 20405.0, "aspect_ratio": 7.63, "zone": "yard" }, "geometry": { "type": "Polygon", "coordinates": [ [ [ 513275.133007812488358, 5686713.312353515997529 ], [ 513275.710009765636642, 5686715.891845703125 ], [ 513287.687395675107837, 5686713.206322356127203 ], [ 513287.110393722017761, 5686710.626830168999732 ], [ 513275.133007812488358, 5686713.312353515997529 ] ] ] } },
{ "type": "Feature", "properties": { "id": 62, "area_px": 20205.0, "aspect_ratio": 4.69, "zone": "yard" }, "geometry": { "type": "Polygon", "coordinates": [ [ [ 513230.471044921898283, 5686816.291296387091279 ], [ 513231.0634765625, 5686818.858435058966279 ], [ 513243.095800781273283, 5686816.081750487908721 ], [ 513242.503369140613358, 5686813.514611816033721 ], [ 513230.471044921898283, 5686816.291296387091279 ] ] ] } },
{ "type": "Feature", "properties": { "id": 63, "area_px": 20135.0, "aspect_ratio": 4.97, "zone": "yard" }, "geometry": { "type": "Polygon", "coordinates": [ [ [ 513405.071850585925858, 5686993.936565017327666 ], [ 513405.641674804675858, 5686996.378608703613281 ], [ 513417.782324218773283, 5686993.545783996582031 ], [ 513417.212500000023283, 5686991.103740692138672 ], [ 513405.071850585925858, 5686993.936565017327666 ] ] ] } },
{ "type": "Feature", "properties": { "id": 65, "area_px": 19446.0, "aspect_ratio": 7.39, "zone": "yard" }, "geometry": { "type": "Polygon", "coordinates": [ [ [ 513153.372345543757547, 5686706.63203524146229 ], [ 513153.956622887460981, 5686709.29780672583729 ], [ 513166.081552290765103, 5686706.69758611638099 ], [ 513165.497274947003461, 5686704.03181463200599 ], [ 513153.372345543757547, 5686706.63203524146229 ] ] ] } },
{ "type": "Feature", "properties": { "id": 66, "area_px": 18896.0, "aspect_ratio": 6.12, "zone": "yard" }, "geometry": { "type": "Polygon", "coordinates": [ [ [ 513228.339890816539992, 5686918.845906536094844 ], [ 513228.979929879074916, 5686921.704854290001094 ], [ 513240.605883789074142, 5686919.233007812872529 ], [ 513239.965844726539217, 5686916.374060058966279 ], [ 513228.339890816539992, 5686918.845906536094844 ] ] ] } },
{ "type": "Feature", "properties": { "id": 69, "area_px": 18266.0, "aspect_ratio": 8.29, "zone": "yard" }, "geometry": { "type": "Polygon", "coordinates": [ [ [ 513231.757824062835425, 5686875.388037770986557 ], [ 513232.281554531597067, 5686877.901856129989028 ], [ 513243.959228515625, 5686875.454333496280015 ], [ 513243.435498046863358, 5686872.940515136346221 ], [ 513231.757824062835425, 5686875.388037770986557 ] ] ] } },
{ "type": "Feature", "properties": { "id": null, "area_px": null, "aspect_ratio": null, "zone": null }, "geometry": { "type": "Polygon", "coordinates": [ [ [ 513451.133237898699008, 5686607.866060812026262 ], [ 513451.617744735325687, 5686609.892180310562253 ], [ 513463.289954890264198, 5686606.412540301680565 ], [ 513462.541171597316861, 5686604.122144347056746 ], [ 513451.133237898699008, 5686607.866060812026262 ] ] ] } },
{ "type": "Feature", "properties": { "id": 71, "area_px": 18038.0, "aspect_ratio": 6.0, "zone": "yard" }, "geometry": { "type": "Polygon", "coordinates": [ [ [ 513378.137339756707661, 5686556.515109648928046 ], [ 513380.809765624988358, 5686568.479785156436265 ], [ 513383.661914062511642, 5686567.836328124627471 ], [ 513380.989488194172736, 5686555.871652618050575 ], [ 513378.137339756707661, 5686556.515109648928046 ] ] ] } },
{ "type": "Feature", "properties": { "id": 72, "area_px": 18037.0, "aspect_ratio": 6.81, "zone": "yard" }, "geometry": { "type": "Polygon", "coordinates": [ [ [ 513321.231645062216558, 5686685.410611239261925 ], [ 513321.795805218454916, 5686687.999185457825661 ], [ 513340.748291015625, 5686683.936279296875 ], [ 513340.184130859386642, 5686681.347705078311265 ], [ 513321.231645062216558, 5686685.410611239261925 ] ] ] } },
{ "type": "Feature", "properties": { "id": 73, "area_px": 17855.0, "aspect_ratio": 3.85, "zone": "ship" }, "geometry": { "type": "Polygon", "coordinates": [ [ [ 513473.349609375, 5686864.52947998046875 ], [ 513476.155557084362954, 5686877.279186567291617 ], [ 513479.557510209328029, 5686876.516320357099175 ], [ 513476.751562500023283, 5686863.766613769344985 ], [ 513473.349609375, 5686864.52947998046875 ] ] ] } },
{ "type": "Feature", "properties": { "id": null, "area_px": null, "aspect_ratio": null, "zone": null }, "geometry": { "type": "Polygon", "coordinates": [ [ [ 513398.806499543599784, 5686653.497795609757304 ], [ 513399.819559292925987, 5686657.24171207472682 ], [ 513402.330185628146864, 5686656.845297390595078 ], [ 513401.361171954893507, 5686652.881150545552373 ], [ 513398.806499543599784, 5686653.497795609757304 ] ] ] } },
{ "type": "Feature", "properties": { "id": 75, "area_px": 17583.0, "aspect_ratio": 5.69, "zone": "yard" }, "geometry": { "type": "Polygon", "coordinates": [ [ [ 513349.342756140977144, 5686696.673961687833071 ], [ 513349.7577681154944, 5686699.303755769506097 ], [ 513362.088574218738358, 5686696.511132812127471 ], [ 513361.465917968773283, 5686693.723583984188735 ], [ 513349.342756140977144, 5686696.673961687833071 ] ] ] } },
{ "type": "Feature", "properties": { "id": null, "area_px": null, "aspect_ratio": null, "zone": null }, "geometry": { "type": "Polygon", "coordinates": [ [ [ 513402.858738540788181, 5686653.321611305698752 ], [ 513403.387291453487705, 5686655.876283717341721 ], [ 513405.941963864781428, 5686655.479869032278657 ], [ 513405.237226647848729, 5686652.925196621567011 ], [ 513402.858738540788181, 5686653.321611305698752 ] ] ] } },
{ "type": "Feature", "properties": { "id": 77, "area_px": 17448.0, "aspect_ratio": 4.74, "zone": "yard" }, "geometry": { "type": "Polygon", "coordinates": [ [ [ 513145.662353515625, 5686669.430566405877471 ], [ 513146.205883789050858, 5686671.87646484375 ], [ 513157.8052978515625, 5686669.298828125 ], [ 513157.261767578136642, 5686666.852929687127471 ], [ 513145.662353515625, 5686669.430566405877471 ] ] ] } },
{ "type": "Feature", "properties": { "id": 78, "area_px": 17430.0, "aspect_ratio": 8.27, "zone": "yard" }, "geometry": { "type": "Polygon", "coordinates": [ [ [ 513227.276171875011642, 5686799.38726806640625 ], [ 513227.797998046851717, 5686801.969030762091279 ], [ 513239.86199083388783, 5686799.59006592258811 ], [ 513239.340164662047755, 5686797.008291020058095 ], [ 513227.276171875011642, 5686799.38726806640625 ] ] ] } },
{ "type": "Feature", "properties": { "id": 81, "area_px": 17277.0, "aspect_ratio": 5.52, "zone": "ship" }, "geometry": { "type": "Polygon", "coordinates": [ [ [ 513487.946582031261642, 5686909.467797851189971 ], [ 513491.365234375, 5686924.770532226189971 ], [ 513494.134960937488358, 5686924.151757812127471 ], [ 513490.71630859375, 5686908.849023437127471 ], [ 513487.946582031261642, 5686909.467797851189971 ] ] ] } },
{ "type": "Feature", "properties": { "id": 83, "area_px": 17231.0, "aspect_ratio": 3.69, "zone": "yard" }, "geometry": { "type": "Polygon", "coordinates": [ [ [ 513179.62823486328125, 5686707.827050780877471 ], [ 513180.301324351748917, 5686710.371422227472067 ], [ 513192.491770240245387, 5686707.713815916329622 ], [ 513191.81868075177772, 5686705.169444469735026 ], [ 513179.62823486328125, 5686707.827050780877471 ] ] ] } },
{ "type": "Feature", "properties": { "id": 87, "area_px": 17118.0, "aspect_ratio": 4.15, "zone": "ship" }, "geometry": { "type": "Polygon", "coordinates": [ [ [ 513458.388916015625, 5686808.618823242373765 ], [ 513461.361376953136642, 5686821.859692382626235 ], [ 513464.553564453148283, 5686821.14306640625 ], [ 513461.581103515636642, 5686807.902197265997529 ], [ 513458.388916015625, 5686808.618823242373765 ] ] ] } },
{ "type": "Feature", "properties": { "id": 90, "area_px": 16905.0, "aspect_ratio": 4.79, "zone": "yard" }, "geometry": { "type": "Polygon", "coordinates": [ [ [ 513469.678955078125, 5686524.697021484375 ], [ 513472.156982421875, 5686525.051025390625 ], [ 513473.852001953113358, 5686513.185986327938735 ], [ 513471.373974609363358, 5686512.831982421688735 ], [ 513469.678955078125, 5686524.697021484375 ] ] ] } },
{ "type": "Feature", "properties": { "id": 91, "area_px": 16821.0, "aspect_ratio": 5.58, "zone": "ship" }, "geometry": { "type": "Polygon", "coordinates": [ [ [ 513493.531005859375, 5686908.315484618768096 ], [ 513496.929345703101717, 5686923.453607177361846 ], [ 513499.641650390636642, 5686922.844720458611846 ], [ 513496.243310546851717, 5686907.706597900018096 ], [ 513493.531005859375, 5686908.315484618768096 ] ] ] } },
{ "type": "Feature", "properties": { "id": 92, "area_px": 16739.0, "aspect_ratio": 4.57, "zone": "yard" }, "geometry": { "type": "Polygon", "coordinates": [ [ [ 513000.988815689110197, 5686940.888769531622529 ], [ 513002.56838569638785, 5686943.5345458984375 ], [ 513014.650173950183671, 5686936.321533203125 ], [ 513013.070603942847811, 5686933.675756836310029 ], [ 513000.988815689110197, 5686940.888769531622529 ] ] ] } },
{ "type": "Feature", "properties": { "id": 93, "area_px": 16682.0, "aspect_ratio": 6.39, "zone": "yard" }, "geometry": { "type": "Polygon", "coordinates": [ [ [ 513255.442163085914217, 5686682.969921874813735 ], [ 513256.011694335960783, 5686685.518603515811265 ], [ 513268.152759671385866, 5686682.717197710648179 ], [ 513267.583228421397507, 5686680.168516070581973 ], [ 513255.442163085914217, 5686682.969921874813735 ] ] ] } },
{ "type": "Feature", "properties": { "id": 94, "area_px": 16544.0, "aspect_ratio": 4.96, "zone": "yard" }, "geometry": { "type": "Polygon", "coordinates": [ [ [ 513272.426538085914217, 5686887.905310058966279 ], [ 513273.0072021484375, 5686890.467028808780015 ], [ 513285.710522460925858, 5686887.587609862908721 ], [ 513285.129858398460783, 5686885.025891113094985 ], [ 513272.426538085914217, 5686887.905310058966279 ] ] ] } },
{ "type": "Feature", "properties": { "id": 95, "area_px": 16433.0, "aspect_ratio": 4.39, "zone": "ship" }, "geometry": { "type": "Polygon", "coordinates": [ [ [ 513469.310595703136642, 5686806.047644043341279 ], [ 513472.262353515601717, 5686819.330578613094985 ], [ 513475.285302734351717, 5686818.658825683407485 ], [ 513472.333544921886642, 5686805.375891113653779 ], [ 513469.310595703136642, 5686806.047644043341279 ] ] ] } },
{ "type": "Feature", "properties": { "id": 96, "area_px": 16216.0, "aspect_ratio": 1.33, "zone": "ship" }, "geometry": { "type": "Polygon", "coordinates": [ [ [ 513484.232958984386642, 5686900.89823608379811 ], [ 513485.864697265613358, 5686908.241180419921875 ], [ 513488.831802198314108, 5686907.806946801021695 ], [ 513487.200063917087391, 5686900.464002464897931 ], [ 513484.232958984386642, 5686900.89823608379811 ] ] ] } },
{ "type": "Feature", "properties": { "id": 98, "area_px": 16026.0, "aspect_ratio": 5.81, "zone": "yard" }, "geometry": { "type": "Polygon", "coordinates": [ [ [ 513273.445574851415586, 5686917.805086001753807 ], [ 513274.11237483372679, 5686920.052183168940246 ], [ 513285.214773615123704, 5686917.449630125425756 ], [ 513284.5479736328125, 5686915.20253295917064 ], [ 513273.445574851415586, 5686917.805086001753807 ] ] ] } },
{ "type": "Feature", "properties": { "id": 99, "area_px": 15990.0, "aspect_ratio": 4.98, "zone": "ship" }, "geometry": { "type": "Polygon", "coordinates": [ [ [ 513449.005859375, 5686753.6534423828125 ], [ 513452.495019531226717, 5686768.116381836123765 ], [ 513455.401953125023283, 5686767.415112304501235 ], [ 513451.912792968738358, 5686752.952172851189971 ], [ 513449.005859375, 5686753.6534423828125 ] ] ] } },
{ "type": "Feature", "properties": { "id": 101, "area_px": 15862.0, "aspect_ratio": 3.92, "zone": "yard" }, "geometry": { "type": "Polygon", "coordinates": [ [ [ 513412.597314453101717, 5686556.333740234375 ], [ 513413.136474609375, 5686559.568896484561265 ], [ 513425.817529296851717, 5686557.455419922247529 ], [ 513425.278369140636642, 5686554.220263672061265 ], [ 513412.597314453101717, 5686556.333740234375 ] ] ] } },
{ "type": "Feature", "properties": { "id": 103, "area_px": 15622.0, "aspect_ratio": 4.29, "zone": "yard" }, "geometry": { "type": "Polygon", "coordinates": [ [ [ 513247.696801757789217, 5686777.903295898810029 ], [ 513248.380346679710783, 5686780.902612304314971 ], [ 513261.233862304710783, 5686777.973217773251235 ], [ 513260.550317382789217, 5686774.973901366814971 ], [ 513247.696801757789217, 5686777.903295898810029 ] ] ] } },
{ "type": "Feature", "properties": { "id": 104, "area_px": 15545.0, "aspect_ratio": 4.13, "zone": "ship" }, "geometry": { "type": "Polygon", "coordinates": [ [ [ 513470.213720703148283, 5686864.95465087890625 ], [ 513473.057568359363358, 5686877.574353027157485 ], [ 513476.114306640636642, 5686876.885510253719985 ], [ 513473.270458984363358, 5686864.26580810546875 ], [ 513470.213720703148283, 5686864.95465087890625 ] ] ] } },
{ "type": "Feature", "properties": { "id": 105, "area_px": 15361.0, "aspect_ratio": 4.33, "zone": "ship" }, "geometry": { "type": "Polygon", "coordinates": [ [ [ 513483.66357421875, 5686928.258312988094985 ], [ 513486.623730468738358, 5686941.242773437872529 ], [ 513489.62255859375, 5686940.559106444939971 ], [ 513486.662402343761642, 5686927.57464599609375 ], [ 513483.66357421875, 5686928.258312988094985 ] ] ] } },
{ "type": "Feature", "properties": { "id": 106, "area_px": 15347.0, "aspect_ratio": 4.53, "zone": "yard" }, "geometry": { "type": "Polygon", "coordinates": [ [ [ 513214.178173828113358, 5686913.68654174823314 ], [ 513214.711621093738358, 5686916.19523315411061 ], [ 513226.077001953148283, 5686913.778448486700654 ], [ 513225.543554687523283, 5686911.26975707989186 ], [ 513214.178173828113358, 5686913.68654174823314 ] ] ] } },
{ "type": "Feature", "properties": { "id": 107, "area_px": 15284.0, "aspect_ratio": 4.0, "zone": "ship" }, "geometry": { "type": "Polygon", "coordinates": [ [ [ 513464.518457031226717, 5686831.458654785528779 ], [ 513467.295117187488358, 5686844.78643798828125 ], [ 513470.625585937523283, 5686844.09259033203125 ], [ 513467.848925781261642, 5686830.764807129278779 ], [ 513464.518457031226717, 5686831.458654785528779 ] ] ] } },
{ "type": "Feature", "properties": { "id": 108, "area_px": 15258.0, "aspect_ratio": 4.83, "zone": "ship" }, "geometry": { "type": "Polygon", "coordinates": [ [ [ 513461.679492187511642, 5686832.0421142578125 ], [ 513464.69189453125, 5686845.430566405877471 ], [ 513467.464062499988358, 5686844.806835937313735 ], [ 513464.45166015625, 5686831.418383789248765 ], [ 513461.679492187511642, 5686832.0421142578125 ] ] ] } },
{ "type": "Feature", "properties": { "id": 110, "area_px": 15109.0, "aspect_ratio": 6.02, "zone": "yard" }, "geometry": { "type": "Polygon", "coordinates": [ [ [ 513310.518603515636642, 5686751.593823242001235 ], [ 513311.07763671875, 5686754.089428710751235 ], [ 513322.139905889576767, 5686751.604432264342904 ], [ 513321.580872686463408, 5686749.108826795592904 ], [ 513310.518603515636642, 5686751.593823242001235 ] ] ] } },
{ "type": "Feature", "properties": { "id": 111, "area_px": 15099.0, "aspect_ratio": 6.12, "zone": "yard" }, "geometry": { "type": "Polygon", "coordinates": [ [ [ 513256.4443359375, 5686869.732617187313735 ], [ 513256.964208984398283, 5686872.2301025390625 ], [ 513272.2392578125, 5686869.050390625372529 ], [ 513271.719384765601717, 5686866.552905273623765 ], [ 513256.4443359375, 5686869.732617187313735 ] ] ] } },
{ "type": "Feature", "properties": { "id": 112, "area_px": 15088.0, "aspect_ratio": 3.96, "zone": "yard" }, "geometry": { "type": "Polygon", "coordinates": [ [ [ 513212.093806579010561, 5686932.224117790348828 ], [ 513212.592358398425858, 5686934.662164306268096 ], [ 513224.7615966796875, 5686931.873382568359375 ], [ 513223.920178011409007, 5686929.4602265143767 ], [ 513212.093806579010561, 5686932.224117790348828 ] ] ] } },
{ "type": "Feature", "properties": { "id": 114, "area_px": 15037.0, "aspect_ratio": 4.9, "zone": "ship" }, "geometry": { "type": "Polygon", "coordinates": [ [ [ 513480.813867187476717, 5686928.476696777157485 ], [ 513483.888281250023283, 5686941.951940918341279 ], [ 513486.64111328125, 5686941.323864745907485 ], [ 513483.566699218761642, 5686927.848620605655015 ], [ 513480.813867187476717, 5686928.476696777157485 ] ] ] } },
{ "type": "Feature", "properties": { "id": 115, "area_px": 15028.0, "aspect_ratio": 4.22, "zone": "yard" }, "geometry": { "type": "Polygon", "coordinates": [ [ [ 513128.70485951018054, 5686771.573026013560593 ], [ 513128.969116877997294, 5686773.902032137848437 ], [ 513134.814439127629157, 5686772.574778500013053 ], [ 513134.550181759812403, 5686770.24577237572521 ], [ 513128.70485951018054, 5686771.573026013560593 ] ] ] } },
{ "type": "Feature", "properties": { "id": 116, "area_px": 15017.0, "aspect_ratio": 4.88, "zone": "ship" }, "geometry": { "type": "Polygon", "coordinates": [ [ [ 513458.932470703148283, 5686832.677685546688735 ], [ 513461.944384765636642, 5686846.063769531436265 ], [ 513464.685595703136642, 5686845.446997070685029 ], [ 513461.673681640648283, 5686832.0609130859375 ], [ 513458.932470703148283, 5686832.677685546688735 ] ] ] } },
{ "type": "Feature", "properties": { "id": 117, "area_px": 14994.0, "aspect_ratio": 4.87, "zone": "ship" }, "geometry": { "type": "Polygon", "coordinates": [ [ [ 513486.785888671875, 5686877.16790771484375 ], [ 513489.739013671875, 5686890.50177001953125 ], [ 513492.477783203125, 5686889.895178223028779 ], [ 513489.524658203125, 5686876.561315918341279 ], [ 513486.785888671875, 5686877.16790771484375 ] ] ] } },
{ "type": "Feature", "properties": { "id": 120, "area_px": 14901.0, "aspect_ratio": 6.83, "zone": "yard" }, "geometry": { "type": "Polygon", "coordinates": [ [ [ 513208.426904296851717, 5686829.802722168155015 ], [ 513208.971093749976717, 5686832.309240723028779 ], [ 513220.980102430447005, 5686829.728898696601391 ], [ 513221.024148506578058, 5686829.772944772616029 ], [ 513220.515319590398576, 5686827.277366613037884 ], [ 513208.426904296851717, 5686829.802722168155015 ] ] ] } },
{ "type": "Feature", "properties": { "id": 121, "area_px": 14833.0, "aspect_ratio": 6.72, "zone": "yard" }, "geometry": { "type": "Polygon", "coordinates": [ [ [ 513276.945776367210783, 5686776.139550780877471 ], [ 513277.485815429710783, 5686778.802197265438735 ], [ 513289.902576507884078, 5686776.353313267230988 ], [ 513289.197839291067794, 5686773.798640856519341 ], [ 513276.945776367210783, 5686776.139550780877471 ] ] ] } },
{ "type": "Feature", "properties": { "id": 122, "area_px": 14760.0, "aspect_ratio": 4.93, "zone": "ship" }, "geometry": { "type": "Polygon", "coordinates": [ [ [ 513484.067822265613358, 5686877.750439452938735 ], [ 513487.002197265625, 5686891.057470703497529 ], [ 513489.701904296875, 5686890.462133789435029 ], [ 513486.767529296863358, 5686877.155102538876235 ], [ 513484.067822265613358, 5686877.750439452938735 ] ] ] } },
{ "type": "Feature", "properties": { "id": 123, "area_px": 14754.0, "aspect_ratio": 4.87, "zone": "ship" }, "geometry": { "type": "Polygon", "coordinates": [ [ [ 513455.658398437488358, 5686809.229052734561265 ], [ 513458.6494140625, 5686822.4525146484375 ], [ 513461.366894531238358, 5686821.837841796688735 ], [ 513458.375878906226717, 5686808.6143798828125 ], [ 513455.658398437488358, 5686809.229052734561265 ] ] ] } },
{ "type": "Feature", "properties": { "id": 124, "area_px": 14750.0, "aspect_ratio": 5.06, "zone": "ship" }, "geometry": { "type": "Polygon", "coordinates": [ [ [ 513457.348193359386642, 5686751.9647216796875 ], [ 513460.409814453101717, 5686765.6029052734375 ], [ 513463.102685546851717, 5686764.998364257626235 ], [ 513460.041064453136642, 5686751.360180663876235 ], [ 513457.348193359386642, 5686751.9647216796875 ] ] ] } },
{ "type": "Feature", "properties": { "id": 125, "area_px": 14727.0, "aspect_ratio": 4.84, "zone": "ship" }, "geometry": { "type": "Polygon", "coordinates": [ [ [ 513481.323828125023283, 5686878.375024413689971 ], [ 513484.250292968761642, 5686891.637500000186265 ], [ 513486.988574218761642, 5686891.033276367001235 ], [ 513484.062109375023283, 5686877.770800781436265 ], [ 513481.323828125023283, 5686878.375024413689971 ] ] ] } },
{ "type": "Feature", "properties": { "id": 127, "area_px": 14646.0, "aspect_ratio": 5.13, "zone": "yard" }, "geometry": { "type": "Polygon", "coordinates": [ [ [ 513048.326016235339921, 5686948.847570801153779 ], [ 513050.440115356468596, 5686950.531018066219985 ], [ 513059.0811767578125, 5686939.679455566219985 ], [ 513056.967077636742033, 5686937.996008301153779 ], [ 513048.326016235339921, 5686948.847570801153779 ] ] ] } },
{ "type": "Feature", "properties": { "id": 128, "area_px": 14636.0, "aspect_ratio": 6.7, "zone": "yard" }, "geometry": { "type": "Polygon", "coordinates": [ [ [ 513251.495481191959698, 5686905.320094102993608 ], [ 513252.070090566936415, 5686907.818983262404799 ], [ 513263.302563476550858, 5686905.33551025390625 ], [ 513262.727954101574142, 5686902.836621093563735 ], [ 513251.495481191959698, 5686905.320094102993608 ] ] ] } },
{ "type": "Feature", "properties": { "id": 129, "area_px": 14616.0, "aspect_ratio": 4.88, "zone": "ship" }, "geometry": { "type": "Polygon", "coordinates": [ [ [ 513489.548583984375, 5686876.570483398623765 ], [ 513492.452880859375, 5686889.863232421688735 ], [ 513495.174267578113358, 5686889.268652344122529 ], [ 513492.269970703113358, 5686875.975903320126235 ], [ 513489.548583984375, 5686876.570483398623765 ] ] ] } },
{ "type": "Feature", "properties": { "id": 130, "area_px": 14593.0, "aspect_ratio": 4.43, "zone": "yard" }, "geometry": { "type": "Polygon", "coordinates": [ [ [ 513104.990246582019608, 5686876.694873047061265 ], [ 513109.40936279296875, 5686888.939477538689971 ], [ 513112.176403808582108, 5686887.940844726748765 ], [ 513107.757287597632967, 5686875.696240234188735 ], [ 513104.990246582019608, 5686876.694873047061265 ] ] ] } },
{ "type": "Feature", "properties": { "id": 131, "area_px": 14537.0, "aspect_ratio": 5.12, "zone": "ship" }, "geometry": { "type": "Polygon", "coordinates": [ [ [ 513451.94140625, 5686752.935400390997529 ], [ 513455.019140625023283, 5686766.723828124813735 ], [ 513457.713476562523283, 5686766.122412109747529 ], [ 513454.6357421875, 5686752.333984375 ], [ 513451.94140625, 5686752.935400390997529 ] ] ] } },
{ "type": "Feature", "properties": { "id": 132, "area_px": 14526.0, "aspect_ratio": 5.0, "zone": "ship" }, "geometry": { "type": "Polygon", "coordinates": [ [ [ 513472.479150390601717, 5686805.686999511905015 ], [ 513475.446044921875, 5686819.130529785528779 ], [ 513478.136767578136642, 5686818.536730957217515 ], [ 513475.169873046863358, 5686805.09320068359375 ], [ 513472.479150390601717, 5686805.686999511905015 ] ] ] } },
{ "type": "Feature", "properties": { "id": 133, "area_px": 14525.0, "aspect_ratio": 4.66, "zone": "ship" }, "geometry": { "type": "Polygon", "coordinates": [ [ [ 513491.77587890625, 5686859.483605956658721 ], [ 513494.72216796875, 5686872.55767822265625 ], [ 513497.5302734375, 5686871.92486572265625 ], [ 513494.583984375, 5686858.850793456658721 ], [ 513491.77587890625, 5686859.483605956658721 ] ] ] } },
{ "type": "Feature", "properties": { "id": 134, "area_px": 14503.0, "aspect_ratio": 4.18, "zone": "yard" }, "geometry": { "type": "Polygon", "coordinates": [ [ [ 513105.445886897621676, 5686696.285507813096046 ], [ 513106.050571290194057, 5686698.49658780079335 ], [ 513117.669317293388303, 5686696.182309126481414 ], [ 513117.064632900757715, 5686693.971229138784111 ], [ 513105.445886897621676, 5686696.285507813096046 ] ] ] } },
{ "type": "Feature", "properties": { "id": 136, "area_px": 14391.0, "aspect_ratio": 5.32, "zone": "yard" }, "geometry": { "type": "Polygon", "coordinates": [ [ [ 513445.901025390601717, 5686584.018603515811265 ], [ 513446.585888671863358, 5686586.610400390811265 ], [ 513460.385888671851717, 5686582.964111328125 ], [ 513459.701025390648283, 5686580.372314453125 ], [ 513445.901025390601717, 5686584.018603515811265 ] ] ] } },
{ "type": "Feature", "properties": { "id": 137, "area_px": 14388.0, "aspect_ratio": 4.73, "zone": "ship" }, "geometry": { "type": "Polygon", "coordinates": [ [ [ 513450.194531249988358, 5686740.455590819939971 ], [ 513453.01318359375, 5686753.4825439453125 ], [ 513455.768945312476717, 5686752.886254882439971 ], [ 513452.950292968773283, 5686739.859301757998765 ], [ 513450.194531249988358, 5686740.455590819939971 ] ] ] } },
{ "type": "Feature", "properties": { "id": 138, "area_px": 14361.0, "aspect_ratio": 5.08, "zone": "ship" }, "geometry": { "type": "Polygon", "coordinates": [ [ [ 513489.271777343761642, 5686860.315930175594985 ], [ 513492.231542968773283, 5686873.725476074032485 ], [ 513494.87353515625, 5686873.142321777530015 ], [ 513491.913769531238358, 5686859.732775879092515 ], [ 513489.271777343761642, 5686860.315930175594985 ] ] ] } },
{ "type": "Feature", "properties": { "id": 139, "area_px": 14330.0, "aspect_ratio": 4.28, "zone": "yard" }, "geometry": { "type": "Polygon", "coordinates": [ [ [ 513446.105810546898283, 5686580.755664062686265 ], [ 513446.821044921875, 5686583.757128906436265 ], [ 513459.672509765601717, 5686580.694628906436265 ], [ 513458.957275390625, 5686577.693164062686265 ], [ 513446.105810546898283, 5686580.755664062686265 ] ] ] } },
{ "type": "Feature", "properties": { "id": 140, "area_px": 14270.0, "aspect_ratio": 5.61, "zone": "ship" }, "geometry": { "type": "Polygon", "coordinates": [ [ [ 513490.786279296851717, 5686908.994512939825654 ], [ 513494.164697265601717, 5686924.098028564825654 ], [ 513496.856298828148283, 5686923.49595336895436 ], [ 513493.477880859398283, 5686908.39243774395436 ], [ 513490.786279296851717, 5686908.994512939825654 ] ] ] } },
{ "type": "Feature", "properties": { "id": 141, "area_px": 14222.0, "aspect_ratio": 4.82, "zone": "ship" }, "geometry": { "type": "Polygon", "coordinates": [ [ [ 513452.934912109398283, 5686739.861230468377471 ], [ 513455.737646484398283, 5686752.914013671688735 ], [ 513458.446826171886642, 5686752.332275390625 ], [ 513455.644091796886642, 5686739.279492187313735 ], [ 513452.934912109398283, 5686739.861230468377471 ] ] ] } },
{ "type": "Feature", "properties": { "id": 143, "area_px": 14219.0, "aspect_ratio": 4.6, "zone": "yard" }, "geometry": { "type": "Polygon", "coordinates": [ [ [ 513301.551196289074142, 5686770.705273437313735 ], [ 513302.164135742175858, 5686773.463525390252471 ], [ 513314.843530273414217, 5686770.645898437127471 ], [ 513314.2305908203125, 5686767.887646484188735 ], [ 513301.551196289074142, 5686770.705273437313735 ] ] ] } },
{ "type": "Feature", "properties": { "id": 144, "area_px": 14215.0, "aspect_ratio": 4.8, "zone": "ship" }, "geometry": { "type": "Polygon", "coordinates": [ [ [ 513463.859326171863358, 5686807.308679198846221 ], [ 513466.741943359375, 5686820.323937987908721 ], [ 513469.451611328113358, 5686819.723791504278779 ], [ 513466.568994140601717, 5686806.708532715216279 ], [ 513463.859326171863358, 5686807.308679198846221 ] ] ] } },
{ "type": "Feature", "properties": { "id": 145, "area_px": 14160.0, "aspect_ratio": 6.3, "zone": "ship" }, "geometry": { "type": "Polygon", "coordinates": [ [ [ 513485.585986328136642, 5686910.117620849981904 ], [ 513488.949755859386642, 5686924.964508056640625 ], [ 513491.307666015636642, 5686924.430303955450654 ], [ 513487.943896484386642, 5686909.58341674786061 ], [ 513485.585986328136642, 5686910.117620849981904 ] ] ] } },
{ "type": "Feature", "properties": { "id": 146, "area_px": 14151.0, "aspect_ratio": 4.04, "zone": "yard" }, "geometry": { "type": "Polygon", "coordinates": [ [ [ 513303.533178710960783, 5686773.869726562872529 ], [ 513304.183520507824142, 5686776.803417968563735 ], [ 513316.033471679664217, 5686774.176562500186265 ], [ 513315.383129882800858, 5686771.242871093563735 ], [ 513303.533178710960783, 5686773.869726562872529 ] ] ] } },
{ "type": "Feature", "properties": { "id": 147, "area_px": 14150.0, "aspect_ratio": 4.9, "zone": "ship" }, "geometry": { "type": "Polygon", "coordinates": [ [ [ 513452.988037109375, 5686809.881140137091279 ], [ 513455.907080078148283, 5686822.904455566778779 ], [ 513458.564892578113358, 5686822.308728027157485 ], [ 513455.645849609398283, 5686809.285412597469985 ], [ 513452.988037109375, 5686809.881140137091279 ] ] ] } },
{ "type": "Feature", "properties": { "id": 148, "area_px": 14146.0, "aspect_ratio": 4.93, "zone": "yard" }, "geometry": { "type": "Polygon", "coordinates": [ [ [ 513494.406152343726717, 5686964.25095825176686 ], [ 513497.410449218761642, 5686977.303947448730469 ], [ 513500.05908203125, 5686976.69435424823314 ], [ 513497.054785156273283, 5686963.641363525763154 ], [ 513494.406152343726717, 5686964.25095825176686 ] ] ] } },
{ "type": "Feature", "properties": { "id": 149, "area_px": 14120.0, "aspect_ratio": 4.92, "zone": "yard" }, "geometry": { "type": "Polygon", "coordinates": [ [ [ 513301.5794677734375, 5686716.093530273064971 ], [ 513302.230004882789217, 5686718.7984619140625 ], [ 513314.42089244350791, 5686715.816592684946954 ], [ 513313.770355334156193, 5686713.111661043949425 ], [ 513301.5794677734375, 5686716.093530273064971 ] ] ] } },
{ "type": "Feature", "properties": { "id": 150, "area_px": 14101.0, "aspect_ratio": 3.08, "zone": "yard" }, "geometry": { "type": "Polygon", "coordinates": [ [ [ 513363.938818359398283, 5686816.07470703125 ], [ 513364.502343749976717, 5686818.610595703125 ], [ 513376.539604941674042, 5686815.686048915609717 ], [ 513375.976079551095609, 5686813.150160243734717 ], [ 513363.938818359398283, 5686816.07470703125 ] ] ] } },
{ "type": "Feature", "properties": { "id": 152, "area_px": 14065.0, "aspect_ratio": 3.95, "zone": "ship" }, "geometry": { "type": "Polygon", "coordinates": [ [ [ 513486.830517578113358, 5686928.254418944939971 ], [ 513489.556494140648283, 5686940.248522949405015 ], [ 513492.592822265636642, 5686939.558447265997529 ], [ 513489.866845703101717, 5686927.564343261532485 ], [ 513486.830517578113358, 5686928.254418944939971 ] ] ] } },
{ "type": "Feature", "properties": { "id": 153, "area_px": 14020.0, "aspect_ratio": 5.1, "zone": "yard" }, "geometry": { "type": "Polygon", "coordinates": [ [ [ 513211.976367187511642, 5686905.615148926153779 ], [ 513212.560449218726717, 5686908.271264648064971 ], [ 513224.798100138956215, 5686905.509927645325661 ], [ 513224.214018107682932, 5686902.853811923414469 ], [ 513211.976367187511642, 5686905.615148926153779 ] ] ] } },
{ "type": "Feature", "properties": { "id": 154, "area_px": 13978.0, "aspect_ratio": 5.13, "zone": "ship" }, "geometry": { "type": "Polygon", "coordinates": [ [ [ 513478.701171875, 5686878.938488769344985 ], [ 513481.691601562488358, 5686892.229382324032485 ], [ 513484.282910156238358, 5686891.646325683221221 ], [ 513481.29248046875, 5686878.355432128533721 ], [ 513478.701171875, 5686878.938488769344985 ] ] ] } },
{ "type": "Feature", "properties": { "id": 156, "area_px": 13967.0, "aspect_ratio": 4.91, "zone": "ship" }, "geometry": { "type": "Polygon", "coordinates": [ [ [ 513494.69189453125, 5686859.191918944939971 ], [ 513497.628124999988358, 5686872.228808593936265 ], [ 513500.2822265625, 5686871.631030273623765 ], [ 513497.345996093761642, 5686858.594140624627471 ], [ 513494.69189453125, 5686859.191918944939971 ] ] ] } },
{ "type": "Feature", "properties": { "id": 157, "area_px": 13934.0, "aspect_ratio": 2.03, "zone": "yard" }, "geometry": { "type": "Polygon", "coordinates": [ [ [ 513278.450585937476717, 5686946.06876831036061 ], [ 513280.354199218738358, 5686954.703005981631577 ], [ 513284.59716796875, 5686953.767547607421875 ], [ 513282.693554687488358, 5686945.133312988094985 ], [ 513278.450585937476717, 5686946.06876831036061 ] ] ] } },
{ "type": "Feature", "properties": { "id": 158, "area_px": 13930.0, "aspect_ratio": 4.89, "zone": "ship" }, "geometry": { "type": "Polygon", "coordinates": [ [ [ 513454.829931640648283, 5686753.151440429501235 ], [ 513457.741064453148283, 5686766.119360351935029 ], [ 513460.392138671886642, 5686765.524194335564971 ], [ 513457.481005859386642, 5686752.5562744140625 ], [ 513454.829931640648283, 5686753.151440429501235 ] ] ] } },
{ "type": "Feature", "properties": { "id": 159, "area_px": 13886.0, "aspect_ratio": 5.03, "zone": "ship" }, "geometry": { "type": "Polygon", "coordinates": [ [ [ 513481.914941406226717, 5686828.28076171875 ], [ 513484.908496093761642, 5686841.426293944939971 ], [ 513487.524316406226717, 5686840.830615234561265 ], [ 513484.53076171875, 5686827.685083007439971 ], [ 513481.914941406226717, 5686828.28076171875 ] ] ] } },
{ "type": "Feature", "properties": { "id": 160, "area_px": 13881.0, "aspect_ratio": 2.98, "zone": "yard" }, "geometry": { "type": "Polygon", "coordinates": [ [ [ 513437.434908245224506, 5686608.967212713323534 ], [ 513448.886888019915204, 5686605.619710933417082 ], [ 513448.35833510721568, 5686603.505499281920493 ], [ 513436.994447484670673, 5686606.941093214787543 ], [ 513437.434908245224506, 5686608.967212713323534 ] ] ] } },
{ "type": "Feature", "properties": { "id": 161, "area_px": 13879.0, "aspect_ratio": 4.86, "zone": "ship" }, "geometry": { "type": "Polygon", "coordinates": [ [ [ 513475.158642578113358, 5686805.159228515811265 ], [ 513478.049169921898283, 5686818.112988281063735 ], [ 513480.714794921863358, 5686817.5181884765625 ], [ 513477.824267578136642, 5686804.564428711310029 ], [ 513475.158642578113358, 5686805.159228515811265 ] ] ] } },
{ "type": "Feature", "properties": { "id": 163, "area_px": 13828.0, "aspect_ratio": 4.03, "zone": "ship" }, "geometry": { "type": "Polygon", "coordinates": [ [ [ 513481.057324218738358, 5686805.159558105282485 ], [ 513483.705664062523283, 5686816.98040771484375 ], [ 513486.63671875, 5686816.323742675594985 ], [ 513483.988378906273283, 5686804.502893066033721 ], [ 513481.057324218738358, 5686805.159558105282485 ] ] ] } },
{ "type": "Feature", "properties": { "id": 165, "area_px": 13803.0, "aspect_ratio": 4.89, "zone": "ship" }, "geometry": { "type": "Polygon", "coordinates": [ [ [ 513478.079052734363358, 5686929.211315917782485 ], [ 513481.220751953136642, 5686942.503271484747529 ], [ 513483.936279296875, 5686941.861413573846221 ], [ 513480.794580078101717, 5686928.5694580078125 ], [ 513478.079052734363358, 5686929.211315917782485 ] ] ] } },
{ "type": "Feature", "properties": { "id": 166, "area_px": 13797.0, "aspect_ratio": 4.44, "zone": "yard" }, "geometry": { "type": "Polygon", "coordinates": [ [ [ 513358.918774414050858, 5686529.214990234002471 ], [ 513361.6925048828125, 5686541.395263671875 ], [ 513364.4349365234375, 5686540.770751953125 ], [ 513361.661206054675858, 5686528.590478515252471 ], [ 513358.918774414050858, 5686529.214990234002471 ] ] ] } },
{ "type": "Feature", "properties": { "id": 167, "area_px": 13767.0, "aspect_ratio": 4.79, "zone": "ship" }, "geometry": { "type": "Polygon", "coordinates": [ [ [ 513466.652685546898283, 5686806.754504394717515 ], [ 513469.484912109386642, 5686819.608410644344985 ], [ 513472.167431640613358, 5686819.017346191219985 ], [ 513469.335205078125, 5686806.163439941592515 ], [ 513466.652685546898283, 5686806.754504394717515 ] ] ] } },
{ "type": "Feature", "properties": { "id": 168, "area_px": 13764.0, "aspect_ratio": 4.03, "zone": "yard" }, "geometry": { "type": "Polygon", "coordinates": [ [ [ 513210.725302290753461, 5686927.659726563841105 ], [ 513211.259570312511642, 5686930.154443359002471 ], [ 513217.090725527028553, 5686928.820249359123409 ], [ 513216.556457505328581, 5686926.325532563962042 ], [ 513210.725302290753461, 5686927.659726563841105 ] ] ] } },
{ "type": "Feature", "properties": { "id": 169, "area_px": 13713.0, "aspect_ratio": 4.44, "zone": "yard" }, "geometry": { "type": "Polygon", "coordinates": [ [ [ 513361.717065429664217, 5686541.501757812686265 ], [ 513364.520581054675858, 5686554.11767578125 ], [ 513367.363500976585783, 5686553.485937500372529 ], [ 513364.559985351574142, 5686540.870019530877471 ], [ 513361.717065429664217, 5686541.501757812686265 ] ] ] } },
{ "type": "Feature", "properties": { "id": 170, "area_px": 13690.0, "aspect_ratio": 5.52, "zone": "yard" }, "geometry": { "type": "Polygon", "coordinates": [ [ [ 513224.535393736965489, 5686902.866137028671801 ], [ 513225.098284361942206, 5686905.342760563828051 ], [ 513236.787353515625, 5686902.764245605096221 ], [ 513236.224462890648283, 5686900.287622069939971 ], [ 513224.535393736965489, 5686902.866137028671801 ] ] ] } },
{ "type": "Feature", "properties": { "id": 171, "area_px": 13664.0, "aspect_ratio": 4.69, "zone": "ship" }, "geometry": { "type": "Polygon", "coordinates": [ [ [ 513484.722460937511642, 5686828.267553711310029 ], [ 513487.575390624988358, 5686840.880566406063735 ], [ 513490.26513671875, 5686840.272167968563735 ], [ 513487.412207031273283, 5686827.659155273810029 ], [ 513484.722460937511642, 5686828.267553711310029 ] ] ] } },
{ "type": "Feature", "properties": { "id": 172, "area_px": 13581.0, "aspect_ratio": 4.65, "zone": "yard" }, "geometry": { "type": "Polygon", "coordinates": [ [ [ 513275.417504882789217, 5686535.086865234188735 ], [ 513288.009692382824142, 5686537.135009765625 ], [ 513288.449975585914217, 5686534.427978515625 ], [ 513275.8577880859375, 5686532.379833984188735 ], [ 513275.417504882789217, 5686535.086865234188735 ] ] ] } },
{ "type": "Feature", "properties": { "id": 173, "area_px": 13546.0, "aspect_ratio": 4.46, "zone": "yard" }, "geometry": { "type": "Polygon", "coordinates": [ [ [ 513356.15185546875, 5686516.900097656063735 ], [ 513358.810253906238358, 5686529.117480468936265 ], [ 513361.550439453101717, 5686528.521191406063735 ], [ 513358.892041015613358, 5686516.303808594122529 ], [ 513356.15185546875, 5686516.900097656063735 ] ] ] } },
{ "type": "Feature", "properties": { "id": 174, "area_px": 13534.0, "aspect_ratio": 5.36, "zone": "yard" }, "geometry": { "type": "Polygon", "coordinates": [ [ [ 513402.700048828148283, 5686596.3233642578125 ], [ 513403.2274169921875, 5686598.838598633185029 ], [ 513416.716650390648283, 5686596.010229492560029 ], [ 513416.189257812511642, 5686593.4949951171875 ], [ 513402.700048828148283, 5686596.3233642578125 ] ] ] } },
{ "type": "Feature", "properties": { "id": 176, "area_px": 13513.0, "aspect_ratio": 4.56, "zone": "yard" }, "geometry": { "type": "Polygon", "coordinates": [ [ [ 513209.961474609386642, 5686838.280993652530015 ], [ 513210.560791015625, 5686840.959460449405015 ], [ 513222.775781249976717, 5686838.226428222842515 ], [ 513222.176464843738358, 5686835.547961425967515 ], [ 513209.961474609386642, 5686838.280993652530015 ] ] ] } },
{ "type": "Feature", "properties": { "id": 177, "area_px": 13492.0, "aspect_ratio": 4.59, "zone": "yard" }, "geometry": { "type": "Polygon", "coordinates": [ [ [ 513379.031152343726717, 5686991.029813384637237 ], [ 513379.633447265601717, 5686993.699973297305405 ], [ 513391.8974609375, 5686990.933660125359893 ], [ 513391.295166015625, 5686988.263500213623047 ], [ 513379.031152343726717, 5686991.029813384637237 ] ] ] } },
{ "type": "Feature", "properties": { "id": 178, "area_px": 13481.0, "aspect_ratio": 3.46, "zone": "yard" }, "geometry": { "type": "Polygon", "coordinates": [ [ [ 513368.699487304664217, 5686997.204552841372788 ], [ 513369.3743896484375, 5687000.346244812011719 ], [ 513380.253149414085783, 5686998.009330749511719 ], [ 513379.5782470703125, 5686994.867638778872788 ], [ 513368.699487304664217, 5686997.204552841372788 ] ] ] } },
{ "type": "Feature", "properties": { "id": 179, "area_px": 13456.0, "aspect_ratio": 4.54, "zone": "yard" }, "geometry": { "type": "Polygon", "coordinates": [ [ [ 513273.660205078136642, 5686648.749462890438735 ], [ 513274.27490234375, 5686651.491845702752471 ], [ 513286.725292968738358, 5686648.701220703311265 ], [ 513286.110595703125, 5686645.958837890997529 ], [ 513273.660205078136642, 5686648.749462890438735 ] ] ] } },
{ "type": "Feature", "properties": { "id": 180, "area_px": 13451.0, "aspect_ratio": 4.95, "zone": "yard" }, "geometry": { "type": "Polygon", "coordinates": [ [ [ 513300.641870117164217, 5686711.998022461310029 ], [ 513301.239331054675858, 5686714.587084961123765 ], [ 513314.060375976550858, 5686711.628393555060029 ], [ 513313.462915039039217, 5686709.039331054314971 ], [ 513300.641870117164217, 5686711.998022461310029 ] ] ] } },
{ "type": "Feature", "properties": { "id": 181, "area_px": 13388.0, "aspect_ratio": 4.35, "zone": "yard" }, "geometry": { "type": "Polygon", "coordinates": [ [ [ 513225.0146484375, 5686847.543469238094985 ], [ 513225.642236328101717, 5686850.322717284783721 ], [ 513237.718408203101717, 5686847.595837402157485 ], [ 513237.0908203125, 5686844.81658935546875 ], [ 513225.0146484375, 5686847.543469238094985 ] ] ] } },
{ "type": "Feature", "properties": { "id": 182, "area_px": 13383.0, "aspect_ratio": 4.51, "zone": "yard" }, "geometry": { "type": "Polygon", "coordinates": [ [ [ 513233.726879882800858, 5686828.59661865234375 ], [ 513234.334155273449142, 5686831.311437988653779 ], [ 513246.5887451171875, 5686828.570275878533721 ], [ 513245.981469726539217, 5686825.855456543155015 ], [ 513233.726879882800858, 5686828.59661865234375 ] ] ] } },
{ "type": "Feature", "properties": { "id": 183, "area_px": 13371.0, "aspect_ratio": 4.62, "zone": "yard" }, "geometry": { "type": "Polygon", "coordinates": [ [ [ 513175.911242675792892, 5686692.882031249813735 ], [ 513176.523034667945467, 5686695.533154296688735 ], [ 513188.767126464867033, 5686692.707568359561265 ], [ 513188.15533447265625, 5686690.056445312686265 ], [ 513175.911242675792892, 5686692.882031249813735 ] ] ] } },
{ "type": "Feature", "properties": { "id": 184, "area_px": 13316.0, "aspect_ratio": 4.53, "zone": "yard" }, "geometry": { "type": "Polygon", "coordinates": [ [ [ 513379.698706054710783, 5686995.176695251837373 ], [ 513380.296313476574142, 5686997.886713409796357 ], [ 513392.564135742199142, 5686995.18150024395436 ], [ 513391.966528320335783, 5686992.471482085995376 ], [ 513379.698706054710783, 5686995.176695251837373 ] ] ] } },
{ "type": "Feature", "properties": { "id": 185, "area_px": 13287.0, "aspect_ratio": 4.44, "zone": "yard" }, "geometry": { "type": "Polygon", "coordinates": [ [ [ 513182.524243164050858, 5686945.654675292782485 ], [ 513183.131591796875, 5686948.394799804314971 ], [ 513195.303686523460783, 5686945.696862792596221 ], [ 513194.696337890636642, 5686942.956738281063735 ], [ 513182.524243164050858, 5686945.654675292782485 ] ] ] } },
{ "type": "Feature", "properties": { "id": 187, "area_px": 13268.0, "aspect_ratio": 5.09, "zone": "yard" }, "geometry": { "type": "Polygon", "coordinates": [ [ [ 513174.514868164085783, 5686513.210791015997529 ], [ 513187.479736328125, 5686515.371630859561265 ], [ 513187.904052734375, 5686512.825732422061265 ], [ 513174.939184570335783, 5686510.664892578497529 ], [ 513174.514868164085783, 5686513.210791015997529 ] ] ] } },
{ "type": "Feature", "properties": { "id": 188, "area_px": 13266.0, "aspect_ratio": 2.62, "zone": "yard" }, "geometry": { "type": "Polygon", "coordinates": [ [ [ 513286.1331787109375, 5686957.622933959588408 ], [ 513288.225024414074142, 5686966.949063110165298 ], [ 513291.782055664050858, 5686966.151223754510283 ], [ 513289.690209960914217, 5686956.825094604864717 ], [ 513286.1331787109375, 5686957.622933959588408 ] ] ] } },
{ "type": "Feature", "properties": { "id": 189, "area_px": 13249.0, "aspect_ratio": 4.86, "zone": "yard" }, "geometry": { "type": "Polygon", "coordinates": [ [ [ 513483.645117187523283, 5686951.362499999813735 ], [ 513486.513769531273283, 5686963.94758911151439 ], [ 513489.105566406273283, 5686963.3568115234375 ], [ 513486.236914062523283, 5686950.771722411736846 ], [ 513483.645117187523283, 5686951.362499999813735 ] ] ] } },
{ "type": "Feature", "properties": { "id": 190, "area_px": 13241.0, "aspect_ratio": 4.94, "zone": "yard" }, "geometry": { "type": "Polygon", "coordinates": [ [ [ 513204.326733398425858, 5686513.08349609375 ], [ 513217.034106445324142, 5686515.086621093563735 ], [ 513217.439868164074142, 5686512.5126953125 ], [ 513204.732495117175858, 5686510.509570312686265 ], [ 513204.326733398425858, 5686513.08349609375 ] ] ] } },
{ "type": "Feature", "properties": { "id": 191, "area_px": 13209.0, "aspect_ratio": 4.56, "zone": "yard" }, "geometry": { "type": "Polygon", "coordinates": [ [ [ 513377.797045898449142, 5686986.919590759091079 ], [ 513378.410424804664217, 5686989.589495087042451 ], [ 513390.5777587890625, 5686986.794300842098892 ], [ 513389.964379882789217, 5686984.124395752325654 ], [ 513377.797045898449142, 5686986.919590759091079 ] ] ] } },
{ "type": "Feature", "properties": { "id": 192, "area_px": 13199.0, "aspect_ratio": 4.54, "zone": "yard" }, "geometry": { "type": "Polygon", "coordinates": [ [ [ 513364.638256835925858, 5686554.097070312127471 ], [ 513367.342944335949142, 5686566.268261718563735 ], [ 513370.021752929664217, 5686565.672949219122529 ], [ 513367.317065429699142, 5686553.501757812686265 ], [ 513364.638256835925858, 5686554.097070312127471 ] ] ] } },
{ "type": "Feature", "properties": { "id": 194, "area_px": 13165.0, "aspect_ratio": 4.74, "zone": "yard" }, "geometry": { "type": "Polygon", "coordinates": [ [ [ 513330.015869140625, 5686666.346459960564971 ], [ 513330.598242187523283, 5686668.967065429314971 ], [ 513343.007666015648283, 5686666.209399414248765 ], [ 513342.42529296875, 5686663.588793945498765 ], [ 513330.015869140625, 5686666.346459960564971 ] ] ] } },
{ "type": "Feature", "properties": { "id": 195, "area_px": 13164.0, "aspect_ratio": 4.95, "zone": "yard" }, "geometry": { "type": "Polygon", "coordinates": [ [ [ 513202.994055175804533, 5686520.739794922061265 ], [ 513215.742749023425858, 5686522.748193359002471 ], [ 513216.148583984351717, 5686520.172021484002471 ], [ 513203.399877929710783, 5686518.163623047061265 ], [ 513202.994055175804533, 5686520.739794922061265 ] ] ] } },
{ "type": "Feature", "properties": { "id": 196, "area_px": 13150.0, "aspect_ratio": 4.48, "zone": "yard" }, "geometry": { "type": "Polygon", "coordinates": [ [ [ 513248.973056197050028, 5686923.549136741086841 ], [ 513249.452734375023283, 5686925.968536376953125 ], [ 513261.661425781261642, 5686923.23014526348561 ], [ 513261.181747603288386, 5686920.810745627619326 ], [ 513248.973056197050028, 5686923.549136741086841 ] ] ] } },
{ "type": "Feature", "properties": { "id": 197, "area_px": 13143.0, "aspect_ratio": 4.39, "zone": "yard" }, "geometry": { "type": "Polygon", "coordinates": [ [ [ 513360.393530273460783, 5686555.095898437313735 ], [ 513363.090014648449142, 5686567.22998046875 ], [ 513365.853540039039217, 5686566.615820312872529 ], [ 513363.157055664050858, 5686554.481738281436265 ], [ 513360.393530273460783, 5686555.095898437313735 ] ] ] } },
{ "type": "Feature", "properties": { "id": 198, "area_px": 13123.0, "aspect_ratio": 4.33, "zone": "ship" }, "geometry": { "type": "Polygon", "coordinates": [ [ [ 513487.596240234386642, 5686828.262133789248765 ], [ 513490.307568359363358, 5686840.269262695685029 ], [ 513493.080712890601717, 5686839.64306640625 ], [ 513490.369384765625, 5686827.635937499813735 ], [ 513487.596240234386642, 5686828.262133789248765 ] ] ] } },
{ "type": "Feature", "properties": { "id": 199, "area_px": 13102.0, "aspect_ratio": 4.99, "zone": "yard" }, "geometry": { "type": "Polygon", "coordinates": [ [ [ 513170.68109130859375, 5686536.16357421875 ], [ 513183.459460449230392, 5686538.293261718936265 ], [ 513183.886486816394608, 5686535.731054687872529 ], [ 513171.108117675757967, 5686533.601367187686265 ], [ 513170.68109130859375, 5686536.16357421875 ] ] ] } },
{ "type": "Feature", "properties": { "id": 200, "area_px": 13099.0, "aspect_ratio": 4.87, "zone": "yard" }, "geometry": { "type": "Polygon", "coordinates": [ [ [ 513258.811352539050858, 5686545.688330078497529 ], [ 513271.4097900390625, 5686547.731298828497529 ], [ 513271.828930664050858, 5686545.146533203311265 ], [ 513259.230493164039217, 5686543.103564453311265 ], [ 513258.811352539050858, 5686545.688330078497529 ] ] ] } },
{ "type": "Feature", "properties": { "id": 201, "area_px": 13054.0, "aspect_ratio": 4.69, "zone": "yard" }, "geometry": { "type": "Polygon", "coordinates": [ [ [ 513299.828051757824142, 5686707.741113280877471 ], [ 513300.428051757800858, 5686710.336523437872529 ], [ 513312.594750976539217, 5686707.523779297247529 ], [ 513311.9947509765625, 5686704.928369140252471 ], [ 513299.828051757824142, 5686707.741113280877471 ] ] ] } },
{ "type": "Feature", "properties": { "id": 202, "area_px": 13051.0, "aspect_ratio": 3.54, "zone": "yard" }, "geometry": { "type": "Polygon", "coordinates": [ [ [ 513375.925878906273283, 5686890.166467284783721 ], [ 513376.492919921875, 5686892.718225097283721 ], [ 513385.524707031261642, 5686890.711169433780015 ], [ 513384.957666015601717, 5686888.159411621280015 ], [ 513375.925878906273283, 5686890.166467284783721 ] ] ] } },
{ "type": "Feature", "properties": { "id": 205, "area_px": 12992.0, "aspect_ratio": 4.87, "zone": "yard" }, "geometry": { "type": "Polygon", "coordinates": [ [ [ 513230.1953125, 5686812.202429199591279 ], [ 513230.798144531261642, 5686814.747814941219985 ], [ 513243.189892578113358, 5686811.81292724609375 ], [ 513242.587060546851717, 5686809.267541503533721 ], [ 513230.1953125, 5686812.202429199591279 ] ] ] } },
{ "type": "Feature", "properties": { "id": 207, "area_px": 12974.0, "aspect_ratio": 4.92, "zone": "yard" }, "geometry": { "type": "Polygon", "coordinates": [ [ [ 513171.064746093761642, 5686533.636474609375 ], [ 513183.698291015636642, 5686535.679052734747529 ], [ 513184.113842773425858, 5686533.108837890438735 ], [ 513171.480297851550858, 5686531.066259765997529 ], [ 513171.064746093761642, 5686533.636474609375 ] ] ] } },
{ "type": "Feature", "properties": { "id": 208, "area_px": 12971.0, "aspect_ratio": 4.31, "zone": "yard" }, "geometry": { "type": "Polygon", "coordinates": [ [ [ 513262.941479492175858, 5686962.227029418572783 ], [ 513265.568286132824142, 5686974.160128784365952 ], [ 513268.336938476539217, 5686973.550674438476562 ], [ 513265.710131835949142, 5686961.617575073614717 ], [ 513262.941479492175858, 5686962.227029418572783 ] ] ] } },
{ "type": "Feature", "properties": { "id": 209, "area_px": 12936.0, "aspect_ratio": 4.73, "zone": "yard" }, "geometry": { "type": "Polygon", "coordinates": [ [ [ 513353.090087890625, 5686992.556780243292451 ], [ 513353.663916015648283, 5686995.131750869564712 ], [ 513365.854736328125, 5686992.414939117617905 ], [ 513365.280908203101717, 5686989.839968872256577 ], [ 513353.090087890625, 5686992.556780243292451 ] ] ] } },
{ "type": "Feature", "properties": { "id": 210, "area_px": 12930.0, "aspect_ratio": 4.93, "zone": "yard" }, "geometry": { "type": "Polygon", "coordinates": [ [ [ 513234.160351562488358, 5686512.7802734375 ], [ 513246.764746093773283, 5686514.691796874627471 ], [ 513247.152197265648283, 5686512.137011718936265 ], [ 513234.547802734363358, 5686510.225488280877471 ], [ 513234.160351562488358, 5686512.7802734375 ] ] ] } },
{ "type": "Feature", "properties": { "id": 211, "area_px": 12926.0, "aspect_ratio": 4.73, "zone": "yard" }, "geometry": { "type": "Polygon", "coordinates": [ [ [ 513234.936499023460783, 5686832.790136719122529 ], [ 513235.521459960960783, 5686835.380639648064971 ], [ 513247.7725830078125, 5686832.6142578125 ], [ 513247.1876220703125, 5686830.023754882626235 ], [ 513234.936499023460783, 5686832.790136719122529 ] ] ] } },
{ "type": "Feature", "properties": { "id": 212, "area_px": 12922.0, "aspect_ratio": 4.62, "zone": "yard" }, "geometry": { "type": "Polygon", "coordinates": [ [ [ 513227.3826904296875, 5686689.960034179501235 ], [ 513227.976977539074142, 5686692.605541992001235 ], [ 513240.2110595703125, 5686689.8572998046875 ], [ 513239.616772460925858, 5686687.2117919921875 ], [ 513227.3826904296875, 5686689.960034179501235 ] ] ] } },
{ "type": "Feature", "properties": { "id": 213, "area_px": 12917.0, "aspect_ratio": 5.05, "zone": "yard" }, "geometry": { "type": "Polygon", "coordinates": [ [ [ 513171.885205078113358, 5686528.493994140997529 ], [ 513184.597558593726717, 5686530.584814453497529 ], [ 513185.011669921863358, 5686528.067041015252471 ], [ 513172.29931640625, 5686525.976220702752471 ], [ 513171.885205078113358, 5686528.493994140997529 ] ] ] } },
{ "type": "Feature", "properties": { "id": 214, "area_px": 12914.0, "aspect_ratio": 4.5, "zone": "yard" }, "geometry": { "type": "Polygon", "coordinates": [ [ [ 513174.95794677734375, 5686794.461962890811265 ], [ 513175.544396972632967, 5686797.148681640625 ], [ 513187.645275878894608, 5686794.507373047061265 ], [ 513187.058825683605392, 5686791.820654297247529 ], [ 513174.95794677734375, 5686794.461962890811265 ] ] ] } },
{ "type": "Feature", "properties": { "id": 215, "area_px": 12905.0, "aspect_ratio": 5.07, "zone": "yard" }, "geometry": { "type": "Polygon", "coordinates": [ [ [ 513272.317846679710783, 5686696.572485351935029 ], [ 513272.8692626953125, 5686699.0775146484375 ], [ 513285.571997070335783, 5686696.281323242001235 ], [ 513285.020581054675858, 5686693.776293945498765 ], [ 513272.317846679710783, 5686696.572485351935029 ] ] ] } },
{ "type": "Feature", "properties": { "id": 216, "area_px": 12902.0, "aspect_ratio": 4.99, "zone": "yard" }, "geometry": { "type": "Polygon", "coordinates": [ [ [ 513205.473364257835783, 5686505.406640624627471 ], [ 513218.1514892578125, 5686507.420214843936265 ], [ 513218.555004882800858, 5686504.879589843563735 ], [ 513205.876879882824142, 5686502.866015625186265 ], [ 513205.473364257835783, 5686505.406640624627471 ] ] ] } },
{ "type": "Feature", "properties": { "id": 217, "area_px": 12898.0, "aspect_ratio": 4.54, "zone": "yard" }, "geometry": { "type": "Polygon", "coordinates": [ [ [ 513225.62002108496381, 5686907.420064808800817 ], [ 513226.35233254218474, 5686909.665990877896547 ], [ 513238.451606667134911, 5686907.012713955715299 ], [ 513237.71929520991398, 5686904.766787886619568 ], [ 513225.62002108496381, 5686907.420064808800817 ] ] ] } },
{ "type": "Feature", "properties": { "id": 218, "area_px": 12889.0, "aspect_ratio": 4.75, "zone": "yard" }, "geometry": { "type": "Polygon", "coordinates": [ [ [ 513376.795605468738358, 5686982.87028198223561 ], [ 513377.381738281226717, 5686985.430688476189971 ], [ 513389.552392578101717, 5686982.644631957635283 ], [ 513388.966259765613358, 5686980.084225463680923 ], [ 513376.795605468738358, 5686982.87028198223561 ] ] ] } },
{ "type": "Feature", "properties": { "id": 219, "area_px": 12887.0, "aspect_ratio": 4.53, "zone": "yard" }, "geometry": { "type": "Polygon", "coordinates": [ [ [ 513222.542431640613358, 5686835.532470703125 ], [ 513223.144384765648283, 5686838.196459961123765 ], [ 513235.202050781226717, 5686835.471899414435029 ], [ 513234.60009765625, 5686832.807910156436265 ], [ 513222.542431640613358, 5686835.532470703125 ] ] ] } },
{ "type": "Feature", "properties": { "id": 220, "area_px": 12871.0, "aspect_ratio": 4.9, "zone": "yard" }, "geometry": { "type": "Polygon", "coordinates": [ [ [ 513172.845666503882967, 5686523.43408203125 ], [ 513185.444982910179533, 5686525.507421875372529 ], [ 513185.86773681640625, 5686522.938378905877471 ], [ 513173.268420410167892, 5686520.865039062686265 ], [ 513172.845666503882967, 5686523.43408203125 ] ] ] } },
{ "type": "Feature", "properties": { "id": 221, "area_px": 12868.0, "aspect_ratio": 6.27, "zone": "yard" }, "geometry": { "type": "Polygon", "coordinates": [ [ [ 513272.063915707520209, 5686701.199696002528071 ], [ 513272.680560772249009, 5686703.225815501064062 ], [ 513272.768652924336493, 5686703.313907653093338 ], [ 513285.027905273425858, 5686700.717114257626235 ], [ 513284.462377929710783, 5686698.209545898251235 ], [ 513272.063915707520209, 5686701.199696002528071 ] ] ] } },
{ "type": "Feature", "properties": { "id": 222, "area_px": 12867.0, "aspect_ratio": 4.72, "zone": "yard" }, "geometry": { "type": "Polygon", "coordinates": [ [ [ 513248.798779296863358, 5686893.223950195126235 ], [ 513249.373828125011642, 5686895.794677734375 ], [ 513261.514404296875, 5686893.079028320498765 ], [ 513260.939355468726717, 5686890.50830078125 ], [ 513248.798779296863358, 5686893.223950195126235 ] ] ] } },
{ "type": "Feature", "properties": { "id": 223, "area_px": 12863.0, "aspect_ratio": 4.97, "zone": "yard" }, "geometry": { "type": "Polygon", "coordinates": [ [ [ 513274.917651367199142, 5686537.599658203311265 ], [ 513287.497827148414217, 5686539.673291015438735 ], [ 513287.915063476539217, 5686537.142041015438735 ], [ 513275.334887695324142, 5686535.068408203311265 ], [ 513274.917651367199142, 5686537.599658203311265 ] ] ] } },
{ "type": "Feature", "properties": { "id": 224, "area_px": 12853.0, "aspect_ratio": 4.98, "zone": "yard" }, "geometry": { "type": "Polygon", "coordinates": [ [ [ 513173.667126464832108, 5686518.292626952752471 ], [ 513186.30255126953125, 5686520.418212890625 ], [ 513186.729357910167892, 5686517.881103515625 ], [ 513174.09393310546875, 5686515.755517577752471 ], [ 513173.667126464832108, 5686518.292626952752471 ] ] ] } },
{ "type": "Feature", "properties": { "id": 225, "area_px": 12846.0, "aspect_ratio": 4.71, "zone": "yard" }, "geometry": { "type": "Polygon", "coordinates": [ [ [ 513200.88262939453125, 5686687.3203125 ], [ 513201.481896972632967, 5686689.897216796875 ], [ 513213.631787109363358, 5686687.071679687127471 ], [ 513213.032519531261642, 5686684.494775390252471 ], [ 513200.88262939453125, 5686687.3203125 ] ] ] } },
{ "type": "Feature", "properties": { "id": 226, "area_px": 12840.0, "aspect_ratio": 4.9, "zone": "yard" }, "geometry": { "type": "Polygon", "coordinates": [ [ [ 513229.135717773460783, 5686807.922570800408721 ], [ 513229.7054443359375, 5686810.445544433780015 ], [ 513242.068627929664217, 5686807.65386962890625 ], [ 513241.4989013671875, 5686805.130895996466279 ], [ 513229.135717773460783, 5686807.922570800408721 ] ] ] } },
{ "type": "Feature", "properties": { "id": 227, "area_px": 12836.0, "aspect_ratio": 4.98, "zone": "yard" }, "geometry": { "type": "Polygon", "coordinates": [ [ [ 513233.373974609363358, 5686517.869042968377471 ], [ 513246.017041015613358, 5686519.814160156063735 ], [ 513246.407812500023283, 5686517.274316405877471 ], [ 513233.764746093773283, 5686515.329199219122529 ], [ 513233.373974609363358, 5686517.869042968377471 ] ] ] } },
{ "type": "Feature", "properties": { "id": 228, "area_px": 12810.0, "aspect_ratio": 4.83, "zone": "yard" }, "geometry": { "type": "Polygon", "coordinates": [ [ [ 513223.235009765601717, 5686839.821997070685029 ], [ 513223.813134765601717, 5686842.351293945685029 ], [ 513236.031933593738358, 5686839.558422851376235 ], [ 513235.453808593738358, 5686837.029125976376235 ], [ 513223.235009765601717, 5686839.821997070685029 ] ] ] } },
{ "type": "Feature", "properties": { "id": 229, "area_px": 12803.0, "aspect_ratio": 4.89, "zone": "yard" }, "geometry": { "type": "Polygon", "coordinates": [ [ [ 513178.742138671863358, 5686814.848364258185029 ], [ 513179.292797851550858, 5686817.389892578125 ], [ 513191.708300781261642, 5686814.699877929873765 ], [ 513191.157641601574142, 5686812.158349609002471 ], [ 513178.742138671863358, 5686814.848364258185029 ] ] ] } },
{ "type": "Feature", "properties": { "id": 230, "area_px": 12802.0, "aspect_ratio": 4.88, "zone": "yard" }, "geometry": { "type": "Polygon", "coordinates": [ [ [ 513233.822094726550858, 5686515.341113281436265 ], [ 513246.342504882835783, 5686517.23095703125 ], [ 513246.729956054710783, 5686514.663964843377471 ], [ 513234.209545898425858, 5686512.774121093563735 ], [ 513233.822094726550858, 5686515.341113281436265 ] ] ] } },
{ "type": "Feature", "properties": { "id": 231, "area_px": 12785.0, "aspect_ratio": 4.88, "zone": "yard" }, "geometry": { "type": "Polygon", "coordinates": [ [ [ 513325.068554687488358, 5686816.006677245721221 ], [ 513325.625732421875, 5686818.52154541015625 ], [ 513337.909570312476717, 5686815.799963379278779 ], [ 513337.352392578148283, 5686813.28509521484375 ], [ 513325.068554687488358, 5686816.006677245721221 ] ] ] } },
{ "type": "Feature", "properties": { "id": 232, "area_px": 12784.0, "aspect_ratio": 4.8, "zone": "yard" }, "geometry": { "type": "Polygon", "coordinates": [ [ [ 513404.713916015636642, 5686989.783972168341279 ], [ 513405.298486328101717, 5686992.328724670223892 ], [ 513417.511376953101717, 5686989.523062134161592 ], [ 513416.926806640636642, 5686986.978309631347656 ], [ 513404.713916015636642, 5686989.783972168341279 ] ] ] } },
{ "type": "Feature", "properties": { "id": 233, "area_px": 12784.0, "aspect_ratio": 4.99, "zone": "yard" }, "geometry": { "type": "Polygon", "coordinates": [ [ [ 513205.164746093738358, 5686507.977441405877471 ], [ 513217.775732421898283, 5686509.945996093563735 ], [ 513218.170263671898283, 5686507.418554687872529 ], [ 513205.559277343738358, 5686505.450000000186265 ], [ 513205.164746093738358, 5686507.977441405877471 ] ] ] } },
{ "type": "Feature", "properties": { "id": 234, "area_px": 12766.0, "aspect_ratio": 4.81, "zone": "yard" }, "geometry": { "type": "Polygon", "coordinates": [ [ [ 513310.418627929699142, 5686696.641284179873765 ], [ 513310.991918945335783, 5686699.1781005859375 ], [ 513323.198217773460783, 5686696.419604492373765 ], [ 513322.624926757824142, 5686693.882788086310029 ], [ 513310.418627929699142, 5686696.641284179873765 ] ] ] } },
{ "type": "Feature", "properties": { "id": 235, "area_px": 12766.0, "aspect_ratio": 4.99, "zone": "yard" }, "geometry": { "type": "Polygon", "coordinates": [ [ [ 513231.51416015625, 5686528.032958984375 ], [ 513244.130908203136642, 5686529.973974609747529 ], [ 513244.519921874976717, 5686527.445361328311265 ], [ 513231.903173828148283, 5686525.504345702938735 ], [ 513231.51416015625, 5686528.032958984375 ] ] ] } },
{ "type": "Feature", "properties": { "id": 236, "area_px": 12763.0, "aspect_ratio": 4.93, "zone": "yard" }, "geometry": { "type": "Polygon", "coordinates": [ [ [ 513177.629187011742033, 5686583.535498047247529 ], [ 513190.196301269519608, 5686585.368212890811265 ], [ 513190.56817626953125, 5686582.818310546688735 ], [ 513178.001062011695467, 5686580.985595703125 ], [ 513177.629187011742033, 5686583.535498047247529 ] ] ] } },
{ "type": "Feature", "properties": { "id": 237, "area_px": 12760.0, "aspect_ratio": 5.04, "zone": "yard" }, "geometry": { "type": "Polygon", "coordinates": [ [ [ 513205.900830078113358, 5686502.860546874813735 ], [ 513218.531689453113358, 5686504.860449219122529 ], [ 513218.928857421851717, 5686502.35205078125 ], [ 513206.297998046851717, 5686500.352148437872529 ], [ 513205.900830078113358, 5686502.860546874813735 ] ] ] } },
{ "type": "Feature", "properties": { "id": 238, "area_px": 12758.0, "aspect_ratio": 4.81, "zone": "yard" }, "geometry": { "type": "Polygon", "coordinates": [ [ [ 513334.953808593738358, 5686691.258569335564971 ], [ 513335.525976562523283, 5686693.785620117560029 ], [ 513347.687451171863358, 5686691.0321044921875 ], [ 513347.115283203136642, 5686688.505053711123765 ], [ 513334.953808593738358, 5686691.258569335564971 ] ] ] } },
{ "type": "Feature", "properties": { "id": 239, "area_px": 12757.0, "aspect_ratio": 4.95, "zone": "yard" }, "geometry": { "type": "Polygon", "coordinates": [ [ [ 513200.2684326171875, 5686538.491943359375 ], [ 513212.851855468761642, 5686540.458056640811265 ], [ 513213.2491455078125, 5686537.915478515438735 ], [ 513200.665722656238358, 5686535.949365234002471 ], [ 513200.2684326171875, 5686538.491943359375 ] ] ] } },
{ "type": "Feature", "properties": { "id": 240, "area_px": 12748.0, "aspect_ratio": 5.05, "zone": "yard" }, "geometry": { "type": "Polygon", "coordinates": [ [ [ 513204.8447265625, 5686510.514892578125 ], [ 513217.459814453148283, 5686512.493701172061265 ], [ 513217.851855468761642, 5686509.994384765625 ], [ 513205.236767578113358, 5686508.015576171688735 ], [ 513204.8447265625, 5686510.514892578125 ] ] ] } },
{ "type": "Feature", "properties": { "id": 241, "area_px": 12747.0, "aspect_ratio": 4.85, "zone": "yard" }, "geometry": { "type": "Polygon", "coordinates": [ [ [ 513208.55712890625, 5686663.873852538876235 ], [ 513209.131005859351717, 5686666.3890380859375 ], [ 513221.329492187476717, 5686663.605883789248765 ], [ 513220.755615234375, 5686661.0906982421875 ], [ 513208.55712890625, 5686663.873852538876235 ] ] ] } },
{ "type": "Feature", "properties": { "id": 242, "area_px": 12741.0, "aspect_ratio": 4.86, "zone": "yard" }, "geometry": { "type": "Polygon", "coordinates": [ [ [ 513280.018969726574142, 5686677.462548827752471 ], [ 513280.603686523449142, 5686679.981298828497529 ], [ 513292.844897460949142, 5686677.139599609188735 ], [ 513292.260180664074142, 5686674.620849609375 ], [ 513280.018969726574142, 5686677.462548827752471 ] ] ] } },
{ "type": "Feature", "properties": { "id": 243, "area_px": 12738.0, "aspect_ratio": 4.83, "zone": "yard" }, "geometry": { "type": "Polygon", "coordinates": [ [ [ 513176.119433593761642, 5686503.109521484002471 ], [ 513188.675756835960783, 5686505.175048828125 ], [ 513189.1036376953125, 5686502.573974609375 ], [ 513176.547314453113358, 5686500.508447265252471 ], [ 513176.119433593761642, 5686503.109521484002471 ] ] ] } },
{ "type": "Feature", "properties": { "id": 244, "area_px": 12738.0, "aspect_ratio": 5.05, "zone": "yard" }, "geometry": { "type": "Polygon", "coordinates": [ [ [ 513232.820703124976717, 5686520.372607422061265 ], [ 513245.446044921875, 5686522.302880859002471 ], [ 513245.828466796898283, 5686519.801611328497529 ], [ 513233.203125, 5686517.871337890625 ], [ 513232.820703124976717, 5686520.372607422061265 ] ] ] } },
{ "type": "Feature", "properties": { "id": 245, "area_px": 12735.0, "aspect_ratio": 5.05, "zone": "yard" }, "geometry": { "type": "Polygon", "coordinates": [ [ [ 513174.122973632824142, 5686515.762158202938735 ], [ 513186.812158203101717, 5686517.877001953311265 ], [ 513187.2310791015625, 5686515.363525390625 ], [ 513174.541894531226717, 5686513.248681640252471 ], [ 513174.122973632824142, 5686515.762158202938735 ] ] ] } },
{ "type": "Feature", "properties": { "id": 246, "area_px": 12732.0, "aspect_ratio": 4.85, "zone": "yard" }, "geometry": { "type": "Polygon", "coordinates": [ [ [ 513201.023083496082108, 5686533.390917968936265 ], [ 513213.542919921863358, 5686535.3525390625 ], [ 513213.947070312511642, 5686532.773046875372529 ], [ 513201.42724609375, 5686530.811425780877471 ], [ 513201.023083496082108, 5686533.390917968936265 ] ] ] } },
{ "type": "Feature", "properties": { "id": 247, "area_px": 12729.0, "aspect_ratio": 4.85, "zone": "yard" }, "geometry": { "type": "Polygon", "coordinates": [ [ [ 513326.102490234363358, 5686820.198498534969985 ], [ 513326.673632812511642, 5686822.721057129092515 ], [ 513338.901513671851717, 5686819.952478026971221 ], [ 513338.330371093761642, 5686817.429919433780015 ], [ 513326.102490234363358, 5686820.198498534969985 ] ] ] } },
{ "type": "Feature", "properties": { "id": 248, "area_px": 12720.0, "aspect_ratio": 4.84, "zone": "yard" }, "geometry": { "type": "Polygon", "coordinates": [ [ [ 513275.917626953101717, 5686717.479418945498765 ], [ 513276.478808593761642, 5686720.004711913876235 ], [ 513288.697656249976717, 5686717.2894287109375 ], [ 513288.136474609375, 5686714.764135742560029 ], [ 513275.917626953101717, 5686717.479418945498765 ] ] ] } },
{ "type": "Feature", "properties": { "id": 249, "area_px": 12720.0, "aspect_ratio": 4.76, "zone": "yard" }, "geometry": { "type": "Polygon", "coordinates": [ [ [ 513201.983532714832108, 5686691.425878906622529 ], [ 513202.550573730492033, 5686693.977636719122529 ], [ 513214.695263671863358, 5686691.27880859375 ], [ 513214.128222656261642, 5686688.72705078125 ], [ 513201.983532714832108, 5686691.425878906622529 ] ] ] } },
{ "type": "Feature", "properties": { "id": 250, "area_px": 12713.0, "aspect_ratio": 4.98, "zone": "yard" }, "geometry": { "type": "Polygon", "coordinates": [ [ [ 513200.735937500023283, 5686535.939990234561265 ], [ 513213.305615234363358, 5686537.903955077752471 ], [ 513213.699804687523283, 5686535.381201172247529 ], [ 513201.130126953125, 5686533.417236328125 ], [ 513200.735937500023283, 5686535.939990234561265 ] ] ] } },
{ "type": "Feature", "properties": { "id": 251, "area_px": 12705.0, "aspect_ratio": 4.83, "zone": "yard" }, "geometry": { "type": "Polygon", "coordinates": [ [ [ 513352.863256835960783, 5686822.881640625186265 ], [ 513353.415551757789217, 5686825.4129638671875 ], [ 513365.6400146484375, 5686822.745825195685029 ], [ 513365.087719726550858, 5686820.214501952752471 ], [ 513352.863256835960783, 5686822.881640625186265 ] ] ] } },
{ "type": "Feature", "properties": { "id": 252, "area_px": 12704.0, "aspect_ratio": 4.99, "zone": "yard" }, "geometry": { "type": "Polygon", "coordinates": [ [ [ 513258.994067382824142, 5686691.064770507626235 ], [ 513259.580883789050858, 5686693.619946288876235 ], [ 513269.900146481173579, 5686691.222132015042007 ], [ 513269.313330074888654, 5686688.666956233792007 ], [ 513258.994067382824142, 5686691.064770507626235 ] ] ] } },
{ "type": "Feature", "properties": { "id": 253, "area_px": 12698.0, "aspect_ratio": 4.81, "zone": "yard" }, "geometry": { "type": "Polygon", "coordinates": [ [ [ 513249.799707031226717, 5686897.376953125 ], [ 513250.349951171898283, 5686899.912756348028779 ], [ 513262.546484375023283, 5686897.266333008185029 ], [ 513261.996240234351717, 5686894.73052978515625 ], [ 513249.799707031226717, 5686897.376953125 ] ] ] } },
{ "type": "Feature", "properties": { "id": 254, "area_px": 12697.0, "aspect_ratio": 4.96, "zone": "yard" }, "geometry": { "type": "Polygon", "coordinates": [ [ [ 513171.496472167957108, 5686531.025439453311265 ], [ 513184.09674072265625, 5686533.097802734002471 ], [ 513184.514172363269608, 5686530.559912109747529 ], [ 513171.913903808570467, 5686528.487548828125 ], [ 513171.496472167957108, 5686531.025439453311265 ] ] ] } },
{ "type": "Feature", "properties": { "id": 255, "area_px": 12692.0, "aspect_ratio": 4.86, "zone": "yard" }, "geometry": { "type": "Polygon", "coordinates": [ [ [ 513325.218652343726717, 5686985.945750427432358 ], [ 513325.793896484363358, 5686988.47038116492331 ], [ 513338.052441406238358, 5686985.677296447567642 ], [ 513337.477197265601717, 5686983.15266571007669 ], [ 513325.218652343726717, 5686985.945750427432358 ] ] ] } },
{ "type": "Feature", "properties": { "id": 256, "area_px": 12689.0, "aspect_ratio": 4.78, "zone": "yard" }, "geometry": { "type": "Polygon", "coordinates": [ [ [ 513202.412353515625, 5686525.863525390625 ], [ 513214.887988281261642, 5686527.743408203125 ], [ 513215.281054687511642, 5686525.134814453311265 ], [ 513202.805419921875, 5686523.254931640811265 ], [ 513202.412353515625, 5686525.863525390625 ] ] ] } },
{ "type": "Feature", "properties": { "id": 257, "area_px": 12683.0, "aspect_ratio": 4.87, "zone": "yard" }, "geometry": { "type": "Polygon", "coordinates": [ [ [ 513177.071386718773283, 5686697.102612304501235 ], [ 513177.649218750011642, 5686699.6138916015625 ], [ 513189.887182617210783, 5686696.798071289435029 ], [ 513189.309350585914217, 5686694.286791992373765 ], [ 513177.071386718773283, 5686697.102612304501235 ] ] ] } },
{ "type": "Feature", "properties": { "id": 258, "area_px": 12680.0, "aspect_ratio": 5.0, "zone": "yard" }, "geometry": { "type": "Polygon", "coordinates": [ [ [ 513231.2421875, 5686530.575732422061265 ], [ 513243.83642578125, 5686532.513330077752471 ], [ 513244.224267578101717, 5686529.992236328311265 ], [ 513231.630029296851717, 5686528.054638671688735 ], [ 513231.2421875, 5686530.575732422061265 ] ] ] } },
{ "type": "Feature", "properties": { "id": 259, "area_px": 12680.0, "aspect_ratio": 4.98, "zone": "yard" }, "geometry": { "type": "Polygon", "coordinates": [ [ [ 513230.806787109351717, 5686533.10009765625 ], [ 513243.364453124988358, 5686535.05078125 ], [ 513243.756542968738358, 5686532.526757812127471 ], [ 513231.198876953101717, 5686530.576074218377471 ], [ 513230.806787109351717, 5686533.10009765625 ] ] ] } },
{ "type": "Feature", "properties": { "id": 261, "area_px": 12677.0, "aspect_ratio": 4.72, "zone": "yard" }, "geometry": { "type": "Polygon", "coordinates": [ [ [ 513177.726110839867033, 5686810.913195800967515 ], [ 513178.322741699230392, 5686813.49859619140625 ], [ 513190.523034667945467, 5686810.683142090216279 ], [ 513189.926403808582108, 5686808.097741698846221 ], [ 513177.726110839867033, 5686810.913195800967515 ] ] ] } },
{ "type": "Feature", "properties": { "id": 262, "area_px": 12672.0, "aspect_ratio": 5.02, "zone": "yard" }, "geometry": { "type": "Polygon", "coordinates": [ [ [ 513176.490893554699142, 5686591.153125000186265 ], [ 513189.080224609351717, 5686592.976806640625 ], [ 513189.443164062511642, 5686590.471435546875 ], [ 513176.853833007800858, 5686588.647753906436265 ], [ 513176.490893554699142, 5686591.153125000186265 ] ] ] } },
{ "type": "Feature", "properties": { "id": 263, "area_px": 12671.0, "aspect_ratio": 4.95, "zone": "yard" }, "geometry": { "type": "Polygon", "coordinates": [ [ [ 513176.865002441394608, 5686588.64501953125 ], [ 513189.436999511730392, 5686590.441015625372529 ], [ 513189.79998779296875, 5686587.900000000372529 ], [ 513177.227990722632967, 5686586.10400390625 ], [ 513176.865002441394608, 5686588.64501953125 ] ] ] } },
{ "type": "Feature", "properties": { "id": 264, "area_px": 12664.0, "aspect_ratio": 4.91, "zone": "yard" }, "geometry": { "type": "Polygon", "coordinates": [ [ [ 513323.143836115777958, 5686748.648592861369252 ], [ 513323.702674006402958, 5686751.163290127180517 ], [ 513335.514697265636642, 5686748.641186523251235 ], [ 513334.955859375011642, 5686746.126489257439971 ], [ 513323.143836115777958, 5686748.648592861369252 ] ] ] } },
{ "type": "Feature", "properties": { "id": 265, "area_px": 12662.0, "aspect_ratio": 5.01, "zone": "yard" }, "geometry": { "type": "Polygon", "coordinates": [ [ [ 513169.611132812511642, 5686663.898046875372529 ], [ 513170.162524414074142, 5686666.385400390252471 ], [ 513182.6158447265625, 5686663.624804687686265 ], [ 513182.064453125, 5686661.137451171875 ], [ 513169.611132812511642, 5686663.898046875372529 ] ] ] } },
{ "type": "Feature", "properties": { "id": 266, "area_px": 12661.0, "aspect_ratio": 4.72, "zone": "yard" }, "geometry": { "type": "Polygon", "coordinates": [ [ [ 513347.411767578101717, 5686688.352929687127471 ], [ 513347.985888671886642, 5686690.936474609188735 ], [ 513360.188818359398283, 5686688.224707031622529 ], [ 513359.614697265613358, 5686685.641162109561265 ], [ 513347.411767578101717, 5686688.352929687127471 ] ] ] } },
{ "type": "Feature", "properties": { "id": 267, "area_px": 12657.0, "aspect_ratio": 4.71, "zone": "yard" }, "geometry": { "type": "Polygon", "coordinates": [ [ [ 513322.701391601585783, 5686693.816748047247529 ], [ 513323.275317382824142, 5686696.384326172061265 ], [ 513335.369848632835783, 5686693.680859374813735 ], [ 513334.795922851539217, 5686691.11328125 ], [ 513322.701391601585783, 5686693.816748047247529 ] ] ] } },
{ "type": "Feature", "properties": { "id": 268, "area_px": 12656.0, "aspect_ratio": 4.9, "zone": "yard" }, "geometry": { "type": "Polygon", "coordinates": [ [ [ 513253.411914062511642, 5686914.209173584356904 ], [ 513253.970117187476717, 5686916.704705810174346 ], [ 513266.189648437488358, 5686913.97139282245189 ], [ 513265.631445312523283, 5686911.475860595703125 ], [ 513253.411914062511642, 5686914.209173584356904 ] ] ] } },
{ "type": "Feature", "properties": { "id": 269, "area_px": 12651.0, "aspect_ratio": 4.88, "zone": "yard" }, "geometry": { "type": "Polygon", "coordinates": [ [ [ 513312.682934570300858, 5686818.653649901971221 ], [ 513313.220727539039217, 5686821.163415526971221 ], [ 513325.472436523414217, 5686818.538049316033721 ], [ 513324.934643554675858, 5686816.028283691033721 ], [ 513312.682934570300858, 5686818.653649901971221 ] ] ] } },
{ "type": "Feature", "properties": { "id": 270, "area_px": 12650.0, "aspect_ratio": 4.05, "zone": "yard" }, "geometry": { "type": "Polygon", "coordinates": [ [ [ 513353.540356445300858, 5686505.1630859375 ], [ 513356.022973632789217, 5686516.51220703125 ], [ 513358.826342773449142, 5686515.89892578125 ], [ 513356.343725585960783, 5686504.5498046875 ], [ 513353.540356445300858, 5686505.1630859375 ] ] ] } },
{ "type": "Feature", "properties": { "id": 271, "area_px": 12648.0, "aspect_ratio": 4.95, "zone": "yard" }, "geometry": { "type": "Polygon", "coordinates": [ [ [ 513179.20953369140625, 5686573.263037109747529 ], [ 513191.736120605492033, 5686575.190185546875 ], [ 513192.125134277332108, 5686572.661572265438735 ], [ 513179.598547363304533, 5686570.734423828311265 ], [ 513179.20953369140625, 5686573.263037109747529 ] ] ] } },
{ "type": "Feature", "properties": { "id": 272, "area_px": 12644.0, "aspect_ratio": 4.86, "zone": "yard" }, "geometry": { "type": "Polygon", "coordinates": [ [ [ 513213.113183593726717, 5686739.618701172061265 ], [ 513213.680371093738358, 5686742.134765625 ], [ 513225.905908203101717, 5686739.378710937686265 ], [ 513225.338720703148283, 5686736.862646484747529 ], [ 513213.113183593726717, 5686739.618701172061265 ] ] ] } },
{ "type": "Feature", "properties": { "id": 273, "area_px": 12640.0, "aspect_ratio": 4.69, "zone": "yard" }, "geometry": { "type": "Polygon", "coordinates": [ [ [ 513300.6585693359375, 5686876.702050780877471 ], [ 513301.229663085949142, 5686879.299243164248765 ], [ 513313.401831054710783, 5686876.622631835751235 ], [ 513312.830737304699142, 5686874.025439453311265 ], [ 513300.6585693359375, 5686876.702050780877471 ] ] ] } },
{ "type": "Feature", "properties": { "id": 274, "area_px": 12633.0, "aspect_ratio": 5.01, "zone": "yard" }, "geometry": { "type": "Polygon", "coordinates": [ [ [ 513234.414038085960783, 5686510.179052734747529 ], [ 513246.967065429664217, 5686512.078564452938735 ], [ 513247.3465576171875, 5686509.570556640625 ], [ 513234.793530273425858, 5686507.671044921502471 ], [ 513234.414038085960783, 5686510.179052734747529 ] ] ] } },
{ "type": "Feature", "properties": { "id": 275, "area_px": 12632.0, "aspect_ratio": 4.91, "zone": "yard" }, "geometry": { "type": "Polygon", "coordinates": [ [ [ 513277.206103515636642, 5686664.869335937313735 ], [ 513277.7509765625, 5686667.368212890811265 ], [ 513290.031396484351717, 5686664.690527344122529 ], [ 513289.486523437488358, 5686662.191650390625 ], [ 513277.206103515636642, 5686664.869335937313735 ] ] ] } },
{ "type": "Feature", "properties": { "id": 276, "area_px": 12629.0, "aspect_ratio": 4.57, "zone": "yard" }, "geometry": { "type": "Polygon", "coordinates": [ [ [ 513137.7845458984375, 5686933.291113281622529 ], [ 513145.210913085960783, 5686943.051489258185029 ], [ 513147.347070312476717, 5686941.4261474609375 ], [ 513139.920703125011642, 5686931.665771484375 ], [ 513137.7845458984375, 5686933.291113281622529 ] ] ] } },
{ "type": "Feature", "properties": { "id": 277, "area_px": 12629.0, "aspect_ratio": 4.77, "zone": "yard" }, "geometry": { "type": "Polygon", "coordinates": [ [ [ 513313.321191406226717, 5686763.895288085564971 ], [ 513313.889404296875, 5686766.452368164435029 ], [ 513326.081738281238358, 5686763.742944335564971 ], [ 513325.513525390648283, 5686761.185864257626235 ], [ 513313.321191406226717, 5686763.895288085564971 ] ] ] } },
{ "type": "Feature", "properties": { "id": 279, "area_px": 12618.0, "aspect_ratio": 4.99, "zone": "yard" }, "geometry": { "type": "Polygon", "coordinates": [ [ [ 513201.965441894542892, 5686528.282812500372529 ], [ 513214.547021484351717, 5686530.25634765625 ], [ 513214.9423828125, 5686527.736035156063735 ], [ 513202.360791015613358, 5686525.762500000186265 ], [ 513201.965441894542892, 5686528.282812500372529 ] ] ] } },
{ "type": "Feature", "properties": { "id": 280, "area_px": 12614.0, "aspect_ratio": 4.89, "zone": "yard" }, "geometry": { "type": "Polygon", "coordinates": [ [ [ 513323.387524414050858, 5686807.652258301153779 ], [ 513323.952661132789217, 5686810.153063965030015 ], [ 513336.172387695289217, 5686807.39154052734375 ], [ 513335.607250976550858, 5686804.890734863467515 ], [ 513323.387524414050858, 5686807.652258301153779 ] ] ] } },
{ "type": "Feature", "properties": { "id": 281, "area_px": 12610.0, "aspect_ratio": 5.0, "zone": "yard" }, "geometry": { "type": "Polygon", "coordinates": [ [ [ 513254.879248046898283, 5686810.913403320126235 ], [ 513255.439013671886642, 5686813.401220703497529 ], [ 513267.866162109363358, 5686810.605126952752471 ], [ 513267.306396484375, 5686808.1173095703125 ], [ 513254.879248046898283, 5686810.913403320126235 ] ] ] } },
{ "type": "Feature", "properties": { "id": 282, "area_px": 12610.0, "aspect_ratio": 4.87, "zone": "yard" }, "geometry": { "type": "Polygon", "coordinates": [ [ [ 513312.113378906273283, 5686705.066259765997529 ], [ 513312.685009765613358, 5686707.572705077938735 ], [ 513324.902148437511642, 5686704.786328124813735 ], [ 513324.330517578113358, 5686702.279882812872529 ], [ 513312.113378906273283, 5686705.066259765997529 ] ] ] } },
{ "type": "Feature", "properties": { "id": 283, "area_px": 12610.0, "aspect_ratio": 4.9, "zone": "yard" }, "geometry": { "type": "Polygon", "coordinates": [ [ [ 513209.722387695335783, 5686667.979785156436265 ], [ 513210.277124023414217, 5686670.46923828125 ], [ 513222.472924804664217, 5686667.751708984375 ], [ 513221.918188476585783, 5686665.262255859561265 ], [ 513209.722387695335783, 5686667.979785156436265 ] ] ] } },
{ "type": "Feature", "properties": { "id": 284, "area_px": 12607.0, "aspect_ratio": 4.92, "zone": "yard" }, "geometry": { "type": "Polygon", "coordinates": [ [ [ 513235.247875976550858, 5686505.120458984747529 ], [ 513247.720288085925858, 5686507.003076171502471 ], [ 513248.103002929710783, 5686504.467431640252471 ], [ 513235.630590820335783, 5686502.584814453497529 ], [ 513235.247875976550858, 5686505.120458984747529 ] ] ] } },
{ "type": "Feature", "properties": { "id": 285, "area_px": 12603.0, "aspect_ratio": 5.02, "zone": "yard" }, "geometry": { "type": "Polygon", "coordinates": [ [ [ 513234.871826171875, 5686507.6396484375 ], [ 513247.471728515636642, 5686509.562792968936265 ], [ 513247.854882812476717, 5686507.052539062686265 ], [ 513235.254980468773283, 5686505.12939453125 ], [ 513234.871826171875, 5686507.6396484375 ] ] ] } },
{ "type": "Feature", "properties": { "id": 286, "area_px": 12602.0, "aspect_ratio": 4.81, "zone": "yard" }, "geometry": { "type": "Polygon", "coordinates": [ [ [ 513332.071679687476717, 5686788.367456054314971 ], [ 513332.626708984375, 5686790.887280273251235 ], [ 513344.757568359375, 5686788.215307617560029 ], [ 513344.202539062476717, 5686785.695483398623765 ], [ 513332.071679687476717, 5686788.367456054314971 ] ] ] } },
{ "type": "Feature", "properties": { "id": 287, "area_px": 12600.0, "aspect_ratio": 4.91, "zone": "yard" }, "geometry": { "type": "Polygon", "coordinates": [ [ [ 513155.029333496117033, 5686713.329394531436265 ], [ 513155.580798339855392, 5686715.8193359375 ], [ 513167.817150878894608, 5686713.109277343377471 ], [ 513167.26568603515625, 5686710.619335937313735 ], [ 513155.029333496117033, 5686713.329394531436265 ] ] ] } },
{ "type": "Feature", "properties": { "id": 288, "area_px": 12599.0, "aspect_ratio": 4.02, "zone": "yard" }, "geometry": { "type": "Polygon", "coordinates": [ [ [ 513134.939128478697967, 5686770.123516944237053 ], [ 513135.169749483058695, 5686772.498174257576466 ], [ 513141.033767134591471, 5686771.565192193724215 ], [ 513140.803146130288951, 5686769.190534880384803 ], [ 513134.939128478697967, 5686770.123516944237053 ] ] ] } },
{ "type": "Feature", "properties": { "id": 289, "area_px": 12594.0, "aspect_ratio": 4.91, "zone": "yard" }, "geometry": { "type": "Polygon", "coordinates": [ [ [ 513228.576879882835783, 5686803.713793945498765 ], [ 513229.124340820300858, 5686806.200146484188735 ], [ 513241.3206787109375, 5686803.514721679501235 ], [ 513240.773217773414217, 5686801.028369140811265 ], [ 513228.576879882835783, 5686803.713793945498765 ] ] ] } },
{ "type": "Feature", "properties": { "id": 290, "area_px": 12591.0, "aspect_ratio": 4.98, "zone": "yard" }, "geometry": { "type": "Polygon", "coordinates": [ [ [ 513173.225146484386642, 5686520.845410156063735 ], [ 513185.806323242199142, 5686522.959863280877471 ], [ 513186.2310791015625, 5686520.432519530877471 ], [ 513173.64990234375, 5686518.318066406063735 ], [ 513173.225146484386642, 5686520.845410156063735 ] ] ] } },
{ "type": "Feature", "properties": { "id": 291, "area_px": 12589.0, "aspect_ratio": 4.97, "zone": "yard" }, "geometry": { "type": "Polygon", "coordinates": [ [ [ 513175.505957031273283, 5686508.129931640811265 ], [ 513188.019189453101717, 5686510.193310546688735 ], [ 513188.43408203125, 5686507.677197265438735 ], [ 513175.920849609363358, 5686505.613818359561265 ], [ 513175.505957031273283, 5686508.129931640811265 ] ] ] } },
{ "type": "Feature", "properties": { "id": 292, "area_px": 12587.0, "aspect_ratio": 5.01, "zone": "yard" }, "geometry": { "type": "Polygon", "coordinates": [ [ [ 513312.896484375, 5686874.032727050594985 ], [ 513313.4453125, 5686876.510217284783721 ], [ 513325.851708984351717, 5686873.761975097469985 ], [ 513325.302880859351717, 5686871.28448486328125 ], [ 513312.896484375, 5686874.032727050594985 ] ] ] } },
{ "type": "Feature", "properties": { "id": 293, "area_px": 12586.0, "aspect_ratio": 4.78, "zone": "yard" }, "geometry": { "type": "Polygon", "coordinates": [ [ [ 513205.529370117175858, 5686817.684252929873765 ], [ 513206.114672851574142, 5686820.205517577938735 ], [ 513218.161889648414217, 5686817.408837890252471 ], [ 513217.576586914074142, 5686814.8875732421875 ], [ 513205.529370117175858, 5686817.684252929873765 ] ] ] } },
{ "type": "Feature", "properties": { "id": 294, "area_px": 12586.0, "aspect_ratio": 4.64, "zone": "yard" }, "geometry": { "type": "Polygon", "coordinates": [ [ [ 513245.97998046875, 5686825.810009765438735 ], [ 513246.552929687488358, 5686828.388232422061265 ], [ 513258.52294921875, 5686825.728222656063735 ], [ 513257.950000000011642, 5686823.150000000372529 ], [ 513245.97998046875, 5686825.810009765438735 ] ] ] } },
{ "type": "Feature", "properties": { "id": 295, "area_px": 12582.0, "aspect_ratio": 4.9, "zone": "yard" }, "geometry": { "type": "Polygon", "coordinates": [ [ [ 513300.380541992199142, 5686821.552404785528779 ], [ 513300.956762695335783, 5686824.040539550594985 ], [ 513313.139721679675858, 5686821.219226074405015 ], [ 513312.563500976539217, 5686818.731091308407485 ], [ 513300.380541992199142, 5686821.552404785528779 ] ] ] } },
{ "type": "Feature", "properties": { "id": 296, "area_px": 12581.0, "aspect_ratio": 4.88, "zone": "yard" }, "geometry": { "type": "Polygon", "coordinates": [ [ [ 513310.858471679675858, 5686810.463513183407485 ], [ 513311.408178710960783, 5686812.964685058221221 ], [ 513323.607885742210783, 5686810.283435058780015 ], [ 513323.058178710925858, 5686807.782263183966279 ], [ 513310.858471679675858, 5686810.463513183407485 ] ] ] } },
{ "type": "Feature", "properties": { "id": 297, "area_px": 12579.0, "aspect_ratio": 4.82, "zone": "yard" }, "geometry": { "type": "Polygon", "coordinates": [ [ [ 513328.131372070289217, 5686771.762109374627471 ], [ 513328.681958007800858, 5686774.283251953311265 ], [ 513340.8460693359375, 5686771.626708984375 ], [ 513340.295483398425858, 5686769.105566406622529 ], [ 513328.131372070289217, 5686771.762109374627471 ] ] ] } },
{ "type": "Feature", "properties": { "id": 298, "area_px": 12578.0, "aspect_ratio": 4.96, "zone": "yard" }, "geometry": { "type": "Polygon", "coordinates": [ [ [ 513179.54669189453125, 5686570.708837890997529 ], [ 513192.112829589867033, 5686572.654541015625 ], [ 513192.50506591796875, 5686570.121435547247529 ], [ 513179.938928222632967, 5686568.175732421688735 ], [ 513179.54669189453125, 5686570.708837890997529 ] ] ] } },
{ "type": "Feature", "properties": { "id": 299, "area_px": 12576.0, "aspect_ratio": 4.85, "zone": "yard" }, "geometry": { "type": "Polygon", "coordinates": [ [ [ 513235.949389648449142, 5686836.974597168155015 ], [ 513236.507788085960783, 5686839.478479003533721 ], [ 513248.645092773425858, 5686836.771594238467515 ], [ 513248.086694335914217, 5686834.267712402157485 ], [ 513235.949389648449142, 5686836.974597168155015 ] ] ] } },
{ "type": "Feature", "properties": { "id": 300, "area_px": 12575.0, "aspect_ratio": 5.0, "zone": "yard" }, "geometry": { "type": "Polygon", "coordinates": [ [ [ 513258.344970703125, 5686548.246826171875 ], [ 513270.948828125023283, 5686550.247412109747529 ], [ 513271.348535156226717, 5686547.729150390252471 ], [ 513258.744677734386642, 5686545.728564453311265 ], [ 513258.344970703125, 5686548.246826171875 ] ] ] } },
{ "type": "Feature", "properties": { "id": 301, "area_px": 12567.0, "aspect_ratio": 5.13, "zone": "yard" }, "geometry": { "type": "Polygon", "coordinates": [ [ [ 513259.115991210914217, 5686695.231005859561265 ], [ 513259.6649169921875, 5686697.688134765252471 ], [ 513272.2581787109375, 5686694.874755859375 ], [ 513271.709252929664217, 5686692.417626952752471 ], [ 513259.115991210914217, 5686695.231005859561265 ] ] ] } },
{ "type": "Feature", "properties": { "id": 302, "area_px": 12562.0, "aspect_ratio": 4.89, "zone": "yard" }, "geometry": { "type": "Polygon", "coordinates": [ [ [ 513179.679931640625, 5686819.174340819939971 ], [ 513180.248876953148283, 5686821.665380859747529 ], [ 513192.430419921875, 5686818.8831787109375 ], [ 513191.861474609351717, 5686816.392138672061265 ], [ 513179.679931640625, 5686819.174340819939971 ] ] ] } },
{ "type": "Feature", "properties": { "id": 303, "area_px": 12552.0, "aspect_ratio": 4.9, "zone": "yard" }, "geometry": { "type": "Polygon", "coordinates": [ [ [ 513225.4229736328125, 5686736.879663085564971 ], [ 513225.982983398425858, 5686739.371801758185029 ], [ 513238.191186523414217, 5686736.628393555060029 ], [ 513237.631176757800858, 5686734.136254882439971 ], [ 513225.4229736328125, 5686736.879663085564971 ] ] ] } },
{ "type": "Feature", "properties": { "id": 304, "area_px": 12548.0, "aspect_ratio": 4.75, "zone": "yard" }, "geometry": { "type": "Polygon", "coordinates": [ [ [ 513258.267504882824142, 5686823.214440917596221 ], [ 513258.8360595703125, 5686825.74700927734375 ], [ 513270.872338867164217, 5686823.04498291015625 ], [ 513270.303784179675858, 5686820.512414550408721 ], [ 513258.267504882824142, 5686823.214440917596221 ] ] ] } },
{ "type": "Feature", "properties": { "id": 305, "area_px": 12544.0, "aspect_ratio": 5.01, "zone": "yard" }, "geometry": { "type": "Polygon", "coordinates": [ [ [ 513324.048889826692175, 5686698.043154740706086 ], [ 513324.6198370923521, 5686700.543496537953615 ], [ 513336.607934570289217, 5686697.817480469122529 ], [ 513336.0369873046875, 5686695.317138671875 ], [ 513324.048889826692175, 5686698.043154740706086 ] ] ] } },
{ "type": "Feature", "properties": { "id": 307, "area_px": 12536.0, "aspect_ratio": 4.91, "zone": "yard" }, "geometry": { "type": "Polygon", "coordinates": [ [ [ 513351.660693359386642, 5686818.847143555060029 ], [ 513352.2109375, 5686821.329345703125 ], [ 513364.394970703113358, 5686818.628442382439971 ], [ 513363.8447265625, 5686816.146240234375 ], [ 513351.660693359386642, 5686818.847143555060029 ] ] ] } },
{ "type": "Feature", "properties": { "id": 308, "area_px": 12524.0, "aspect_ratio": 4.67, "zone": "yard" }, "geometry": { "type": "Polygon", "coordinates": [ [ [ 513309.103125000023283, 5686688.269824218936265 ], [ 513309.684228515601717, 5686690.8505859375 ], [ 513321.738330078136642, 5686688.136425781063735 ], [ 513321.1572265625, 5686685.5556640625 ], [ 513309.103125000023283, 5686688.269824218936265 ] ] ] } },
{ "type": "Feature", "properties": { "id": 309, "area_px": 12523.0, "aspect_ratio": 4.93, "zone": "yard" }, "geometry": { "type": "Polygon", "coordinates": [ [ [ 513172.440808105457108, 5686525.957812500186265 ], [ 513184.889294433582108, 5686528.016992187127471 ], [ 513185.30657958984375, 5686525.494335937313735 ], [ 513172.85809326171875, 5686523.435156250372529 ], [ 513172.440808105457108, 5686525.957812500186265 ] ] ] } },
{ "type": "Feature", "properties": { "id": 310, "area_px": 12520.0, "aspect_ratio": 4.84, "zone": "yard" }, "geometry": { "type": "Polygon", "coordinates": [ [ [ 513236.305615234363358, 5686896.097412109375 ], [ 513236.862402343773283, 5686898.614068603143096 ], [ 513249.041064453136642, 5686895.919677734375 ], [ 513248.484277343726717, 5686893.403027343563735 ], [ 513236.305615234363358, 5686896.097412109375 ] ] ] } },
{ "type": "Feature", "properties": { "id": 311, "area_px": 12519.0, "aspect_ratio": 4.8, "zone": "yard" }, "geometry": { "type": "Polygon", "coordinates": [ [ [ 513225.361791992210783, 5686681.776879882439971 ], [ 513225.939233398414217, 5686684.292016601189971 ], [ 513238.0042724609375, 5686681.521997069939971 ], [ 513237.426831054675858, 5686679.006860351189971 ], [ 513225.361791992210783, 5686681.776879882439971 ] ] ] } },
{ "type": "Feature", "properties": { "id": 312, "area_px": 12509.0, "aspect_ratio": 4.96, "zone": "yard" }, "geometry": { "type": "Polygon", "coordinates": [ [ [ 513200.520373535167892, 5686742.467846679501235 ], [ 513201.073596191417892, 5686744.936108398251235 ], [ 513213.313867187476717, 5686742.192602539435029 ], [ 513212.760644531226717, 5686739.724340820685029 ], [ 513200.520373535167892, 5686742.467846679501235 ] ] ] } },
{ "type": "Feature", "properties": { "id": 313, "area_px": 12502.0, "aspect_ratio": 4.88, "zone": "yard" }, "geometry": { "type": "Polygon", "coordinates": [ [ [ 513206.842944335949142, 5686880.652746582403779 ], [ 513207.4019775390625, 5686883.153674316592515 ], [ 513219.616967773414217, 5686880.42327880859375 ], [ 513219.057934570300858, 5686877.922351074405015 ], [ 513206.842944335949142, 5686880.652746582403779 ] ] ] } },
{ "type": "Feature", "properties": { "id": 314, "area_px": 12496.0, "aspect_ratio": 4.9, "zone": "yard" }, "geometry": { "type": "Polygon", "coordinates": [ [ [ 513350.080004882824142, 5686810.509997558780015 ], [ 513350.631762695324142, 5686812.992932128719985 ], [ 513362.7923583984375, 5686810.29058837890625 ], [ 513362.2406005859375, 5686807.807653808966279 ], [ 513350.080004882824142, 5686810.509997558780015 ] ] ] } },
{ "type": "Feature", "properties": { "id": 315, "area_px": 12495.0, "aspect_ratio": 4.87, "zone": "yard" }, "geometry": { "type": "Polygon", "coordinates": [ [ [ 513253.9503173828125, 5686802.396862792782485 ], [ 513254.512524414050858, 5686804.901257324032485 ], [ 513266.701342773449142, 5686802.165002441033721 ], [ 513266.139135742210783, 5686799.660607909783721 ], [ 513253.9503173828125, 5686802.396862792782485 ] ] ] } },
{ "type": "Feature", "properties": { "id": 316, "area_px": 12481.0, "aspect_ratio": 4.84, "zone": "yard" }, "geometry": { "type": "Polygon", "coordinates": [ [ [ 513356.735546874988358, 5686782.918041992001235 ], [ 513357.275732421898283, 5686785.434545898810029 ], [ 513369.448339843773283, 5686782.821557616814971 ], [ 513368.908154296863358, 5686780.3050537109375 ], [ 513356.735546874988358, 5686782.918041992001235 ] ] ] } },
{ "type": "Feature", "properties": { "id": 317, "area_px": 12479.0, "aspect_ratio": 5.08, "zone": "yard" }, "geometry": { "type": "Polygon", "coordinates": [ [ [ 513174.963220214820467, 5686510.642675781622529 ], [ 513187.67779541015625, 5686512.734960937872529 ], [ 513188.089807128882967, 5686510.231250000186265 ], [ 513175.375231933605392, 5686508.138964843936265 ], [ 513174.963220214820467, 5686510.642675781622529 ] ] ] } },
{ "type": "Feature", "properties": { "id": 318, "area_px": 12473.0, "aspect_ratio": 5.0, "zone": "yard" }, "geometry": { "type": "Polygon", "coordinates": [ [ [ 513199.847863769507967, 5686541.010449218563735 ], [ 513212.3939208984375, 5686542.96484375 ], [ 513212.784960937511642, 5686540.454687500372529 ], [ 513200.2388916015625, 5686538.500292968936265 ], [ 513199.847863769507967, 5686541.010449218563735 ] ] ] } },
{ "type": "Feature", "properties": { "id": 319, "area_px": 12470.0, "aspect_ratio": 4.81, "zone": "yard" }, "geometry": { "type": "Polygon", "coordinates": [ [ [ 513351.207470703113358, 5686984.386399840936065 ], [ 513351.798486328101717, 5686986.883943175897002 ], [ 513363.820654296898283, 5686984.038996887393296 ], [ 513363.229638671851717, 5686981.541453552432358 ], [ 513351.207470703113358, 5686984.386399840936065 ] ] ] } },
{ "type": "Feature", "properties": { "id": 320, "area_px": 12469.0, "aspect_ratio": 4.88, "zone": "yard" }, "geometry": { "type": "Polygon", "coordinates": [ [ [ 513333.0538330078125, 5686792.596850586123765 ], [ 513333.619165039039217, 5686795.084252929314971 ], [ 513345.768872070300858, 5686792.322973633185029 ], [ 513345.203540039074142, 5686789.8355712890625 ], [ 513333.0538330078125, 5686792.596850586123765 ] ] ] } },
{ "type": "Feature", "properties": { "id": 321, "area_px": 12467.0, "aspect_ratio": 4.54, "zone": "yard" }, "geometry": { "type": "Polygon", "coordinates": [ [ [ 513182.169030761695467, 5686827.088781738653779 ], [ 513182.732434082019608, 5686829.718054199591279 ], [ 513194.67340087890625, 5686827.159265136346221 ], [ 513194.109997558582108, 5686824.529992675408721 ], [ 513182.169030761695467, 5686827.088781738653779 ] ] ] } },
{ "type": "Feature", "properties": { "id": 322, "area_px": 12466.0, "aspect_ratio": 4.65, "zone": "yard" }, "geometry": { "type": "Polygon", "coordinates": [ [ [ 513207.181292650406249, 5686653.61616915743798 ], [ 513219.161825349205174, 5686650.929358514025807 ], [ 513218.699341550120153, 5686648.638962557539344 ], [ 513206.784877965517808, 5686651.325773200020194 ], [ 513207.181292650406249, 5686653.61616915743798 ] ] ] } },
{ "type": "Feature", "properties": { "id": 323, "area_px": 12465.0, "aspect_ratio": 4.94, "zone": "yard" }, "geometry": { "type": "Polygon", "coordinates": [ [ [ 513157.22259521484375, 5686666.6654052734375 ], [ 513157.77667236328125, 5686669.1385498046875 ], [ 513169.985949707042892, 5686666.403149413876235 ], [ 513169.431872558605392, 5686663.930004882626235 ], [ 513157.22259521484375, 5686666.6654052734375 ] ] ] } },
{ "type": "Feature", "properties": { "id": 324, "area_px": 12459.0, "aspect_ratio": 4.85, "zone": "yard" }, "geometry": { "type": "Polygon", "coordinates": [ [ [ 513353.813549804675858, 5686770.835888671688735 ], [ 513354.367651367210783, 5686773.329394531436265 ], [ 513366.469995117164217, 5686770.639990234747529 ], [ 513365.9158935546875, 5686768.146484375 ], [ 513353.813549804675858, 5686770.835888671688735 ] ] ] } },
{ "type": "Feature", "properties": { "id": 325, "area_px": 12454.0, "aspect_ratio": 4.65, "zone": "yard" }, "geometry": { "type": "Polygon", "coordinates": [ [ [ 513486.199398525990546, 5686950.531059735454619 ], [ 513489.095800781273283, 5686963.357186889275908 ], [ 513491.674511718738358, 5686962.781594848260283 ], [ 513488.778109463513829, 5686949.955467694438994 ], [ 513486.199398525990546, 5686950.531059735454619 ] ] ] } },
{ "type": "Feature", "properties": { "id": 326, "area_px": 12454.0, "aspect_ratio": 4.94, "zone": "yard" }, "geometry": { "type": "Polygon", "coordinates": [ [ [ 513180.748193359351717, 5686823.298864746466279 ], [ 513181.319140625011642, 5686825.816271972842515 ], [ 513193.746875000011642, 5686822.99761962890625 ], [ 513193.175927734351717, 5686820.480212402530015 ], [ 513180.748193359351717, 5686823.298864746466279 ] ] ] } },
{ "type": "Feature", "properties": { "id": 327, "area_px": 12447.0, "aspect_ratio": 4.84, "zone": "yard" }, "geometry": { "type": "Polygon", "coordinates": [ [ [ 513202.346350097679533, 5686861.625012206844985 ], [ 513202.934777832007967, 5686864.118762207217515 ], [ 513215.003320312476717, 5686861.271130370907485 ], [ 513214.414892578148283, 5686858.777380371466279 ], [ 513202.346350097679533, 5686861.625012206844985 ] ] ] } },
{ "type": "Feature", "properties": { "id": 328, "area_px": 12445.0, "aspect_ratio": 4.68, "zone": "yard" }, "geometry": { "type": "Polygon", "coordinates": [ [ [ 513249.166235351585783, 5686842.05078125 ], [ 513249.735180664050858, 5686844.604345703497529 ], [ 513261.687963867210783, 5686841.9412841796875 ], [ 513261.1190185546875, 5686839.387719726189971 ], [ 513249.166235351585783, 5686842.05078125 ] ] ] } },
{ "type": "Feature", "properties": { "id": 329, "area_px": 12438.0, "aspect_ratio": 4.66, "zone": "yard" }, "geometry": { "type": "Polygon", "coordinates": [ [ [ 513204.472753906273283, 5686813.514624023810029 ], [ 513205.030078125011642, 5686816.0782470703125 ], [ 513216.976367187511642, 5686813.481225585564971 ], [ 513216.419042968773283, 5686810.9176025390625 ], [ 513204.472753906273283, 5686813.514624023810029 ] ] ] } },
{ "type": "Feature", "properties": { "id": 330, "area_px": 12433.0, "aspect_ratio": 4.85, "zone": "yard" }, "geometry": { "type": "Polygon", "coordinates": [ [ [ 513203.636743164039217, 5686809.36981201171875 ], [ 513204.208227539085783, 5686811.874304199591279 ], [ 513216.350170898425858, 5686809.103649902157485 ], [ 513215.7786865234375, 5686806.599157715216279 ], [ 513203.636743164039217, 5686809.36981201171875 ] ] ] } },
{ "type": "Feature", "properties": { "id": 331, "area_px": 12428.0, "aspect_ratio": 4.98, "zone": "yard" }, "geometry": { "type": "Polygon", "coordinates": [ [ [ 513229.2662353515625, 5686543.246630859561265 ], [ 513241.787084960960783, 5686545.139306640252471 ], [ 513242.1673583984375, 5686542.623583984561265 ], [ 513229.646508789039217, 5686540.730908202938735 ], [ 513229.2662353515625, 5686543.246630859561265 ] ] ] } },
{ "type": "Feature", "properties": { "id": 332, "area_px": 12428.0, "aspect_ratio": 4.99, "zone": "yard" }, "geometry": { "type": "Polygon", "coordinates": [ [ [ 513227.923999023449142, 5686550.813183593563735 ], [ 513240.4075927734375, 5686552.7021484375 ], [ 513240.786157226539217, 5686550.2001953125 ], [ 513228.302563476550858, 5686548.311230468563735 ], [ 513227.923999023449142, 5686550.813183593563735 ] ] ] } },
{ "type": "Feature", "properties": { "id": 333, "area_px": 12427.0, "aspect_ratio": 4.95, "zone": "yard" }, "geometry": { "type": "Polygon", "coordinates": [ [ [ 513229.9146728515625, 5686538.213281249627471 ], [ 513242.432543945324142, 5686540.067773437127471 ], [ 513242.807055664074142, 5686537.539941405877471 ], [ 513230.2891845703125, 5686535.685449218377471 ], [ 513229.9146728515625, 5686538.213281249627471 ] ] ] } },
{ "type": "Feature", "properties": { "id": 334, "area_px": 12410.0, "aspect_ratio": 4.81, "zone": "yard" }, "geometry": { "type": "Polygon", "coordinates": [ [ [ 513324.484619140625, 5686702.159448241814971 ], [ 513325.050097656261642, 5686704.696362304501235 ], [ 513337.240576171898283, 5686701.979223633185029 ], [ 513336.675097656261642, 5686699.442309570498765 ], [ 513324.484619140625, 5686702.159448241814971 ] ] ] } },
{ "type": "Feature", "properties": { "id": 335, "area_px": 12407.0, "aspect_ratio": 4.87, "zone": "yard" }, "geometry": { "type": "Polygon", "coordinates": [ [ [ 513259.316210937511642, 5686543.052636718377471 ], [ 513271.640527343726717, 5686545.106738281436265 ], [ 513272.062158203101717, 5686542.577050780877471 ], [ 513259.737841796886642, 5686540.52294921875 ], [ 513259.316210937511642, 5686543.052636718377471 ] ] ] } },
{ "type": "Feature", "properties": { "id": 336, "area_px": 12397.0, "aspect_ratio": 5.11, "zone": "yard" }, "geometry": { "type": "Polygon", "coordinates": [ [ [ 513202.722070312476717, 5686523.260156249627471 ], [ 513215.281591796898283, 5686525.212011719122529 ], [ 513215.663769531238358, 5686522.752832030877471 ], [ 513203.104248046875, 5686520.800976562313735 ], [ 513202.722070312476717, 5686523.260156249627471 ] ] ] } },
{ "type": "Feature", "properties": { "id": 337, "area_px": 12396.0, "aspect_ratio": 4.87, "zone": "yard" }, "geometry": { "type": "Polygon", "coordinates": [ [ [ 513356.001757812511642, 5686778.782934570685029 ], [ 513356.5546875, 5686781.271166992373765 ], [ 513368.662353515625, 5686778.580590819939971 ], [ 513368.109423828136642, 5686776.092358398251235 ], [ 513356.001757812511642, 5686778.782934570685029 ] ] ] } },
{ "type": "Feature", "properties": { "id": 338, "area_px": 12391.0, "aspect_ratio": 4.92, "zone": "yard" }, "geometry": { "type": "Polygon", "coordinates": [ [ [ 513269.530224609363358, 5686688.649926757439971 ], [ 513270.105126953101717, 5686691.122045898810029 ], [ 513282.277050781238358, 5686688.2913818359375 ], [ 513281.7021484375, 5686685.819262695498765 ], [ 513269.530224609363358, 5686688.649926757439971 ] ] ] } },
{ "type": "Feature", "properties": { "id": 339, "area_px": 12383.0, "aspect_ratio": 4.97, "zone": "yard" }, "geometry": { "type": "Polygon", "coordinates": [ [ [ 513307.613671874976717, 5686794.047070312313735 ], [ 513308.144140625023283, 5686796.522680664435029 ], [ 513320.436816406261642, 5686793.888525390997529 ], [ 513319.906347656273283, 5686791.412915038876235 ], [ 513307.613671874976717, 5686794.047070312313735 ] ] ] } },
{ "type": "Feature", "properties": { "id": 340, "area_px": 12378.0, "aspect_ratio": 4.83, "zone": "yard" }, "geometry": { "type": "Polygon", "coordinates": [ [ [ 513386.497314453125, 5686617.459790038876235 ], [ 513389.16943359375, 5686629.5399169921875 ], [ 513391.670996093773283, 5686628.986596679314971 ], [ 513388.998876953148283, 5686616.906469726935029 ], [ 513386.497314453125, 5686617.459790038876235 ] ] ] } },
{ "type": "Feature", "properties": { "id": 341, "area_px": 12377.0, "aspect_ratio": 4.87, "zone": "yard" }, "geometry": { "type": "Polygon", "coordinates": [ [ [ 513202.915478515613358, 5686695.486083984375 ], [ 513203.489990234375, 5686697.959765625186265 ], [ 513215.535986328148283, 5686695.161962890997529 ], [ 513214.961474609386642, 5686692.688281250186265 ], [ 513202.915478515613358, 5686695.486083984375 ] ] ] } },
{ "type": "Feature", "properties": { "id": 342, "area_px": 12376.0, "aspect_ratio": 4.8, "zone": "yard" }, "geometry": { "type": "Polygon", "coordinates": [ [ [ 513226.810473632824142, 5686856.104150390252471 ], [ 513227.3760986328125, 5686858.605395507998765 ], [ 513239.393041992210783, 5686855.888012695126235 ], [ 513238.827416992164217, 5686853.386767578311265 ], [ 513226.810473632824142, 5686856.104150390252471 ] ] ] } },
{ "type": "Feature", "properties": { "id": 343, "area_px": 12376.0, "aspect_ratio": 5.43, "zone": "ship" }, "geometry": { "type": "Polygon", "coordinates": [ [ [ 513456.672802734363358, 5686833.959338379092515 ], [ 513459.773095703101717, 5686847.135729980655015 ], [ 513462.200439453125, 5686846.564587402157485 ], [ 513459.100146484386642, 5686833.388195800594985 ], [ 513456.672802734363358, 5686833.959338379092515 ] ] ] } },
{ "type": "Feature", "properties": { "id": 344, "area_px": 12374.0, "aspect_ratio": 4.87, "zone": "yard" }, "geometry": { "type": "Polygon", "coordinates": [ [ [ 513364.474072265613358, 5686514.752734375186265 ], [ 513367.191162109375, 5686526.856054687872529 ], [ 513369.676123046898283, 5686526.298242187127471 ], [ 513366.959033203136642, 5686514.194921875372529 ], [ 513364.474072265613358, 5686514.752734375186265 ] ] ] } },
{ "type": "Feature", "properties": { "id": 345, "area_px": 12372.0, "aspect_ratio": 4.9, "zone": "yard" }, "geometry": { "type": "Polygon", "coordinates": [ [ [ 513312.203540039074142, 5686869.765893554314971 ], [ 513312.754125976585783, 5686872.2435302734375 ], [ 513324.893530273460783, 5686869.545874023810029 ], [ 513324.342944335949142, 5686867.0682373046875 ], [ 513312.203540039074142, 5686869.765893554314971 ] ] ] } },
{ "type": "Feature", "properties": { "id": 346, "area_px": 12368.0, "aspect_ratio": 4.95, "zone": "yard" }, "geometry": { "type": "Polygon", "coordinates": [ [ [ 513147.519140625023283, 5686736.936328125186265 ], [ 513148.091625976550858, 5686739.393212890252471 ], [ 513160.259619140648283, 5686736.557958984747529 ], [ 513159.6871337890625, 5686734.10107421875 ], [ 513147.519140625023283, 5686736.936328125186265 ] ] ] } },
{ "type": "Feature", "properties": { "id": 347, "area_px": 12367.0, "aspect_ratio": 4.89, "zone": "yard" }, "geometry": { "type": "Polygon", "coordinates": [ [ [ 513335.8609619140625, 5686804.997473144903779 ], [ 513336.432299804699142, 5686807.47332763671875 ], [ 513348.541284179664217, 5686804.678942871280015 ], [ 513347.969946289085783, 5686802.203088378533721 ], [ 513335.8609619140625, 5686804.997473144903779 ] ] ] } },
{ "type": "Feature", "properties": { "id": 348, "area_px": 12366.0, "aspect_ratio": 4.83, "zone": "yard" }, "geometry": { "type": "Polygon", "coordinates": [ [ [ 513207.188378906226717, 5686825.986865234561265 ], [ 513207.76953125, 5686828.468847656622529 ], [ 513219.749121093773283, 5686825.663867187686265 ], [ 513219.16796875, 5686823.181884765625 ], [ 513207.188378906226717, 5686825.986865234561265 ] ] ] } },
{ "type": "Feature", "properties": { "id": 349, "area_px": 12362.0, "aspect_ratio": 4.91, "zone": "yard" }, "geometry": { "type": "Polygon", "coordinates": [ [ [ 513224.479589843773283, 5686732.698193359188735 ], [ 513225.027001953101717, 5686735.174560546875 ], [ 513237.190527343773283, 5686732.485791015438735 ], [ 513236.643115234386642, 5686730.009423827752471 ], [ 513224.479589843773283, 5686732.698193359188735 ] ] ] } },
{ "type": "Feature", "properties": { "id": 350, "area_px": 12360.0, "aspect_ratio": 4.89, "zone": "yard" }, "geometry": { "type": "Polygon", "coordinates": [ [ [ 513373.551977539085783, 5686855.79754638671875 ], [ 513374.103784179664217, 5686858.293127441778779 ], [ 513386.318920898425858, 5686855.592297363094985 ], [ 513385.767114257789217, 5686853.096716308966279 ], [ 513373.551977539085783, 5686855.79754638671875 ] ] ] } },
{ "type": "Feature", "properties": { "id": 351, "area_px": 12358.0, "aspect_ratio": 4.89, "zone": "yard" }, "geometry": { "type": "Polygon", "coordinates": [ [ [ 513402.479711914085783, 5686981.518745422363281 ], [ 513403.042749023414217, 5686984.005418395623565 ], [ 513415.203320312488358, 5686981.252082824707031 ], [ 513414.640234375023283, 5686978.765409851446748 ], [ 513402.479711914085783, 5686981.518745422363281 ] ] ] } },
{ "type": "Feature", "properties": { "id": 352, "area_px": 12358.0, "aspect_ratio": 4.57, "zone": "yard" }, "geometry": { "type": "Polygon", "coordinates": [ [ [ 513212.611767578113358, 5686850.152941894717515 ], [ 513213.190576171851717, 5686852.757653808221221 ], [ 513225.086474609386642, 5686850.114123535342515 ], [ 513224.507666015648283, 5686847.509411620907485 ], [ 513212.611767578113358, 5686850.152941894717515 ] ] ] } },
{ "type": "Feature", "properties": { "id": 353, "area_px": 12355.0, "aspect_ratio": 3.92, "zone": "yard" }, "geometry": { "type": "Polygon", "coordinates": [ [ [ 513222.497631835925858, 5686830.989416504278779 ], [ 513223.118823242199142, 5686833.784704590216279 ], [ 513234.082934570324142, 5686831.348229980096221 ], [ 513233.461743164050858, 5686828.552941894158721 ], [ 513222.497631835925858, 5686830.989416504278779 ] ] ] } },
{ "type": "Feature", "properties": { "id": 354, "area_px": 12353.0, "aspect_ratio": 4.9, "zone": "yard" }, "geometry": { "type": "Polygon", "coordinates": [ [ [ 513174.111767578113358, 5686739.6529541015625 ], [ 513174.664697265601717, 5686742.141186523251235 ], [ 513186.846459960914217, 5686739.434106444939971 ], [ 513186.293530273425858, 5686736.945874023251235 ], [ 513174.111767578113358, 5686739.6529541015625 ] ] ] } },
{ "type": "Feature", "properties": { "id": 355, "area_px": 12351.0, "aspect_ratio": 5.03, "zone": "yard" }, "geometry": { "type": "Polygon", "coordinates": [ [ [ 513177.295996093773283, 5686586.078027343377471 ], [ 513189.818994140601717, 5686587.866992187686265 ], [ 513190.174999999988358, 5686585.375 ], [ 513177.652001953101717, 5686583.586035156622529 ], [ 513177.295996093773283, 5686586.078027343377471 ] ] ] } },
{ "type": "Feature", "properties": { "id": 356, "area_px": 12349.0, "aspect_ratio": 4.86, "zone": "yard" }, "geometry": { "type": "Polygon", "coordinates": [ [ [ 513331.164721679699142, 5686784.291186523623765 ], [ 513331.718823242175858, 5686786.784692382439971 ], [ 513343.847631835960783, 5686784.089379882439971 ], [ 513343.293530273425858, 5686781.595874023623765 ], [ 513331.164721679699142, 5686784.291186523623765 ] ] ] } },
{ "type": "Feature", "properties": { "id": 357, "area_px": 12348.0, "aspect_ratio": 4.86, "zone": "yard" }, "geometry": { "type": "Polygon", "coordinates": [ [ [ 513272.7750244140625, 5686644.715722655877471 ], [ 513273.3428955078125, 5686647.2001953125 ], [ 513285.405541992164217, 5686644.443017577752471 ], [ 513284.837670898414217, 5686641.958544922061265 ], [ 513272.7750244140625, 5686644.715722655877471 ] ] ] } },
{ "type": "Feature", "properties": { "id": 358, "area_px": 12346.0, "aspect_ratio": 4.07, "zone": "ship" }, "geometry": { "type": "Polygon", "coordinates": [ [ [ 513493.380664062511642, 5686828.254260254092515 ], [ 513495.863476562488358, 5686839.49578857421875 ], [ 513498.623925781226717, 5686838.886120605282485 ], [ 513496.14111328125, 5686827.64459228515625 ], [ 513493.380664062511642, 5686828.254260254092515 ] ] ] } },
{ "type": "Feature", "properties": { "id": 359, "area_px": 12346.0, "aspect_ratio": 4.88, "zone": "yard" }, "geometry": { "type": "Polygon", "coordinates": [ [ [ 513151.056884765625, 5686753.456225586123765 ], [ 513151.626367187476717, 5686755.969799804501235 ], [ 513163.886132812476717, 5686753.192211913876235 ], [ 513163.316650390625, 5686750.678637695498765 ], [ 513151.056884765625, 5686753.456225586123765 ] ] ] } },
{ "type": "Feature", "properties": { "id": 360, "area_px": 12341.0, "aspect_ratio": 4.94, "zone": "yard" }, "geometry": { "type": "Polygon", "coordinates": [ [ [ 513305.916699218738358, 5686671.861987304873765 ], [ 513306.457177734351717, 5686674.332836913876235 ], [ 513318.65771484375, 5686671.6639404296875 ], [ 513318.117236328136642, 5686669.193090820685029 ], [ 513305.916699218738358, 5686671.861987304873765 ] ] ] } },
{ "type": "Feature", "properties": { "id": 361, "area_px": 12331.0, "aspect_ratio": 4.93, "zone": "yard" }, "geometry": { "type": "Polygon", "coordinates": [ [ [ 513175.797644042992033, 5686747.939404296688735 ], [ 513176.349401855492033, 5686750.42236328125 ], [ 513188.584118652332108, 5686747.703515624627471 ], [ 513188.032360839832108, 5686745.220556640997529 ], [ 513175.797644042992033, 5686747.939404296688735 ] ] ] } },
{ "type": "Feature", "properties": { "id": 362, "area_px": 12327.0, "aspect_ratio": 4.89, "zone": "yard" }, "geometry": { "type": "Polygon", "coordinates": [ [ [ 513349.269946289074142, 5686505.729296875186265 ], [ 513352.041333007800858, 5686517.784765625372529 ], [ 513354.507006835949142, 5686517.217968749813735 ], [ 513351.735620117164217, 5686505.162499999627471 ], [ 513349.269946289074142, 5686505.729296875186265 ] ] ] } },
{ "type": "Feature", "properties": { "id": 363, "area_px": 12325.0, "aspect_ratio": 4.86, "zone": "yard" }, "geometry": { "type": "Polygon", "coordinates": [ [ [ 513376.293530273425858, 5686813.395886230282485 ], [ 513376.847631835960783, 5686815.889416503719985 ], [ 513388.971166992210783, 5686813.195300293155015 ], [ 513388.417065429675858, 5686810.701770019717515 ], [ 513376.293530273425858, 5686813.395886230282485 ] ] ] } },
{ "type": "Feature", "properties": { "id": 364, "area_px": 12325.0, "aspect_ratio": 4.91, "zone": "yard" }, "geometry": { "type": "Polygon", "coordinates": [ [ [ 513374.851000976574142, 5686805.086267089471221 ], [ 513375.400903320289217, 5686807.552502441219985 ], [ 513387.512915039085783, 5686804.851843262091279 ], [ 513386.9630126953125, 5686802.385607910342515 ], [ 513374.851000976574142, 5686805.086267089471221 ] ] ] } },
{ "type": "Feature", "properties": { "id": 365, "area_px": 12323.0, "aspect_ratio": 4.85, "zone": "yard" }, "geometry": { "type": "Polygon", "coordinates": [ [ [ 513209.563867187476717, 5686893.413183594122529 ], [ 513210.130419921886642, 5686895.9010009765625 ], [ 513222.186425781226717, 5686893.155566406436265 ], [ 513221.619873046875, 5686890.667749023064971 ], [ 513209.563867187476717, 5686893.413183594122529 ] ] ] } },
{ "type": "Feature", "properties": { "id": 366, "area_px": 12320.0, "aspect_ratio": 4.83, "zone": "yard" }, "geometry": { "type": "Polygon", "coordinates": [ [ [ 513352.1787109375, 5686518.218212890438735 ], [ 513354.879101562488358, 5686530.280029296875 ], [ 513357.377050781273283, 5686529.720751953311265 ], [ 513354.676660156226717, 5686517.658935546875 ], [ 513352.1787109375, 5686518.218212890438735 ] ] ] } },
{ "type": "Feature", "properties": { "id": 367, "area_px": 12317.0, "aspect_ratio": 5.04, "zone": "yard" }, "geometry": { "type": "Polygon", "coordinates": [ [ [ 513229.494824218738358, 5686540.669824218377471 ], [ 513242.047607421875, 5686542.580078125 ], [ 513242.426855468773283, 5686540.087792968377471 ], [ 513229.874072265636642, 5686538.177539062686265 ], [ 513229.494824218738358, 5686540.669824218377471 ] ] ] } },
{ "type": "Feature", "properties": { "id": 368, "area_px": 12316.0, "aspect_ratio": 4.87, "zone": "yard" }, "geometry": { "type": "Polygon", "coordinates": [ [ [ 513258.472607421863358, 5686639.284033203497529 ], [ 513259.057470703148283, 5686641.760058593936265 ], [ 513271.110888671886642, 5686638.912792968563735 ], [ 513270.526025390601717, 5686636.436767578125 ], [ 513258.472607421863358, 5686639.284033203497529 ] ] ] } },
{ "type": "Feature", "properties": { "id": 369, "area_px": 12314.0, "aspect_ratio": 4.82, "zone": "yard" }, "geometry": { "type": "Polygon", "coordinates": [ [ [ 513322.936621093773283, 5686633.4410400390625 ], [ 513323.483349609363358, 5686635.936987305060029 ], [ 513335.52099609375, 5686633.3001708984375 ], [ 513334.974267578101717, 5686630.804223632439971 ], [ 513322.936621093773283, 5686633.4410400390625 ] ] ] } },
{ "type": "Feature", "properties": { "id": 370, "area_px": 12311.0, "aspect_ratio": 4.86, "zone": "yard" }, "geometry": { "type": "Polygon", "coordinates": [ [ [ 513357.673828125, 5686787.4013671875 ], [ 513358.219970703125, 5686789.877197265625 ], [ 513370.264062499976717, 5686787.220410156063735 ], [ 513369.717919921851717, 5686784.744580077938735 ], [ 513357.673828125, 5686787.4013671875 ] ] ] } },
{ "type": "Feature", "properties": { "id": 371, "area_px": 12311.0, "aspect_ratio": 4.93, "zone": "yard" }, "geometry": { "type": "Polygon", "coordinates": [ [ [ 513178.576196289039217, 5686578.439111327752471 ], [ 513190.98876953125, 5686580.270458984188735 ], [ 513191.360424804675858, 5686577.751513672061265 ], [ 513178.947851562523283, 5686575.920166015625 ], [ 513178.576196289039217, 5686578.439111327752471 ] ] ] } },
{ "type": "Feature", "properties": { "id": 372, "area_px": 12298.0, "aspect_ratio": 4.78, "zone": "yard" }, "geometry": { "type": "Polygon", "coordinates": [ [ [ 513226.350170898425858, 5686910.987353515811265 ], [ 513226.915698242199142, 5686913.488635254092515 ], [ 513238.8760986328125, 5686910.7845458984375 ], [ 513238.310571289039217, 5686908.28326416015625 ], [ 513226.350170898425858, 5686910.987353515811265 ] ] ] } },
{ "type": "Feature", "properties": { "id": 373, "area_px": 12298.0, "aspect_ratio": 4.94, "zone": "yard" }, "geometry": { "type": "Polygon", "coordinates": [ [ [ 513133.074108886707108, 5686672.2335205078125 ], [ 513133.621179199195467, 5686674.695288086310029 ], [ 513145.792346191417892, 5686671.9906005859375 ], [ 513145.245275878929533, 5686669.528833007439971 ], [ 513133.074108886707108, 5686672.2335205078125 ] ] ] } },
{ "type": "Feature", "properties": { "id": 374, "area_px": 12298.0, "aspect_ratio": 4.83, "zone": "yard" }, "geometry": { "type": "Polygon", "coordinates": [ [ [ 513281.990649414074142, 5686685.777856444939971 ], [ 513282.560375976550858, 5686688.270483398810029 ], [ 513294.610815429710783, 5686685.516088867560029 ], [ 513294.041088867175858, 5686683.023461913689971 ], [ 513281.990649414074142, 5686685.777856444939971 ] ] ] } },
{ "type": "Feature", "properties": { "id": 375, "area_px": 12292.0, "aspect_ratio": 4.87, "zone": "yard" }, "geometry": { "type": "Polygon", "coordinates": [ [ [ 513299.527075195335783, 5686817.374536132439971 ], [ 513300.071752929710783, 5686819.880053711123765 ], [ 513312.275463867175858, 5686817.227075194939971 ], [ 513311.730786132800858, 5686814.7215576171875 ], [ 513299.527075195335783, 5686817.374536132439971 ] ] ] } },
{ "type": "Feature", "properties": { "id": 376, "area_px": 12288.0, "aspect_ratio": 4.92, "zone": "yard" }, "geometry": { "type": "Polygon", "coordinates": [ [ [ 513211.510571289050858, 5686785.951904296875 ], [ 513212.083520507789217, 5686788.422656250186265 ], [ 513224.229711914085783, 5686785.606152343563735 ], [ 513223.656762695289217, 5686783.135400390252471 ], [ 513211.510571289050858, 5686785.951904296875 ] ] ] } },
{ "type": "Feature", "properties": { "id": 377, "area_px": 12287.0, "aspect_ratio": 4.82, "zone": "yard" }, "geometry": { "type": "Polygon", "coordinates": [ [ [ 513271.843310546886642, 5686883.730541992001235 ], [ 513272.420703125011642, 5686886.220556640997529 ], [ 513284.411474609398283, 5686883.440087890252471 ], [ 513283.834082031273283, 5686880.9500732421875 ], [ 513271.843310546886642, 5686883.730541992001235 ] ] ] } },
{ "type": "Feature", "properties": { "id": 378, "area_px": 12282.0, "aspect_ratio": 4.63, "zone": "yard" }, "geometry": { "type": "Polygon", "coordinates": [ [ [ 513259.7855224609375, 5686540.50830078125 ], [ 513271.744555664074142, 5686542.532128905877471 ], [ 513272.181420898414217, 5686539.95068359375 ], [ 513260.222387695335783, 5686537.926855469122529 ], [ 513259.7855224609375, 5686540.50830078125 ] ] ] } },
{ "type": "Feature", "properties": { "id": 379, "area_px": 12281.0, "aspect_ratio": 4.94, "zone": "yard" }, "geometry": { "type": "Polygon", "coordinates": [ [ [ 513270.842309570289217, 5686636.311547851189971 ], [ 513271.3345947265625, 5686638.7730712890625 ], [ 513283.488452148449142, 5686636.342309569939971 ], [ 513282.996166992175858, 5686633.880786132998765 ], [ 513270.842309570289217, 5686636.311547851189971 ] ] ] } },
{ "type": "Feature", "properties": { "id": 380, "area_px": 12280.0, "aspect_ratio": 4.96, "zone": "yard" }, "geometry": { "type": "Polygon", "coordinates": [ [ [ 513224.0557861328125, 5686783.05126953125 ], [ 513224.6151123046875, 5686785.505029296502471 ], [ 513236.776635742164217, 5686782.73291015625 ], [ 513236.217309570289217, 5686780.279150390997529 ], [ 513224.0557861328125, 5686783.05126953125 ] ] ] } },
{ "type": "Feature", "properties": { "id": 381, "area_px": 12276.0, "aspect_ratio": 4.62, "zone": "yard" }, "geometry": { "type": "Polygon", "coordinates": [ [ [ 513182.968273925769608, 5686665.348681640811265 ], [ 513183.554455566394608, 5686667.913281249813735 ], [ 513195.410729980445467, 5686665.203271484002471 ], [ 513194.824548339820467, 5686662.638671875 ], [ 513182.968273925769608, 5686665.348681640811265 ] ] ] } },
{ "type": "Feature", "properties": { "id": 382, "area_px": 12276.0, "aspect_ratio": 4.88, "zone": "yard" }, "geometry": { "type": "Polygon", "coordinates": [ [ [ 513308.230200195335783, 5686684.216748046688735 ], [ 513308.792407226574142, 5686686.699853515252471 ], [ 513320.909887695335783, 5686683.956249999813735 ], [ 513320.347680664039217, 5686681.47314453125 ], [ 513308.230200195335783, 5686684.216748046688735 ] ] ] } },
{ "type": "Feature", "properties": { "id": 383, "area_px": 12270.0, "aspect_ratio": 4.88, "zone": "yard" }, "geometry": { "type": "Polygon", "coordinates": [ [ [ 513271.9693603515625, 5686640.528417969122529 ], [ 513272.531958007835783, 5686642.989843750372529 ], [ 513284.545727539050858, 5686640.243847656063735 ], [ 513283.983129882835783, 5686637.782421874813735 ], [ 513271.9693603515625, 5686640.528417969122529 ] ] ] } },
{ "type": "Feature", "properties": { "id": 384, "area_px": 12267.0, "aspect_ratio": 4.84, "zone": "yard" }, "geometry": { "type": "Polygon", "coordinates": [ [ [ 513201.542016601539217, 5686530.828955078497529 ], [ 513213.736596679664217, 5686532.776025390252471 ], [ 513214.139233398425858, 5686530.254150390625 ], [ 513201.944653320300858, 5686528.307080077938735 ], [ 513201.542016601539217, 5686530.828955078497529 ] ] ] } },
{ "type": "Feature", "properties": { "id": 385, "area_px": 12259.0, "aspect_ratio": 4.96, "zone": "yard" }, "geometry": { "type": "Polygon", "coordinates": [ [ [ 513400.430517578148283, 5686973.228515625 ], [ 513400.975146484386642, 5686975.692335510626435 ], [ 513413.206933593726717, 5686972.988470459356904 ], [ 513412.662304687488358, 5686970.524652099236846 ], [ 513400.430517578148283, 5686973.228515625 ] ] ] } },
{ "type": "Feature", "properties": { "id": 386, "area_px": 12257.0, "aspect_ratio": 4.88, "zone": "yard" }, "geometry": { "type": "Polygon", "coordinates": [ [ [ 513348.476660156273283, 5686692.503686523064971 ], [ 513349.034912109375, 5686694.976000976748765 ], [ 513361.111083984375, 5686692.249096679501235 ], [ 513360.552832031273283, 5686689.776782226748765 ], [ 513348.476660156273283, 5686692.503686523064971 ] ] ] } },
{ "type": "Feature", "properties": { "id": 387, "area_px": 12249.0, "aspect_ratio": 4.79, "zone": "yard" }, "geometry": { "type": "Polygon", "coordinates": [ [ [ 513232.5535888671875, 5686824.450659180060029 ], [ 513233.116967773414217, 5686826.949121093377471 ], [ 513245.078833007835783, 5686824.2518310546875 ], [ 513244.515454101550858, 5686821.753369140438735 ], [ 513232.5535888671875, 5686824.450659180060029 ] ] ] } },
{ "type": "Feature", "properties": { "id": 388, "area_px": 12248.0, "aspect_ratio": 4.97, "zone": "yard" }, "geometry": { "type": "Polygon", "coordinates": [ [ [ 513175.899365234363358, 5686505.611914062872529 ], [ 513188.320727539074142, 5686507.628320312127471 ], [ 513188.726513671863358, 5686505.128613281063735 ], [ 513176.305151367210783, 5686503.112207030877471 ], [ 513175.899365234363358, 5686505.611914062872529 ] ] ] } },
{ "type": "Feature", "properties": { "id": 389, "area_px": 12246.0, "aspect_ratio": 4.89, "zone": "yard" }, "geometry": { "type": "Polygon", "coordinates": [ [ [ 513256.235253906226717, 5686814.920654296875 ], [ 513256.788525390613358, 5686817.385229492560029 ], [ 513268.852001953113358, 5686814.677099609747529 ], [ 513268.298730468726717, 5686812.2125244140625 ], [ 513256.235253906226717, 5686814.920654296875 ] ] ] } },
{ "type": "Feature", "properties": { "id": 390, "area_px": 12246.0, "aspect_ratio": 5.01, "zone": "yard" }, "geometry": { "type": "Polygon", "coordinates": [ [ [ 513228.811059570289217, 5686545.743359374813735 ], [ 513241.277124023414217, 5686547.6376953125 ], [ 513241.655590820300858, 5686545.147167968563735 ], [ 513229.189526367175858, 5686543.252832030877471 ], [ 513228.811059570289217, 5686545.743359374813735 ] ] ] } },
{ "type": "Feature", "properties": { "id": 391, "area_px": 12244.0, "aspect_ratio": 4.76, "zone": "yard" }, "geometry": { "type": "Polygon", "coordinates": [ [ [ 513348.726464843726717, 5686861.37823486328125 ], [ 513349.309228515601717, 5686863.927893066778779 ], [ 513361.438378906226717, 5686861.155505371280015 ], [ 513360.855615234351717, 5686858.605847167782485 ], [ 513348.726464843726717, 5686861.37823486328125 ] ] ] } },
{ "type": "Feature", "properties": { "id": 392, "area_px": 12243.0, "aspect_ratio": 4.8, "zone": "yard" }, "geometry": { "type": "Polygon", "coordinates": [ [ [ 513324.482568359351717, 5686867.081469726748765 ], [ 513325.040429687476717, 5686869.566430663689971 ], [ 513336.975683593773283, 5686866.8870849609375 ], [ 513336.417822265648283, 5686864.402124023064971 ], [ 513324.482568359351717, 5686867.081469726748765 ] ] ] } },
{ "type": "Feature", "properties": { "id": 393, "area_px": 12237.0, "aspect_ratio": 4.78, "zone": "yard" }, "geometry": { "type": "Polygon", "coordinates": [ [ [ 513226.421362304710783, 5686685.801171874627471 ], [ 513226.979077148425858, 5686688.304882812313735 ], [ 513238.942797851574142, 5686685.639990234747529 ], [ 513238.385083007800858, 5686683.136279297061265 ], [ 513226.421362304710783, 5686685.801171874627471 ] ] ] } },
{ "type": "Feature", "properties": { "id": 394, "area_px": 12231.0, "aspect_ratio": 4.91, "zone": "yard" }, "geometry": { "type": "Polygon", "coordinates": [ [ [ 513210.563525390636642, 5686897.385876464657485 ], [ 513211.109423828136642, 5686899.84234619140625 ], [ 513223.180029296898283, 5686897.159997558221221 ], [ 513222.634130859398283, 5686894.703527832403779 ], [ 513210.563525390636642, 5686897.385876464657485 ] ] ] } },
{ "type": "Feature", "properties": { "id": 395, "area_px": 12226.0, "aspect_ratio": 4.8, "zone": "yard" }, "geometry": { "type": "Polygon", "coordinates": [ [ [ 513336.470703125, 5686864.033044433221221 ], [ 513337.035937500011642, 5686866.52960205078125 ], [ 513349.026904296886642, 5686863.814660644158721 ], [ 513348.461669921875, 5686861.318103027530015 ], [ 513336.470703125, 5686864.033044433221221 ] ] ] } },
{ "type": "Feature", "properties": { "id": 396, "area_px": 12215.0, "aspect_ratio": 4.95, "zone": "yard" }, "geometry": { "type": "Polygon", "coordinates": [ [ [ 513282.183056640613358, 5686744.827319336123765 ], [ 513282.753955078136642, 5686747.274096679873765 ], [ 513294.858251953148283, 5686744.449731444939971 ], [ 513294.287353515625, 5686742.002954101189971 ], [ 513282.183056640613358, 5686744.827319336123765 ] ] ] } },
{ "type": "Feature", "properties": { "id": 397, "area_px": 12215.0, "aspect_ratio": 4.92, "zone": "yard" }, "geometry": { "type": "Polygon", "coordinates": [ [ [ 513311.156005859375, 5686640.400390625 ], [ 513311.694873046886642, 5686642.846044922247529 ], [ 513323.715527343738358, 5686640.197412109002471 ], [ 513323.176660156226717, 5686637.751757812686265 ], [ 513311.156005859375, 5686640.400390625 ] ] ] } },
{ "type": "Feature", "properties": { "id": 398, "area_px": 12215.0, "aspect_ratio": 4.86, "zone": "yard" }, "geometry": { "type": "Polygon", "coordinates": [ [ [ 513309.574487304664217, 5686632.113427734002471 ], [ 513310.119360351585783, 5686634.587939453311265 ], [ 513322.152514648449142, 5686631.938427734188735 ], [ 513321.607641601585783, 5686629.463916015811265 ], [ 513309.574487304664217, 5686632.113427734002471 ] ] ] } },
{ "type": "Feature", "properties": { "id": 399, "area_px": 12213.0, "aspect_ratio": 4.87, "zone": "yard" }, "geometry": { "type": "Polygon", "coordinates": [ [ [ 513206.3240966796875, 5686821.7335205078125 ], [ 513206.873510742210783, 5686824.205883788876235 ], [ 513218.907055664050858, 5686821.531762694939971 ], [ 513218.357641601585783, 5686819.059399413876235 ], [ 513206.3240966796875, 5686821.7335205078125 ] ] ] } },
{ "type": "Feature", "properties": { "id": 400, "area_px": 12210.0, "aspect_ratio": 4.86, "zone": "yard" }, "geometry": { "type": "Polygon", "coordinates": [ [ [ 513211.021752929664217, 5686842.131115722469985 ], [ 513211.573706054710783, 5686844.595080566592515 ], [ 513223.5450439453125, 5686841.91351318359375 ], [ 513222.993090820324142, 5686839.449548339471221 ], [ 513211.021752929664217, 5686842.131115722469985 ] ] ] } },
{ "type": "Feature", "properties": { "id": 401, "area_px": 12210.0, "aspect_ratio": 4.82, "zone": "yard" }, "geometry": { "type": "Polygon", "coordinates": [ [ [ 513327.939379882824142, 5686768.496484374627471 ], [ 513328.484643554664217, 5686770.986572265625 ], [ 513340.4879150390625, 5686768.358105468563735 ], [ 513339.942651367164217, 5686765.868017578497529 ], [ 513327.939379882824142, 5686768.496484374627471 ] ] ] } },
{ "type": "Feature", "properties": { "id": 402, "area_px": 12210.0, "aspect_ratio": 4.85, "zone": "yard" }, "geometry": { "type": "Polygon", "coordinates": [ [ [ 513199.781665039074142, 5686543.595068359747529 ], [ 513212.036914062511642, 5686545.519970702938735 ], [ 513212.433813476585783, 5686542.993017578497529 ], [ 513200.178564453148283, 5686541.068115234375 ], [ 513199.781665039074142, 5686543.595068359747529 ] ] ] } },
{ "type": "Feature", "properties": { "id": 403, "area_px": 12206.0, "aspect_ratio": 4.89, "zone": "yard" }, "geometry": { "type": "Polygon", "coordinates": [ [ [ 513309.0093994140625, 5686802.132519531063735 ], [ 513309.579663085925858, 5686804.636816406622529 ], [ 513321.829077148460783, 5686801.847338867373765 ], [ 513321.258813476539217, 5686799.343041991814971 ], [ 513309.0093994140625, 5686802.132519531063735 ] ] ] } },
{ "type": "Feature", "properties": { "id": 404, "area_px": 12203.0, "aspect_ratio": 4.96, "zone": "yard" }, "geometry": { "type": "Polygon", "coordinates": [ [ [ 513379.850854492164217, 5686885.069299316033721 ], [ 513380.388647460960783, 5686887.510119629092515 ], [ 513392.490942382835783, 5686884.843518066219985 ], [ 513391.953149414039217, 5686882.402697754092515 ], [ 513379.850854492164217, 5686885.069299316033721 ] ] ] } },
{ "type": "Feature", "properties": { "id": 405, "area_px": 12203.0, "aspect_ratio": 5.2, "zone": "yard" }, "geometry": { "type": "Polygon", "coordinates": [ [ [ 513274.062158203101717, 5686539.927001953125 ], [ 513286.532421874988358, 5686542.005419922061265 ], [ 513286.932421875011642, 5686539.605419921688735 ], [ 513274.462158203125, 5686537.527001952752471 ], [ 513274.062158203101717, 5686539.927001953125 ] ] ] } },
{ "type": "Feature", "properties": { "id": 406, "area_px": 12198.0, "aspect_ratio": 4.9, "zone": "yard" }, "geometry": { "type": "Polygon", "coordinates": [ [ [ 513310.375439453113358, 5686636.227075194939971 ], [ 513310.911523437476717, 5686638.693139648064971 ], [ 513322.996923828148283, 5686636.065893555060029 ], [ 513322.460839843726717, 5686633.599829101935029 ], [ 513310.375439453113358, 5686636.227075194939971 ] ] ] } },
{ "type": "Feature", "properties": { "id": 407, "area_px": 12197.0, "aspect_ratio": 4.87, "zone": "yard" }, "geometry": { "type": "Polygon", "coordinates": [ [ [ 513308.430639648460783, 5686628.05908203125 ], [ 513308.974096679710783, 5686630.521582031622529 ], [ 513320.977075195289217, 5686627.872656250372529 ], [ 513320.433618164039217, 5686625.41015625 ], [ 513308.430639648460783, 5686628.05908203125 ] ] ] } },
{ "type": "Feature", "properties": { "id": 408, "area_px": 12197.0, "aspect_ratio": 4.85, "zone": "yard" }, "geometry": { "type": "Polygon", "coordinates": [ [ [ 513334.324267578136642, 5686626.657006835564971 ], [ 513334.905810546886642, 5686629.1226806640625 ], [ 513346.860205078148283, 5686626.303247069939971 ], [ 513346.278662109398283, 5686623.837573242373765 ], [ 513334.324267578136642, 5686626.657006835564971 ] ] ] } },
{ "type": "Feature", "properties": { "id": 409, "area_px": 12195.0, "aspect_ratio": 4.82, "zone": "yard" }, "geometry": { "type": "Polygon", "coordinates": [ [ [ 513103.786547851574142, 5686691.967724609188735 ], [ 513104.342968749988358, 5686694.460498047061265 ], [ 513116.347094726574142, 5686691.781005859375 ], [ 513115.790673828101717, 5686689.288232421502471 ], [ 513103.786547851574142, 5686691.967724609188735 ] ] ] } },
{ "type": "Feature", "properties": { "id": 410, "area_px": 12195.0, "aspect_ratio": 4.91, "zone": "yard" }, "geometry": { "type": "Polygon", "coordinates": [ [ [ 513248.715136718761642, 5686654.349658203311265 ], [ 513249.263671875, 5686656.809765624813735 ], [ 513261.338671875011642, 5686654.117382812313735 ], [ 513260.790136718773283, 5686651.657275390811265 ], [ 513248.715136718761642, 5686654.349658203311265 ] ] ] } },
{ "type": "Feature", "properties": { "id": 411, "area_px": 12194.0, "aspect_ratio": 4.8, "zone": "yard" }, "geometry": { "type": "Polygon", "coordinates": [ [ [ 513325.526879882789217, 5686871.527587890625 ], [ 513326.082690429699142, 5686874.00732421875 ], [ 513337.989672851574142, 5686871.338525390252471 ], [ 513337.433862304664217, 5686868.858789062127471 ], [ 513325.526879882789217, 5686871.527587890625 ] ] ] } },
{ "type": "Feature", "properties": { "id": 412, "area_px": 12189.0, "aspect_ratio": 4.75, "zone": "yard" }, "geometry": { "type": "Polygon", "coordinates": [ [ [ 513369.183935546898283, 5686780.597558593377471 ], [ 513369.744140625, 5686783.096972656436265 ], [ 513381.615039062511642, 5686780.436279296875 ], [ 513381.054833984351717, 5686777.936865234747529 ], [ 513369.183935546898283, 5686780.597558593377471 ] ] ] } },
{ "type": "Feature", "properties": { "id": 413, "area_px": 12187.0, "aspect_ratio": 4.92, "zone": "yard" }, "geometry": { "type": "Polygon", "coordinates": [ [ [ 513336.210668945335783, 5686695.238989258185029 ], [ 513336.744067382824142, 5686697.692602539435029 ], [ 513348.816967773425858, 5686695.068041992373765 ], [ 513348.2835693359375, 5686692.614428711123765 ], [ 513336.210668945335783, 5686695.238989258185029 ] ] ] } },
{ "type": "Feature", "properties": { "id": 414, "area_px": 12187.0, "aspect_ratio": 4.95, "zone": "yard" }, "geometry": { "type": "Polygon", "coordinates": [ [ [ 513354.993359374988358, 5686530.59326171875 ], [ 513357.601855468761642, 5686542.696582031436265 ], [ 513360.047314453113358, 5686542.169531250372529 ], [ 513357.438818359398283, 5686530.066210937686265 ], [ 513354.993359374988358, 5686530.59326171875 ] ] ] } },
{ "type": "Feature", "properties": { "id": 415, "area_px": 12186.0, "aspect_ratio": 4.92, "zone": "yard" }, "geometry": { "type": "Polygon", "coordinates": [ [ [ 513334.262841796851717, 5686742.011572265997529 ], [ 513334.805273437523283, 5686744.486523437313735 ], [ 513346.974755859351717, 5686741.819238280877471 ], [ 513346.432324218738358, 5686739.344287109561265 ], [ 513334.262841796851717, 5686742.011572265997529 ] ] ] } },
{ "type": "Feature", "properties": { "id": 416, "area_px": 12181.0, "aspect_ratio": 4.74, "zone": "yard" }, "geometry": { "type": "Polygon", "coordinates": [ [ [ 513199.598461914050858, 5686546.120996093377471 ], [ 513211.62890625, 5686548.075976562686265 ], [ 513212.041723632835783, 5686545.535546874627471 ], [ 513200.011279296886642, 5686543.58056640625 ], [ 513199.598461914050858, 5686546.120996093377471 ] ] ] } },
{ "type": "Feature", "properties": { "id": 417, "area_px": 12179.0, "aspect_ratio": 4.69, "zone": "yard" }, "geometry": { "type": "Polygon", "coordinates": [ [ [ 513232.205029296863358, 5686879.341992187313735 ], [ 513232.723242187523283, 5686881.897387695498765 ], [ 513244.716699218726717, 5686879.465136718936265 ], [ 513244.198486328125, 5686876.909741210751235 ], [ 513232.205029296863358, 5686879.341992187313735 ] ] ] } },
{ "type": "Feature", "properties": { "id": 418, "area_px": 12169.0, "aspect_ratio": 4.78, "zone": "yard" }, "geometry": { "type": "Polygon", "coordinates": [ [ [ 513259.771923828113358, 5686703.793066406622529 ], [ 513260.333691406238358, 5686706.295507812872529 ], [ 513272.301953124988358, 5686703.608740234747529 ], [ 513271.887731403287034, 5686701.375880307517946 ], [ 513259.771923828113358, 5686703.793066406622529 ] ] ] } },
{ "type": "Feature", "properties": { "id": 419, "area_px": 12160.0, "aspect_ratio": 4.93, "zone": "yard" }, "geometry": { "type": "Polygon", "coordinates": [ [ [ 513246.994213867175858, 5686885.037890625186265 ], [ 513247.548022460949142, 5686887.492529297247529 ], [ 513259.643041992210783, 5686884.763769531622529 ], [ 513259.0892333984375, 5686882.309130859561265 ], [ 513246.994213867175858, 5686885.037890625186265 ] ] ] } },
{ "type": "Feature", "properties": { "id": 420, "area_px": 12158.0, "aspect_ratio": 4.93, "zone": "yard" }, "geometry": { "type": "Polygon", "coordinates": [ [ [ 513246.779467773449142, 5686646.251977538689971 ], [ 513247.335375976574142, 5686648.6949462890625 ], [ 513259.378881835960783, 5686645.954516601748765 ], [ 513258.822973632835783, 5686643.511547851376235 ], [ 513246.779467773449142, 5686646.251977538689971 ] ] ] } },
{ "type": "Feature", "properties": { "id": 421, "area_px": 12152.0, "aspect_ratio": 4.88, "zone": "yard" }, "geometry": { "type": "Polygon", "coordinates": [ [ [ 513350.16943359375, 5686980.291271972469985 ], [ 513350.732666015625, 5686982.755392456427217 ], [ 513362.754589843738358, 5686980.00752563495189 ], [ 513362.191357421863358, 5686977.543405150994658 ], [ 513350.16943359375, 5686980.291271972469985 ] ] ] } },
{ "type": "Feature", "properties": { "id": 422, "area_px": 12146.0, "aspect_ratio": 4.98, "zone": "yard" }, "geometry": { "type": "Polygon", "coordinates": [ [ [ 513172.080920410167892, 5686731.439599609002471 ], [ 513172.644738769507967, 5686733.875292968936265 ], [ 513184.781018066394608, 5686731.065966797061265 ], [ 513184.217199707054533, 5686728.630273437127471 ], [ 513172.080920410167892, 5686731.439599609002471 ] ] ] } },
{ "type": "Feature", "properties": { "id": 423, "area_px": 12138.0, "aspect_ratio": 4.69, "zone": "yard" }, "geometry": { "type": "Polygon", "coordinates": [ [ [ 513159.753588867199142, 5686734.071557616814971 ], [ 513160.309033203113358, 5686736.620922851376235 ], [ 513172.265478515648283, 5686734.015893554314971 ], [ 513171.710034179675858, 5686731.466528320685029 ], [ 513159.753588867199142, 5686734.071557616814971 ] ] ] } },
{ "type": "Feature", "properties": { "id": 424, "area_px": 12136.0, "aspect_ratio": 4.99, "zone": "yard" }, "geometry": { "type": "Polygon", "coordinates": [ [ [ 513230.428955078125, 5686535.661035155877471 ], [ 513242.844189453113358, 5686537.514062499627471 ], [ 513243.215380859386642, 5686535.026953125372529 ], [ 513230.800146484398283, 5686533.173925781622529 ], [ 513230.428955078125, 5686535.661035155877471 ] ] ] } },
{ "type": "Feature", "properties": { "id": 425, "area_px": 12126.0, "aspect_ratio": 4.92, "zone": "yard" }, "geometry": { "type": "Polygon", "coordinates": [ [ [ 513259.616430664085783, 5686643.3929443359375 ], [ 513260.1800537109375, 5686645.848852539435029 ], [ 513272.271801757800858, 5686643.073706055060029 ], [ 513271.708178710949142, 5686640.6177978515625 ], [ 513259.616430664085783, 5686643.3929443359375 ] ] ] } },
{ "type": "Feature", "properties": { "id": 426, "area_px": 12125.0, "aspect_ratio": 4.88, "zone": "yard" }, "geometry": { "type": "Polygon", "coordinates": [ [ [ 513245.982006835925858, 5686642.138745117001235 ], [ 513246.551684570324142, 5686644.6072998046875 ], [ 513258.609545898449142, 5686641.824731444939971 ], [ 513258.039868164050858, 5686639.356176758185029 ], [ 513245.982006835925858, 5686642.138745117001235 ] ] ] } },
{ "type": "Feature", "properties": { "id": 427, "area_px": 12124.0, "aspect_ratio": 4.9, "zone": "yard" }, "geometry": { "type": "Polygon", "coordinates": [ [ [ 513311.4534912109375, 5686755.778881835751235 ], [ 513311.997143554675858, 5686758.239575195126235 ], [ 513324.042895507824142, 5686755.578295898623765 ], [ 513323.499243164085783, 5686753.117602539248765 ], [ 513311.4534912109375, 5686755.778881835751235 ] ] ] } },
{ "type": "Feature", "properties": { "id": 428, "area_px": 12118.0, "aspect_ratio": 4.9, "zone": "yard" }, "geometry": { "type": "Polygon", "coordinates": [ [ [ 513178.128991699195467, 5686580.984375 ], [ 513190.414953613304533, 5686582.785449218936265 ], [ 513190.782263183617033, 5686580.279882812872529 ], [ 513178.496301269507967, 5686578.478808593936265 ], [ 513178.128991699195467, 5686580.984375 ] ] ] } },
{ "type": "Feature", "properties": { "id": 429, "area_px": 12099.0, "aspect_ratio": 4.88, "zone": "yard" }, "geometry": { "type": "Polygon", "coordinates": [ [ [ 513204.518395996070467, 5686702.332006836310029 ], [ 513205.0947265625, 5686704.806713867001235 ], [ 513217.179736328136642, 5686701.992407226935029 ], [ 513216.603417968726717, 5686699.5177001953125 ], [ 513204.518395996070467, 5686702.332006836310029 ] ] ] } },
{ "type": "Feature", "properties": { "id": 430, "area_px": 12090.0, "aspect_ratio": 4.86, "zone": "yard" }, "geometry": { "type": "Polygon", "coordinates": [ [ [ 513336.296289062476717, 5686634.838354492560029 ], [ 513336.859912109386642, 5686637.2977294921875 ], [ 513348.812402343726717, 5686634.558618163689971 ], [ 513348.248779296875, 5686632.0992431640625 ], [ 513336.296289062476717, 5686634.838354492560029 ] ] ] } },
{ "type": "Feature", "properties": { "id": 431, "area_px": 12088.0, "aspect_ratio": 4.76, "zone": "yard" }, "geometry": { "type": "Polygon", "coordinates": [ [ [ 513259.738745117210783, 5686827.337377930060029 ], [ 513260.298999023449142, 5686829.83056640625 ], [ 513272.168676757835783, 5686827.1632080078125 ], [ 513271.608422851539217, 5686824.670019531622529 ], [ 513259.738745117210783, 5686827.337377930060029 ] ] ] } },
{ "type": "Feature", "properties": { "id": 432, "area_px": 12085.0, "aspect_ratio": 4.83, "zone": "yard" }, "geometry": { "type": "Polygon", "coordinates": [ [ [ 513258.978271484375, 5686962.182327270507812 ], [ 513261.667724609375, 5686974.092776489444077 ], [ 513264.132373046886642, 5686973.536239624023438 ], [ 513261.442919921886642, 5686961.625790405087173 ], [ 513258.978271484375, 5686962.182327270507812 ] ] ] } },
{ "type": "Feature", "properties": { "id": 433, "area_px": 12078.0, "aspect_ratio": 4.87, "zone": "yard" }, "geometry": { "type": "Polygon", "coordinates": [ [ [ 513300.089648437511642, 5686872.544177246280015 ], [ 513300.654736328113358, 5686875.00628662109375 ], [ 513312.649951171886642, 5686872.253283691592515 ], [ 513312.084863281226717, 5686869.791174316778779 ], [ 513300.089648437511642, 5686872.544177246280015 ] ] ] } },
{ "type": "Feature", "properties": { "id": 434, "area_px": 12075.0, "aspect_ratio": 4.92, "zone": "yard" }, "geometry": { "type": "Polygon", "coordinates": [ [ [ 513153.014611816382967, 5686702.396630859002471 ], [ 513153.579211425792892, 5686704.84326171875 ], [ 513165.618811035179533, 5686702.064892577938735 ], [ 513165.054211425769608, 5686699.618261719122529 ], [ 513153.014611816382967, 5686702.396630859002471 ] ] ] } },
{ "type": "Feature", "properties": { "id": 435, "area_px": 12068.0, "aspect_ratio": 4.62, "zone": "yard" }, "geometry": { "type": "Polygon", "coordinates": [ [ [ 513328.507006835949142, 5686828.29351806640625 ], [ 513329.060034179710783, 5686830.83245849609375 ], [ 513340.785375976585783, 5686828.278430175967515 ], [ 513340.232348632824142, 5686825.739489746280015 ], [ 513328.507006835949142, 5686828.29351806640625 ] ] ] } },
{ "type": "Feature", "properties": { "id": 436, "area_px": 12059.0, "aspect_ratio": 4.84, "zone": "yard" }, "geometry": { "type": "Polygon", "coordinates": [ [ [ 513247.835375976574142, 5686650.337231445126235 ], [ 513248.391625976539217, 5686652.797534179873765 ], [ 513260.2874755859375, 5686650.1080322265625 ], [ 513259.731225585914217, 5686647.647729491814971 ], [ 513247.835375976574142, 5686650.337231445126235 ] ] ] } },
{ "type": "Feature", "properties": { "id": 437, "area_px": 12049.0, "aspect_ratio": 4.79, "zone": "yard" }, "geometry": { "type": "Polygon", "coordinates": [ [ [ 513245.798046874988358, 5686535.572021484375 ], [ 513257.847363281238358, 5686537.531298828311265 ], [ 513258.256738281226717, 5686535.013720703311265 ], [ 513246.207421874976717, 5686533.054443359375 ], [ 513245.798046874988358, 5686535.572021484375 ] ] ] } },
{ "type": "Feature", "properties": { "id": 438, "area_px": 12047.0, "aspect_ratio": 4.89, "zone": "yard" }, "geometry": { "type": "Polygon", "coordinates": [ [ [ 513259.201879882835783, 5686886.566699218936265 ], [ 513259.753198242164217, 5686889.000659179873765 ], [ 513271.663061523460783, 5686886.302832031622529 ], [ 513271.111743164074142, 5686883.868872070685029 ], [ 513259.201879882835783, 5686886.566699218936265 ] ] ] } },
{ "type": "Feature", "properties": { "id": 439, "area_px": 12032.0, "aspect_ratio": 4.87, "zone": "yard" }, "geometry": { "type": "Polygon", "coordinates": [ [ [ 513400.558154296886642, 5686640.810009765438735 ], [ 513403.143359375011642, 5686652.834179687313735 ], [ 513405.612939453101717, 5686652.30322265625 ], [ 513403.027734374976717, 5686640.279052734375 ], [ 513400.558154296886642, 5686640.810009765438735 ] ] ] } },
{ "type": "Feature", "properties": { "id": 440, "area_px": 12025.0, "aspect_ratio": 4.79, "zone": "yard" }, "geometry": { "type": "Polygon", "coordinates": [ [ [ 513369.720239257789217, 5686519.206640625372529 ], [ 513372.423999023449142, 5686531.223339843563735 ], [ 513374.9332275390625, 5686530.658789062872529 ], [ 513372.229467773460783, 5686518.64208984375 ], [ 513369.720239257789217, 5686519.206640625372529 ] ] ] } },
{ "type": "Feature", "properties": { "id": 441, "area_px": 12021.0, "aspect_ratio": 4.86, "zone": "yard" }, "geometry": { "type": "Polygon", "coordinates": [ [ [ 513213.248388671898283, 5686684.463330077938735 ], [ 513213.788916015648283, 5686686.911523437127471 ], [ 513225.689990234386642, 5686684.284033203497529 ], [ 513225.149462890636642, 5686681.835839843377471 ], [ 513213.248388671898283, 5686684.463330077938735 ] ] ] } },
{ "type": "Feature", "properties": { "id": 442, "area_px": 12019.0, "aspect_ratio": 4.91, "zone": "yard" }, "geometry": { "type": "Polygon", "coordinates": [ [ [ 513253.273706054664217, 5686798.247424316592515 ], [ 513253.840649414050858, 5686800.72784423828125 ], [ 513266.022778320300858, 5686797.943371581844985 ], [ 513265.455834960914217, 5686795.46295166015625 ], [ 513253.273706054664217, 5686798.247424316592515 ] ] ] } },
{ "type": "Feature", "properties": { "id": 444, "area_px": 12015.0, "aspect_ratio": 4.79, "zone": "yard" }, "geometry": { "type": "Polygon", "coordinates": [ [ [ 513276.362963867199142, 5686660.8470458984375 ], [ 513276.926831054675858, 5686663.3280029296875 ], [ 513288.819360351539217, 5686660.625170898623765 ], [ 513288.2554931640625, 5686658.144213867373765 ], [ 513276.362963867199142, 5686660.8470458984375 ] ] ] } },
{ "type": "Feature", "properties": { "id": 445, "area_px": 12013.0, "aspect_ratio": 5.75, "zone": "ship" }, "geometry": { "type": "Polygon", "coordinates": [ [ [ 513450.771728515625, 5686810.58514404296875 ], [ 513453.746240234351717, 5686823.70489501953125 ], [ 513456.026611328125, 5686823.187902832403779 ], [ 513453.052099609398283, 5686810.068151855841279 ], [ 513450.771728515625, 5686810.58514404296875 ] ] ] } },
{ "type": "Feature", "properties": { "id": 446, "area_px": 12005.0, "aspect_ratio": 4.63, "zone": "yard" }, "geometry": { "type": "Polygon", "coordinates": [ [ [ 513182.542724609375, 5686831.538012695498765 ], [ 513183.126708984375, 5686834.107568359002471 ], [ 513195.021411132824142, 5686831.404223632998765 ], [ 513194.437426757824142, 5686828.834667968563735 ], [ 513182.542724609375, 5686831.538012695498765 ] ] ] } },
{ "type": "Feature", "properties": { "id": 447, "area_px": 12000.0, "aspect_ratio": 4.89, "zone": "yard" }, "geometry": { "type": "Polygon", "coordinates": [ [ [ 513246.745507812476717, 5686964.847189331427217 ], [ 513249.502832031226717, 5686976.795504760928452 ], [ 513251.94580078125, 5686976.231741333380342 ], [ 513249.1884765625, 5686964.283425902947783 ], [ 513246.745507812476717, 5686964.847189331427217 ] ] ] } },
{ "type": "Feature", "properties": { "id": 448, "area_px": 11997.0, "aspect_ratio": 4.8, "zone": "yard" }, "geometry": { "type": "Polygon", "coordinates": [ [ [ 513375.808691406273283, 5686809.171667480841279 ], [ 513376.339062499988358, 5686811.658947753719985 ], [ 513388.276757812476717, 5686809.113415527157485 ], [ 513387.746386718761642, 5686806.626135254278779 ], [ 513375.808691406273283, 5686809.171667480841279 ] ] ] } },
{ "type": "Feature", "properties": { "id": 449, "area_px": 11972.0, "aspect_ratio": 4.71, "zone": "yard" }, "geometry": { "type": "Polygon", "coordinates": [ [ [ 513369.858691406261642, 5686785.011425781063735 ], [ 513370.407910156238358, 5686787.518749999813735 ], [ 513382.2197265625, 5686784.931396484375 ], [ 513381.670507812523283, 5686782.424072265625 ], [ 513369.858691406261642, 5686785.011425781063735 ] ] ] } },
{ "type": "Feature", "properties": { "id": 450, "area_px": 11968.0, "aspect_ratio": 4.78, "zone": "yard" }, "geometry": { "type": "Polygon", "coordinates": [ [ [ 513282.949633789074142, 5686689.992114257998765 ], [ 513283.526049804699142, 5686692.478002930060029 ], [ 513295.400610351585783, 5686689.7244873046875 ], [ 513294.824194335960783, 5686687.238598632626235 ], [ 513282.949633789074142, 5686689.992114257998765 ] ] ] } },
{ "type": "Feature", "properties": { "id": 451, "area_px": 11957.0, "aspect_ratio": 4.72, "zone": "yard" }, "geometry": { "type": "Polygon", "coordinates": [ [ [ 513313.722192382789217, 5686822.942675781436265 ], [ 513314.283618164074142, 5686825.445727539248765 ], [ 513326.098559570324142, 5686822.795654296875 ], [ 513325.537133789039217, 5686820.2926025390625 ], [ 513313.722192382789217, 5686822.942675781436265 ] ] ] } },
{ "type": "Feature", "properties": { "id": 453, "area_px": 11953.0, "aspect_ratio": 4.78, "zone": "yard" }, "geometry": { "type": "Polygon", "coordinates": [ [ [ 513302.219335937523283, 5686655.569750976748765 ], [ 513302.764697265636642, 5686658.048754882998765 ], [ 513314.603710937488358, 5686655.444165038876235 ], [ 513314.058349609375, 5686652.965161132626235 ], [ 513302.219335937523283, 5686655.569750976748765 ] ] ] } },
{ "type": "Feature", "properties": { "id": 454, "area_px": 11952.0, "aspect_ratio": 4.93, "zone": "yard" }, "geometry": { "type": "Polygon", "coordinates": [ [ [ 513228.788012695324142, 5686548.330517577938735 ], [ 513240.947778320289217, 5686550.194970702752471 ], [ 513241.326245117175858, 5686547.726708984002471 ], [ 513229.166479492210783, 5686545.862255859188735 ], [ 513228.788012695324142, 5686548.330517577938735 ] ] ] } },
{ "type": "Feature", "properties": { "id": 455, "area_px": 11947.0, "aspect_ratio": 3.23, "zone": "ship" }, "geometry": { "type": "Polygon", "coordinates": [ [ [ 513450.969493962358683, 5686770.684791365638375 ], [ 513453.694238281226717, 5686784.31494140625 ], [ 513456.74169921875, 5686783.634912109002471 ], [ 513454.016954899881966, 5686770.004762068390846 ], [ 513450.969493962358683, 5686770.684791365638375 ] ] ] } },
{ "type": "Feature", "properties": { "id": 456, "area_px": 11930.0, "aspect_ratio": 4.9, "zone": "yard" }, "geometry": { "type": "Polygon", "coordinates": [ [ [ 513389.245092773460783, 5686629.834619140252471 ], [ 513391.996557617210783, 5686641.8310546875 ], [ 513394.445288085960783, 5686641.269433593377471 ], [ 513391.693823242210783, 5686629.272998047061265 ], [ 513389.245092773460783, 5686629.834619140252471 ] ] ] } },
{ "type": "Feature", "properties": { "id": 457, "area_px": 11928.0, "aspect_ratio": 4.7, "zone": "yard" }, "geometry": { "type": "Polygon", "coordinates": [ [ [ 513325.843530273414217, 5686875.34588623046875 ], [ 513326.419995117175858, 5686877.94000244140625 ], [ 513338.612329101539217, 5686875.230578613467515 ], [ 513338.035864257835783, 5686872.636462402530015 ], [ 513325.843530273414217, 5686875.34588623046875 ] ] ] } },
{ "type": "Feature", "properties": { "id": 458, "area_px": 11928.0, "aspect_ratio": 4.75, "zone": "yard" }, "geometry": { "type": "Polygon", "coordinates": [ [ [ 513345.6842041015625, 5686789.720410156063735 ], [ 513346.212084960949142, 5686792.206933593377471 ], [ 513358.031665039074142, 5686789.69775390625 ], [ 513357.5037841796875, 5686787.211230468936265 ], [ 513345.6842041015625, 5686789.720410156063735 ] ] ] } },
{ "type": "Feature", "properties": { "id": 459, "area_px": 11923.0, "aspect_ratio": 4.64, "zone": "yard" }, "geometry": { "type": "Polygon", "coordinates": [ [ [ 513299.448022460914217, 5686703.446704101748765 ], [ 513300.0208740234375, 5686705.9927978515625 ], [ 513311.830493164074142, 5686703.335620117373765 ], [ 513311.257641601550858, 5686700.789526367560029 ], [ 513299.448022460914217, 5686703.446704101748765 ] ] ] } },
{ "type": "Feature", "properties": { "id": 460, "area_px": 11914.0, "aspect_ratio": 4.83, "zone": "yard" }, "geometry": { "type": "Polygon", "coordinates": [ [ [ 513237.057592773460783, 5686941.36018676776439 ], [ 513239.7977294921875, 5686953.204635620117188 ], [ 513242.249340820300858, 5686952.63746948260814 ], [ 513239.509204101574142, 5686940.793017578311265 ], [ 513237.057592773460783, 5686941.36018676776439 ] ] ] } },
{ "type": "Feature", "properties": { "id": 461, "area_px": 11913.0, "aspect_ratio": 4.66, "zone": "yard" }, "geometry": { "type": "Polygon", "coordinates": [ [ [ 513222.191796430270188, 5686665.132449395954609 ], [ 513222.756981977145188, 5686667.635476740077138 ], [ 513234.7803955078125, 5686664.956030273810029 ], [ 513234.2152099609375, 5686662.4530029296875 ], [ 513222.191796430270188, 5686665.132449395954609 ] ] ] } },
{ "type": "Feature", "properties": { "id": 462, "area_px": 11905.0, "aspect_ratio": 4.91, "zone": "yard" }, "geometry": { "type": "Polygon", "coordinates": [ [ [ 513366.982934570289217, 5686506.751660156063735 ], [ 513369.7774658203125, 5686518.76806640625 ], [ 513372.224194335925858, 5686518.199023437686265 ], [ 513369.429663085960783, 5686506.1826171875 ], [ 513366.982934570289217, 5686506.751660156063735 ] ] ] } },
{ "type": "Feature", "properties": { "id": 463, "area_px": 11897.0, "aspect_ratio": 4.79, "zone": "yard" }, "geometry": { "type": "Polygon", "coordinates": [ [ [ 513151.405712890613358, 5686698.306298827752471 ], [ 513151.944628906261642, 5686700.842382812872529 ], [ 513164.0833740234375, 5686698.262890624813735 ], [ 513163.544458007789217, 5686695.726806640625 ], [ 513151.405712890613358, 5686698.306298827752471 ] ] ] } },
{ "type": "Feature", "properties": { "id": 464, "area_px": 11892.0, "aspect_ratio": 4.86, "zone": "yard" }, "geometry": { "type": "Polygon", "coordinates": [ [ [ 513234.062060546886642, 5686887.842822265811265 ], [ 513234.597900390625, 5686890.298632812686265 ], [ 513246.535986328148283, 5686887.6939697265625 ], [ 513246.000146484351717, 5686885.2381591796875 ], [ 513234.062060546886642, 5686887.842822265811265 ] ] ] } },
{ "type": "Feature", "properties": { "id": 465, "area_px": 11891.0, "aspect_ratio": 4.83, "zone": "yard" }, "geometry": { "type": "Polygon", "coordinates": [ [ [ 513229.318115234375, 5686696.767871093936265 ], [ 513229.888671875, 5686699.221240234561265 ], [ 513241.732958984386642, 5686696.466748046688735 ], [ 513241.162402343761642, 5686694.013378906063735 ], [ 513229.318115234375, 5686696.767871093936265 ] ] ] } },
{ "type": "Feature", "properties": { "id": 466, "area_px": 11886.0, "aspect_ratio": 3.65, "zone": "yard" }, "geometry": { "type": "Polygon", "coordinates": [ [ [ 513313.895068359386642, 5686652.704077148810029 ], [ 513314.608496093773283, 5686655.7362060546875 ], [ 513325.680810546851717, 5686653.1309814453125 ], [ 513324.967382812523283, 5686650.098852539435029 ], [ 513313.895068359386642, 5686652.704077148810029 ] ] ] } },
{ "type": "Feature", "properties": { "id": 467, "area_px": 11875.0, "aspect_ratio": 4.85, "zone": "yard" }, "geometry": { "type": "Polygon", "coordinates": [ [ [ 513247.345654296863358, 5686830.114282226189971 ], [ 513247.916064453136642, 5686832.617846679873765 ], [ 513260.053076171898283, 5686829.852465820498765 ], [ 513259.482666015625, 5686827.348901366814971 ], [ 513247.345654296863358, 5686830.114282226189971 ] ] ] } },
{ "type": "Feature", "properties": { "id": 468, "area_px": 11869.0, "aspect_ratio": 4.8, "zone": "yard" }, "geometry": { "type": "Polygon", "coordinates": [ [ [ 513259.136328125023283, 5686882.240161132998765 ], [ 513259.672753906226717, 5686884.701440429314971 ], [ 513271.48046875, 5686882.127978515811265 ], [ 513270.944042968738358, 5686879.666699218563735 ], [ 513259.136328125023283, 5686882.240161132998765 ] ] ] } },
{ "type": "Feature", "properties": { "id": 469, "area_px": 11865.0, "aspect_ratio": 4.75, "zone": "yard" }, "geometry": { "type": "Polygon", "coordinates": [ [ [ 513392.007177734398283, 5686642.165380859747529 ], [ 513394.583593750023283, 5686654.127392577938735 ], [ 513397.104345703148283, 5686653.58447265625 ], [ 513394.527929687523283, 5686641.622460937127471 ], [ 513392.007177734398283, 5686642.165380859747529 ] ] ] } },
{ "type": "Feature", "properties": { "id": 471, "area_px": 11862.0, "aspect_ratio": 4.5, "zone": "yard" }, "geometry": { "type": "Polygon", "coordinates": [ [ [ 513237.089990234351717, 5686844.729992675594985 ], [ 513237.659423828125, 5686847.292346191592515 ], [ 513249.200585937476717, 5686844.727648925967515 ], [ 513248.631152343761642, 5686842.165295409969985 ], [ 513237.089990234351717, 5686844.729992675594985 ] ] ] } },
{ "type": "Feature", "properties": { "id": 472, "area_px": 11849.0, "aspect_ratio": 4.32, "zone": "yard" }, "geometry": { "type": "Polygon", "coordinates": [ [ [ 513183.544042968773283, 5686835.711413574405015 ], [ 513184.129443359386642, 5686838.315466308966279 ], [ 513195.386132812476717, 5686835.784899902530015 ], [ 513194.800732421863358, 5686833.18084716796875 ], [ 513183.544042968773283, 5686835.711413574405015 ] ] ] } },
{ "type": "Feature", "properties": { "id": 473, "area_px": 11827.0, "aspect_ratio": 4.93, "zone": "yard" }, "geometry": { "type": "Polygon", "coordinates": [ [ [ 513222.8389892578125, 5686894.696459961123765 ], [ 513223.382592773414217, 5686897.110986327752471 ], [ 513235.296557617199142, 5686894.428784179501235 ], [ 513234.752954101539217, 5686892.014257812872529 ], [ 513222.8389892578125, 5686894.696459961123765 ] ] ] } },
{ "type": "Feature", "properties": { "id": 474, "area_px": 11823.0, "aspect_ratio": 4.86, "zone": "yard" }, "geometry": { "type": "Polygon", "coordinates": [ [ [ 513301.806811523449142, 5686825.654321288689971 ], [ 513302.354760742164217, 5686828.087207031436265 ], [ 513314.175854492175858, 5686825.4248046875 ], [ 513313.627905273460783, 5686822.991918945685029 ], [ 513301.806811523449142, 5686825.654321288689971 ] ] ] } },
{ "type": "Feature", "properties": { "id": 475, "area_px": 11790.0, "aspect_ratio": 4.35, "zone": "ship" }, "geometry": { "type": "Polygon", "coordinates": [ [ [ 513464.950976562511642, 5686866.170727538876235 ], [ 513467.80549360846635, 5686878.785640093497932 ], [ 513470.39973188971635, 5686878.21088423486799 ], [ 513467.545214843761642, 5686865.595971679314971 ], [ 513464.950976562511642, 5686866.170727538876235 ] ] ] } },
{ "type": "Feature", "properties": { "id": 476, "area_px": 11790.0, "aspect_ratio": 4.91, "zone": "yard" }, "geometry": { "type": "Polygon", "coordinates": [ [ [ 513205.650439453136642, 5686595.588085937313735 ], [ 513217.783837890601717, 5686597.467919921502471 ], [ 513218.1669921875, 5686594.994873046875 ], [ 513206.033593749976717, 5686593.115039062686265 ], [ 513205.650439453136642, 5686595.588085937313735 ] ] ] } },
{ "type": "Feature", "properties": { "id": 477, "area_px": 11789.0, "aspect_ratio": 5.0, "zone": "yard" }, "geometry": { "type": "Polygon", "coordinates": [ [ [ 513348.382031249988358, 5686802.1795654296875 ], [ 513348.895654296851717, 5686804.600927734747529 ], [ 513361.005322265613358, 5686802.032202148810029 ], [ 513360.49169921875, 5686799.61083984375 ], [ 513348.382031249988358, 5686802.1795654296875 ] ] ] } },
{ "type": "Feature", "properties": { "id": 478, "area_px": 11785.0, "aspect_ratio": 4.75, "zone": "yard" }, "geometry": { "type": "Polygon", "coordinates": [ [ [ 513199.46136474609375, 5686788.488940429873765 ], [ 513200.016735839832108, 5686790.9749755859375 ], [ 513211.816113281238358, 5686788.338940429501235 ], [ 513211.2607421875, 5686785.8529052734375 ], [ 513199.46136474609375, 5686788.488940429873765 ] ] ] } },
{ "type": "Feature", "properties": { "id": 479, "area_px": 11780.0, "aspect_ratio": 4.58, "zone": "yard" }, "geometry": { "type": "Polygon", "coordinates": [ [ [ 513299.471899414085783, 5686758.366015625186265 ], [ 513300.031274414039217, 5686760.891162109561265 ], [ 513311.604516601539217, 5686758.327490234747529 ], [ 513311.045141601585783, 5686755.802343750372529 ], [ 513299.471899414085783, 5686758.366015625186265 ] ] ] } },
{ "type": "Feature", "properties": { "id": 480, "area_px": 11777.0, "aspect_ratio": 4.45, "zone": "ship" }, "geometry": { "type": "Polygon", "coordinates": [ [ [ 513492.18418078077957, 5686924.777578041888773 ], [ 513495.51123046875, 5686939.679272460751235 ], [ 513498.07861328125, 5686939.095776367001235 ], [ 513495.482812499976717, 5686927.674365234561265 ], [ 513494.562668887607288, 5686924.16093297675252 ], [ 513493.505563062324654, 5686924.64543981384486 ], [ 513492.18418078077957, 5686924.777578041888773 ] ] ] } },
{ "type": "Feature", "properties": { "id": 481, "area_px": 11762.0, "aspect_ratio": 4.35, "zone": "yard" }, "geometry": { "type": "Polygon", "coordinates": [ [ [ 513345.668261718761642, 5686761.006396484561265 ], [ 513346.222705078136642, 5686763.606542969122529 ], [ 513357.544335937476717, 5686761.1923828125 ], [ 513356.989892578101717, 5686758.592236327938735 ], [ 513345.668261718761642, 5686761.006396484561265 ] ] ] } },
{ "type": "Feature", "properties": { "id": 483, "area_px": 11701.0, "aspect_ratio": 4.89, "zone": "yard" }, "geometry": { "type": "Polygon", "coordinates": [ [ [ 513178.87896728515625, 5686575.8759765625 ], [ 513191.324108886707108, 5686577.733496094122529 ], [ 513191.704138183617033, 5686575.187207031063735 ], [ 513179.258996582007967, 5686573.329687500372529 ], [ 513178.87896728515625, 5686575.8759765625 ] ] ] } },
{ "type": "Feature", "properties": { "id": 484, "area_px": 11699.0, "aspect_ratio": 4.85, "zone": "yard" }, "geometry": { "type": "Polygon", "coordinates": [ [ [ 513335.411547851574142, 5686630.666552734561265 ], [ 513335.983715820300858, 5686633.146044922061265 ], [ 513348.001391601574142, 5686630.372753906063735 ], [ 513347.429223632789217, 5686627.893261718563735 ], [ 513335.411547851574142, 5686630.666552734561265 ] ] ] } },
{ "type": "Feature", "properties": { "id": 485, "area_px": 11692.0, "aspect_ratio": 4.89, "zone": "yard" }, "geometry": { "type": "Polygon", "coordinates": [ [ [ 513383.760815429675858, 5686605.181323242373765 ], [ 513386.438305664050858, 5686617.081372070126235 ], [ 513388.872583007789217, 5686616.533666992560029 ], [ 513386.195092773414217, 5686604.633618163876235 ], [ 513383.760815429675858, 5686605.181323242373765 ] ] ] } },
{ "type": "Feature", "properties": { "id": 487, "area_px": 11687.0, "aspect_ratio": 4.94, "zone": "yard" }, "geometry": { "type": "Polygon", "coordinates": [ [ [ 513269.929248046886642, 5686632.420507812872529 ], [ 513270.481298828148283, 5686634.841113281436265 ], [ 513282.448291015636642, 5686632.11181640625 ], [ 513281.896240234375, 5686629.691210937686265 ], [ 513269.929248046886642, 5686632.420507812872529 ] ] ] } },
{ "type": "Feature", "properties": { "id": 488, "area_px": 11683.0, "aspect_ratio": 4.8, "zone": "yard" }, "geometry": { "type": "Polygon", "coordinates": [ [ [ 513336.7470703125, 5686809.344213867560029 ], [ 513337.300488281238358, 5686811.7950439453125 ], [ 513349.075878906238358, 5686809.136083984747529 ], [ 513348.5224609375, 5686806.685253906063735 ], [ 513336.7470703125, 5686809.344213867560029 ] ] ] } },
{ "type": "Feature", "properties": { "id": 489, "area_px": 11670.0, "aspect_ratio": 4.95, "zone": "yard" }, "geometry": { "type": "Polygon", "coordinates": [ [ [ 513392.018408203148283, 5686605.254711913876235 ], [ 513394.632128906261642, 5686617.277807617560029 ], [ 513397.058740234351717, 5686616.750268554314971 ], [ 513394.445019531238358, 5686604.7271728515625 ], [ 513392.018408203148283, 5686605.254711913876235 ] ] ] } },
{ "type": "Feature", "properties": { "id": 490, "area_px": 11620.0, "aspect_ratio": 4.49, "zone": "yard" }, "geometry": { "type": "Polygon", "coordinates": [ [ [ 513199.441186523414217, 5686844.685302734375 ], [ 513200.007055664085783, 5686847.231762695126235 ], [ 513211.442358398460783, 5686844.690576171502471 ], [ 513210.876489257789217, 5686842.144116210751235 ], [ 513199.441186523414217, 5686844.685302734375 ] ] ] } },
{ "type": "Feature", "properties": { "id": 491, "area_px": 11620.0, "aspect_ratio": 4.95, "zone": "yard" }, "geometry": { "type": "Polygon", "coordinates": [ [ [ 513307.396020507789217, 5686623.98876953125 ], [ 513307.936743164085783, 5686626.410253906622529 ], [ 513319.914282226585783, 5686623.735644531436265 ], [ 513319.373559570289217, 5686621.314160156063735 ], [ 513307.396020507789217, 5686623.98876953125 ] ] ] } },
{ "type": "Feature", "properties": { "id": 492, "area_px": 11619.0, "aspect_ratio": 4.83, "zone": "yard" }, "geometry": { "type": "Polygon", "coordinates": [ [ [ 513273.951171875, 5686704.901123046875 ], [ 513274.506298828113358, 5686707.321484374813735 ], [ 513286.189843749976717, 5686704.641748046502471 ], [ 513285.634716796863358, 5686702.221386718563735 ], [ 513273.951171875, 5686704.901123046875 ] ] ] } },
{ "type": "Feature", "properties": { "id": 493, "area_px": 11612.0, "aspect_ratio": 4.93, "zone": "yard" }, "geometry": { "type": "Polygon", "coordinates": [ [ [ 513257.707861328148283, 5686937.746221924200654 ], [ 513260.45556640625, 5686949.538504028692842 ], [ 513262.848925781261642, 5686948.980828857049346 ], [ 513260.101220703101717, 5686937.188549804501235 ], [ 513257.707861328148283, 5686937.746221924200654 ] ] ] } },
{ "type": "Feature", "properties": { "id": 494, "area_px": 11611.0, "aspect_ratio": 4.82, "zone": "yard" }, "geometry": { "type": "Polygon", "coordinates": [ [ [ 513168.75628662109375, 5686944.757666015997529 ], [ 513169.308850097644608, 5686947.18890380859375 ], [ 513181.030651855457108, 5686944.524853515438735 ], [ 513180.47808837890625, 5686942.093615722842515 ], [ 513168.75628662109375, 5686944.757666015997529 ] ] ] } },
{ "type": "Feature", "properties": { "id": 495, "area_px": 11603.0, "aspect_ratio": 5.86, "zone": "ship" }, "geometry": { "type": "Polygon", "coordinates": [ [ [ 513461.709082031273283, 5686808.149792480282485 ], [ 513464.634375000023283, 5686821.195031737908721 ], [ 513466.861718749976717, 5686820.695544433780015 ], [ 513463.936425781226717, 5686807.650305176153779 ], [ 513461.709082031273283, 5686808.149792480282485 ] ] ] } },
{ "type": "Feature", "properties": { "id": 496, "area_px": 11549.0, "aspect_ratio": 2.67, "zone": "yard" }, "geometry": { "type": "Polygon", "coordinates": [ [ [ 513358.405236287100706, 5686903.712542180903256 ], [ 513360.607540089753456, 5686903.272081420756876 ], [ 513359.539422745583579, 5686897.502045458182693 ], [ 513357.31509590492351, 5686898.03059837128967 ], [ 513358.405236287100706, 5686903.712542180903256 ] ] ] } },
{ "type": "Feature", "properties": { "id": 497, "area_px": 11532.0, "aspect_ratio": 5.09, "zone": "yard" }, "geometry": { "type": "Polygon", "coordinates": [ [ [ 513257.379492187523283, 5686635.277807617560029 ], [ 513257.924707031226717, 5686637.640454101376235 ], [ 513269.938769531261642, 5686634.867993163876235 ], [ 513269.3935546875, 5686632.505346680060029 ], [ 513257.379492187523283, 5686635.277807617560029 ] ] ] } },
{ "type": "Feature", "properties": { "id": 498, "area_px": 11528.0, "aspect_ratio": 5.04, "zone": "yard" }, "geometry": { "type": "Polygon", "coordinates": [ [ [ 513394.831201171851717, 5686617.685107422061265 ], [ 513397.594384765601717, 5686629.658984375186265 ], [ 513399.971630859363358, 5686629.110400390811265 ], [ 513397.208447265613358, 5686617.136523437686265 ], [ 513394.831201171851717, 5686617.685107422061265 ] ] ] } },
{ "type": "Feature", "properties": { "id": 499, "area_px": 11520.0, "aspect_ratio": 4.42, "zone": "yard" }, "geometry": { "type": "Polygon", "coordinates": [ [ [ 513267.861998400825541, 5686680.117608753964305 ], [ 513268.434019885200541, 5686682.654327503405511 ], [ 513280.529052734375, 5686680.037573242560029 ], [ 513279.95703125, 5686677.5008544921875 ], [ 513267.861998400825541, 5686680.117608753964305 ] ] ] } },
{ "type": "Feature", "properties": { "id": 500, "area_px": 11516.0, "aspect_ratio": 4.63, "zone": "yard" }, "geometry": { "type": "Polygon", "coordinates": [ [ [ 513200.589013671851717, 5686853.198779297061265 ], [ 513201.144384765648283, 5686855.790478515438735 ], [ 513213.146826171898283, 5686853.218530273064971 ], [ 513212.591455078101717, 5686850.6268310546875 ], [ 513200.589013671851717, 5686853.198779297061265 ] ] ] } },
{ "type": "Feature", "properties": { "id": 501, "area_px": 11514.0, "aspect_ratio": 4.85, "zone": "yard" }, "geometry": { "type": "Polygon", "coordinates": [ [ [ 513267.176074218761642, 5686960.36649780254811 ], [ 513269.979101562523283, 5686972.18794555682689 ], [ 513272.418261718761642, 5686971.609588623046875 ], [ 513269.615234375, 5686959.788140868768096 ], [ 513267.176074218761642, 5686960.36649780254811 ] ] ] } },
{ "type": "Feature", "properties": { "id": 502, "area_px": 11513.0, "aspect_ratio": 3.52, "zone": "yard" }, "geometry": { "type": "Polygon", "coordinates": [ [ [ 513338.435205078101717, 5686647.211889648810029 ], [ 513339.350897550059017, 5686649.492266067303717 ], [ 513351.143880506686401, 5686646.580503814853728 ], [ 513350.228188034729101, 5686644.300127395428717 ], [ 513338.435205078101717, 5686647.211889648810029 ] ] ] } },
{ "type": "Feature", "properties": { "id": 503, "area_px": 11502.0, "aspect_ratio": 2.25, "zone": "yard" }, "geometry": { "type": "Polygon", "coordinates": [ [ [ 513100.358770751976408, 5686864.492785644717515 ], [ 513102.637109374976717, 5686870.416491699405015 ], [ 513105.273974609386642, 5686869.402307128533721 ], [ 513102.995629882789217, 5686863.478601073846221 ], [ 513100.358770751976408, 5686864.492785644717515 ] ] ] } },
{ "type": "Feature", "properties": { "id": 504, "area_px": 11491.0, "aspect_ratio": 4.81, "zone": "yard" }, "geometry": { "type": "Polygon", "coordinates": [ [ [ 513302.199438476585783, 5686829.868859862908721 ], [ 513302.751684570335783, 5686832.39337158203125 ], [ 513314.900073242199142, 5686829.735925292596221 ], [ 513314.347827148449142, 5686827.211413574405015 ], [ 513302.199438476585783, 5686829.868859862908721 ] ] ] } },
{ "type": "Feature", "properties": { "id": 505, "area_px": 11478.0, "aspect_ratio": 4.29, "zone": "yard" }, "geometry": { "type": "Polygon", "coordinates": [ [ [ 513314.424169921898283, 5686767.926342773251235 ], [ 513315.012109374976717, 5686770.513159180060029 ], [ 513326.633582209527958, 5686767.859878373332322 ], [ 513326.045642756391317, 5686765.273061967454851 ], [ 513314.424169921898283, 5686767.926342773251235 ] ] ] } },
{ "type": "Feature", "properties": { "id": 506, "area_px": 11467.0, "aspect_ratio": 4.89, "zone": "yard" }, "geometry": { "type": "Polygon", "coordinates": [ [ [ 513390.612963867199142, 5686616.552514648064971 ], [ 513393.361596679664217, 5686628.622631835751235 ], [ 513395.8277587890625, 5686628.061010742560029 ], [ 513393.079125976539217, 5686615.990893554873765 ], [ 513390.612963867199142, 5686616.552514648064971 ] ] ] } },
{ "type": "Feature", "properties": { "id": 507, "area_px": 11447.0, "aspect_ratio": 3.87, "zone": "ship" }, "geometry": { "type": "Polygon", "coordinates": [ [ [ 513475.387548828148283, 5686737.525610351935029 ], [ 513477.793505859386642, 5686748.091088866814971 ], [ 513480.526025390601717, 5686747.468823242001235 ], [ 513478.120068359363358, 5686736.903344726189971 ], [ 513475.387548828148283, 5686737.525610351935029 ] ] ] } },
{ "type": "Feature", "properties": { "id": 508, "area_px": 11442.0, "aspect_ratio": 4.58, "zone": "yard" }, "geometry": { "type": "Polygon", "coordinates": [ [ [ 513488.955941494670697, 5686950.001145739108324 ], [ 513491.728417968726717, 5686962.735470580868423 ], [ 513494.21044921875, 5686962.178274536505342 ], [ 513491.43797274469398, 5686949.443949694745243 ], [ 513488.955941494670697, 5686950.001145739108324 ] ] ] } },
{ "type": "Feature", "properties": { "id": 509, "area_px": 11434.0, "aspect_ratio": 4.54, "zone": "yard" }, "geometry": { "type": "Polygon", "coordinates": [ [ [ 513211.547143554664217, 5686901.37493896484375 ], [ 513212.1544189453125, 5686904.031848144717515 ], [ 513224.208911132824142, 5686901.276538086123765 ], [ 513223.601635742175858, 5686898.61962890625 ], [ 513211.547143554664217, 5686901.37493896484375 ] ] ] } },
{ "type": "Feature", "properties": { "id": 510, "area_px": 11403.0, "aspect_ratio": 4.51, "zone": "yard" }, "geometry": { "type": "Polygon", "coordinates": [ [ [ 513299.452246093773283, 5686813.042895507998765 ], [ 513300.020849609398283, 5686815.541650390252471 ], [ 513311.292919921863358, 5686812.976757812313735 ], [ 513310.724316406238358, 5686810.478002930060029 ], [ 513299.452246093773283, 5686813.042895507998765 ] ] ] } },
{ "type": "Feature", "properties": { "id": 511, "area_px": 11367.0, "aspect_ratio": 4.83, "zone": "yard" }, "geometry": { "type": "Polygon", "coordinates": [ [ [ 513328.968188476574142, 5686775.927343750372529 ], [ 513329.546899414039217, 5686778.462646484375 ], [ 513341.8018798828125, 5686775.665332031436265 ], [ 513341.223168945289217, 5686773.130029296502471 ], [ 513328.968188476574142, 5686775.927343750372529 ] ] ] } },
{ "type": "Feature", "properties": { "id": 512, "area_px": 11322.0, "aspect_ratio": 4.08, "zone": "ship" }, "geometry": { "type": "Polygon", "coordinates": [ [ [ 513494.952004171733279, 5686924.382441400550306 ], [ 513498.113476562488358, 5686939.234265136532485 ], [ 513500.800585937511642, 5686938.622021484188735 ], [ 513497.639113546756562, 5686923.770197748206556 ], [ 513494.952004171733279, 5686924.382441400550306 ] ] ] } },
{ "type": "Feature", "properties": { "id": 513, "area_px": 11322.0, "aspect_ratio": 3.78, "zone": "yard" }, "geometry": { "type": "Polygon", "coordinates": [ [ [ 513378.071809245331679, 5686846.100274699740112 ], [ 513378.5334721240215, 5686848.390023525804281 ], [ 513383.973983436415438, 5686847.333564829081297 ], [ 513383.57756875193445, 5686845.087214950472116 ], [ 513378.071809245331679, 5686846.100274699740112 ] ] ] } },
{ "type": "Feature", "properties": { "id": 514, "area_px": 11320.0, "aspect_ratio": 4.85, "zone": "yard" }, "geometry": { "type": "Polygon", "coordinates": [ [ [ 513223.8587646484375, 5686898.7789306640625 ], [ 513224.4085693359375, 5686901.316479492001235 ], [ 513236.719018554664217, 5686898.649218750186265 ], [ 513236.169213867164217, 5686896.111669922247529 ], [ 513223.8587646484375, 5686898.7789306640625 ] ] ] } },
{ "type": "Feature", "properties": { "id": 515, "area_px": 11317.0, "aspect_ratio": 4.09, "zone": "yard" }, "geometry": { "type": "Polygon", "coordinates": [ [ [ 513184.108239746070467, 5686839.837072754278779 ], [ 513184.690588378929533, 5686842.457653808407485 ], [ 513196.655055267445277, 5686839.852706630714238 ], [ 513196.072706634644419, 5686837.232125575654209 ], [ 513184.108239746070467, 5686839.837072754278779 ] ] ] } },
{ "type": "Feature", "properties": { "id": 516, "area_px": 11309.0, "aspect_ratio": 4.83, "zone": "yard" }, "geometry": { "type": "Polygon", "coordinates": [ [ [ 513259.598217773425858, 5686831.300390625372529 ], [ 513260.143041992210783, 5686833.736962890252471 ], [ 513271.9185791015625, 5686831.103930664248765 ], [ 513271.373754882835783, 5686828.6673583984375 ], [ 513259.598217773425858, 5686831.300390625372529 ] ] ] } },
{ "type": "Feature", "properties": { "id": 517, "area_px": 11306.0, "aspect_ratio": 4.51, "zone": "yard" }, "geometry": { "type": "Polygon", "coordinates": [ [ [ 513244.847320111352019, 5686537.985603803768754 ], [ 513257.203515624976717, 5686540.040576172061265 ], [ 513257.607568359351717, 5686537.515185547061265 ], [ 513245.251372845727019, 5686535.460213178768754 ], [ 513244.847320111352019, 5686537.985603803768754 ] ] ] } },
{ "type": "Feature", "properties": { "id": 518, "area_px": 11298.0, "aspect_ratio": 4.7, "zone": "yard" }, "geometry": { "type": "Polygon", "coordinates": [ [ [ 513260.279223632824142, 5686647.561718749813735 ], [ 513260.826440429664217, 5686650.000781250186265 ], [ 513272.284008789050858, 5686647.43017578125 ], [ 513271.736791992210783, 5686644.991113280877471 ], [ 513260.279223632824142, 5686647.561718749813735 ] ] ] } },
{ "type": "Feature", "properties": { "id": 519, "area_px": 11279.0, "aspect_ratio": 4.51, "zone": "yard" }, "geometry": { "type": "Polygon", "coordinates": [ [ [ 513214.284448242164217, 5686688.582739258185029 ], [ 513214.8414306640625, 5686691.075854492373765 ], [ 513226.749778055527713, 5686688.419911776669323 ], [ 513226.19279563362943, 5686685.926796542480588 ], [ 513214.284448242164217, 5686688.582739258185029 ] ] ] } },
{ "type": "Feature", "properties": { "id": 520, "area_px": 11268.0, "aspect_ratio": 4.37, "zone": "yard" }, "geometry": { "type": "Polygon", "coordinates": [ [ [ 513314.466552734375, 5686827.188488769344985 ], [ 513315.050537109375, 5686829.719104004092515 ], [ 513327.42924360971665, 5686826.815050825476646 ], [ 513326.84525923471665, 5686824.284435590729117 ], [ 513314.466552734375, 5686827.188488769344985 ] ] ] } },
{ "type": "Feature", "properties": { "id": 521, "area_px": 11265.0, "aspect_ratio": 4.77, "zone": "yard" }, "geometry": { "type": "Polygon", "coordinates": [ [ [ 513357.7080078125, 5686542.780126953497529 ], [ 513360.260937499988358, 5686554.306982422247529 ], [ 513362.678613281226717, 5686553.771533203311265 ], [ 513360.125683593738358, 5686542.244677734561265 ], [ 513357.7080078125, 5686542.780126953497529 ] ] ] } },
{ "type": "Feature", "properties": { "id": 523, "area_px": 11260.0, "aspect_ratio": 4.6, "zone": "yard" }, "geometry": { "type": "Polygon", "coordinates": [ [ [ 513298.671892310725525, 5686643.041824396699667 ], [ 513299.219353248248808, 5686645.498660333454609 ], [ 513311.303198242210783, 5686642.938696289435029 ], [ 513310.7557373046875, 5686640.481860351748765 ], [ 513298.671892310725525, 5686643.041824396699667 ] ] ] } },
{ "type": "Feature", "properties": { "id": 526, "area_px": 11227.0, "aspect_ratio": 4.76, "zone": "yard" }, "geometry": { "type": "Polygon", "coordinates": [ [ [ 513245.643823242164217, 5686637.866455078125 ], [ 513246.2088623046875, 5686640.287939453497529 ], [ 513257.742602539074142, 5686637.596728515811265 ], [ 513257.177563476550858, 5686635.175244140438735 ], [ 513245.643823242164217, 5686637.866455078125 ] ] ] } },
{ "type": "Feature", "properties": { "id": 527, "area_px": 11218.0, "aspect_ratio": 4.74, "zone": "yard" }, "geometry": { "type": "Polygon", "coordinates": [ [ [ 513199.474291992199142, 5686734.121923828497529 ], [ 513200.020434570324142, 5686736.54052734375 ], [ 513211.487377929675858, 5686733.951220703311265 ], [ 513210.941235351550858, 5686731.532617187127471 ], [ 513199.474291992199142, 5686734.121923828497529 ] ] ] } },
{ "type": "Feature", "properties": { "id": 528, "area_px": 11179.0, "aspect_ratio": 4.53, "zone": "yard" }, "geometry": { "type": "Polygon", "coordinates": [ [ [ 513222.547045898449142, 5686890.4371337890625 ], [ 513223.112475585949142, 5686892.904443359002471 ], [ 513234.2999267578125, 5686890.340649413876235 ], [ 513233.7344970703125, 5686887.873339843936265 ], [ 513222.547045898449142, 5686890.4371337890625 ] ] ] } },
{ "type": "Feature", "properties": { "id": 529, "area_px": 11162.0, "aspect_ratio": 4.53, "zone": "yard" }, "geometry": { "type": "Polygon", "coordinates": [ [ [ 513337.490576171898283, 5686868.507641601376235 ], [ 513338.037646484386642, 5686870.969409179873765 ], [ 513349.181787109351717, 5686868.492944335564971 ], [ 513348.634716796863358, 5686866.031176757998765 ], [ 513337.490576171898283, 5686868.507641601376235 ] ] ] } },
{ "type": "Feature", "properties": { "id": 530, "area_px": 11132.0, "aspect_ratio": 4.42, "zone": "yard" }, "geometry": { "type": "Polygon", "coordinates": [ [ [ 513296.817810449108947, 5686695.473706115968525 ], [ 513297.610639818070922, 5686697.764102070592344 ], [ 513309.66621226730058, 5686695.025018643587828 ], [ 513309.093067736073863, 5686692.530975675210357 ], [ 513296.817810449108947, 5686695.473706115968525 ] ] ] } },
{ "type": "Feature", "properties": { "id": 532, "area_px": 11103.0, "aspect_ratio": 3.8, "zone": "ship" }, "geometry": { "type": "Polygon", "coordinates": [ [ [ 513471.8603515625, 5686737.7901611328125 ], [ 513474.209374999976717, 5686748.077368164435029 ], [ 513476.913281249988358, 5686747.459936523810029 ], [ 513474.564257812511642, 5686737.1727294921875 ], [ 513471.8603515625, 5686737.7901611328125 ] ] ] } },
{ "type": "Feature", "properties": { "id": 533, "area_px": 11094.0, "aspect_ratio": 4.54, "zone": "yard" }, "geometry": { "type": "Polygon", "coordinates": [ [ [ 513283.583837890648283, 5686633.764624023810029 ], [ 513284.155322265636642, 5686636.229223633185029 ], [ 513296.060694248066284, 5686633.543865855783224 ], [ 513295.489209873077925, 5686631.079266246408224 ], [ 513283.583837890648283, 5686633.764624023810029 ] ] ] } },
{ "type": "Feature", "properties": { "id": 534, "area_px": 11092.0, "aspect_ratio": 4.25, "zone": "yard" }, "geometry": { "type": "Polygon", "coordinates": [ [ [ 513238.187287709733937, 5686904.202173738740385 ], [ 513238.521403032355011, 5686906.611928488127887 ], [ 513249.887037022272125, 5686904.11372503079474 ], [ 513249.552921699592844, 5686901.703970281407237 ], [ 513238.187287709733937, 5686904.202173738740385 ] ] ] } },
{ "type": "Feature", "properties": { "id": 535, "area_px": 11060.0, "aspect_ratio": 4.64, "zone": "yard" }, "geometry": { "type": "Polygon", "coordinates": [ [ [ 513268.821386718773283, 5686867.228710937313735 ], [ 513269.311669921851717, 5686869.657739257439971 ], [ 513280.580126953136642, 5686867.383374023251235 ], [ 513280.08984375, 5686864.954345703125 ], [ 513268.821386718773283, 5686867.228710937313735 ] ] ] } },
{ "type": "Feature", "properties": { "id": 536, "area_px": 11059.0, "aspect_ratio": 4.57, "zone": "yard" }, "geometry": { "type": "Polygon", "coordinates": [ [ [ 513337.3958740234375, 5686673.297314452938735 ], [ 513337.922680664050858, 5686675.755859375 ], [ 513349.163647460925858, 5686673.347070312127471 ], [ 513348.6368408203125, 5686670.888525390997529 ], [ 513337.3958740234375, 5686673.297314452938735 ] ] ] } },
{ "type": "Feature", "properties": { "id": 537, "area_px": 11043.0, "aspect_ratio": 4.88, "zone": "yard" }, "geometry": { "type": "Polygon", "coordinates": [ [ [ 513245.330908203148283, 5686939.845654296688735 ], [ 513247.974511718726717, 5686951.640191650018096 ], [ 513250.390234375023283, 5686951.098742675967515 ], [ 513247.746630859386642, 5686939.304205322638154 ], [ 513245.330908203148283, 5686939.845654296688735 ] ] ] } },
{ "type": "Feature", "properties": { "id": 538, "area_px": 11038.0, "aspect_ratio": 4.59, "zone": "yard" }, "geometry": { "type": "Polygon", "coordinates": [ [ [ 513314.348583984363358, 5686878.308886718936265 ], [ 513314.881201171898283, 5686880.740307617001235 ], [ 513326.031445312488358, 5686878.297875976189971 ], [ 513325.498828125011642, 5686875.866455078125 ], [ 513314.348583984363358, 5686878.308886718936265 ] ] ] } },
{ "type": "Feature", "properties": { "id": 539, "area_px": 10996.0, "aspect_ratio": 4.36, "zone": "yard" }, "geometry": { "type": "Polygon", "coordinates": [ [ [ 513344.605320932518225, 5686785.479428267106414 ], [ 513345.152488901279867, 5686787.975912641733885 ], [ 513357.098803710949142, 5686785.457104492001235 ], [ 513356.5516357421875, 5686782.960620117373765 ], [ 513344.605320932518225, 5686785.479428267106414 ] ] ] } },
{ "type": "Feature", "properties": { "id": 540, "area_px": 10994.0, "aspect_ratio": 4.61, "zone": "yard" }, "geometry": { "type": "Polygon", "coordinates": [ [ [ 513388.078759765601717, 5686605.154760742560029 ], [ 513390.586328124976717, 5686616.392309570685029 ], [ 513393.0244140625, 5686615.8482666015625 ], [ 513390.516845703125, 5686604.6107177734375 ], [ 513388.078759765601717, 5686605.154760742560029 ] ] ] } },
{ "type": "Feature", "properties": { "id": 541, "area_px": 10984.0, "aspect_ratio": 3.14, "zone": "yard" }, "geometry": { "type": "Polygon", "coordinates": [ [ [ 513196.60351828194689, 5686837.205329813994467 ], [ 513197.319488186156377, 5686839.556360530667007 ], [ 513209.315844726574142, 5686836.919995117001235 ], [ 513208.599874822364654, 5686834.568964401260018 ], [ 513196.60351828194689, 5686837.205329813994467 ] ] ] } },
{ "type": "Feature", "properties": { "id": 542, "area_px": 10983.0, "aspect_ratio": 3.31, "zone": "yard" }, "geometry": { "type": "Polygon", "coordinates": [ [ [ 513216.3037144895643, 5686922.130569958128035 ], [ 513216.527807617210783, 5686924.6297607421875 ], [ 513226.299109109095298, 5686922.353426846675575 ], [ 513228.919407648325432, 5686921.961382054723799 ], [ 513228.54159624298336, 5686919.722097833640873 ], [ 513216.3037144895643, 5686922.130569958128035 ] ] ] } },
{ "type": "Feature", "properties": { "id": 543, "area_px": 10980.0, "aspect_ratio": 4.21, "zone": "yard" }, "geometry": { "type": "Polygon", "coordinates": [ [ [ 513238.439746093761642, 5686966.741738891229033 ], [ 513240.865527343761642, 5686977.462178039364517 ], [ 513243.414208984351717, 5686976.885464477352798 ], [ 513240.988427734351717, 5686966.165026855655015 ], [ 513238.439746093761642, 5686966.741738891229033 ] ] ] } },
{ "type": "Feature", "properties": { "id": 545, "area_px": 10973.0, "aspect_ratio": 4.27, "zone": "yard" }, "geometry": { "type": "Polygon", "coordinates": [ [ [ 513245.6275634765625, 5686872.111157226376235 ], [ 513246.207543945289217, 5686874.632763671688735 ], [ 513256.977807617164217, 5686872.155615234747529 ], [ 513256.3978271484375, 5686869.634008789435029 ], [ 513245.6275634765625, 5686872.111157226376235 ] ] ] } },
{ "type": "Feature", "properties": { "id": 546, "area_px": 10970.0, "aspect_ratio": 3.22, "zone": "ship" }, "geometry": { "type": "Polygon", "coordinates": [ [ [ 513479.440820312476717, 5686845.041650390252471 ], [ 513482.418030896107666, 5686858.138517850078642 ], [ 513485.332581677357666, 5686857.488346951082349 ], [ 513482.355371093726717, 5686844.3914794921875 ], [ 513479.440820312476717, 5686845.041650390252471 ] ] ] } },
{ "type": "Feature", "properties": { "id": 547, "area_px": 10965.0, "aspect_ratio": 4.41, "zone": "yard" }, "geometry": { "type": "Polygon", "coordinates": [ [ [ 513214.501489257789217, 5686858.456823730841279 ], [ 513215.037817382835783, 5686860.959753418341279 ], [ 513226.073901367199142, 5686858.594885254278779 ], [ 513225.537573242210783, 5686856.091955566778779 ], [ 513214.501489257789217, 5686858.456823730841279 ] ] ] } },
{ "type": "Feature", "properties": { "id": 548, "area_px": 10955.0, "aspect_ratio": 4.47, "zone": "yard" }, "geometry": { "type": "Polygon", "coordinates": [ [ [ 513237.637670898460783, 5686734.094946289435029 ], [ 513238.202807617199142, 5686736.549340819939971 ], [ 513249.184350585914217, 5686734.020678711123765 ], [ 513248.619213867175858, 5686731.5662841796875 ], [ 513237.637670898460783, 5686734.094946289435029 ] ] ] } },
{ "type": "Feature", "properties": { "id": 549, "area_px": 10952.0, "aspect_ratio": 4.49, "zone": "yard" }, "geometry": { "type": "Polygon", "coordinates": [ [ [ 513337.610009765601717, 5686983.214331055060029 ], [ 513338.182763671851717, 5686985.669021606445312 ], [ 513350.321221815538593, 5686982.823500476777554 ], [ 513349.748467909288593, 5686980.368809924460948 ], [ 513337.610009765601717, 5686983.214331055060029 ] ] ] } },
{ "type": "Feature", "properties": { "id": 550, "area_px": 10948.0, "aspect_ratio": 4.4, "zone": "yard" }, "geometry": { "type": "Polygon", "coordinates": [ [ [ 513244.519122978439555, 5686540.708491432480514 ], [ 513256.866601562476717, 5686542.565087890252471 ], [ 513257.273486328136642, 5686540.051904296502471 ], [ 513244.926007744041272, 5686538.195307838730514 ], [ 513244.519122978439555, 5686540.708491432480514 ] ] ] } },
{ "type": "Feature", "properties": { "id": 551, "area_px": 10932.0, "aspect_ratio": 4.63, "zone": "yard" }, "geometry": { "type": "Polygon", "coordinates": [ [ [ 513229.133081054664217, 5686943.185705566778779 ], [ 513231.721166992210783, 5686954.35137939453125 ], [ 513234.1348876953125, 5686953.791906738653779 ], [ 513231.546801757824142, 5686942.626232909969985 ], [ 513229.133081054664217, 5686943.185705566778779 ] ] ] } },
{ "type": "Feature", "properties": { "id": 552, "area_px": 10914.0, "aspect_ratio": 3.9, "zone": "yard" }, "geometry": { "type": "Polygon", "coordinates": [ [ [ 513491.791699218738358, 5686951.486184692010283 ], [ 513494.139355468738358, 5686961.972525024786592 ], [ 513496.826367187488358, 5686961.370968627743423 ], [ 513494.478710937488358, 5686950.884628295898438 ], [ 513493.946023822878487, 5686948.95887379348278 ], [ 513491.391351411817595, 5686949.399334554560483 ], [ 513491.791699218738358, 5686951.486184692010283 ] ] ] } },
{ "type": "Feature", "properties": { "id": 553, "area_px": 10907.0, "aspect_ratio": 4.92, "zone": "yard" }, "geometry": { "type": "Polygon", "coordinates": [ [ [ 513255.014208984386642, 5686806.538732910528779 ], [ 513255.582958984363358, 5686809.022229003719985 ], [ 513267.796240234398283, 5686806.22528076171875 ], [ 513267.227490234363358, 5686803.741784667596221 ], [ 513255.014208984386642, 5686806.538732910528779 ] ] ] } },
{ "type": "Feature", "properties": { "id": 554, "area_px": 10894.0, "aspect_ratio": 4.35, "zone": "yard" }, "geometry": { "type": "Polygon", "coordinates": [ [ [ 513260.923730468726717, 5686890.483691406436265 ], [ 513261.485107421875, 5686892.9674072265625 ], [ 513272.297753906226717, 5686890.5234375 ], [ 513271.736376953136642, 5686888.039721679873765 ], [ 513260.923730468726717, 5686890.483691406436265 ] ] ] } },
{ "type": "Feature", "properties": { "id": 555, "area_px": 10888.0, "aspect_ratio": 4.36, "zone": "yard" }, "geometry": { "type": "Polygon", "coordinates": [ [ [ 513337.820385742175858, 5686813.267846679314971 ], [ 513338.373608398425858, 5686815.736083984375 ], [ 513350.480587936821394, 5686813.01523703802377 ], [ 513349.927365280571394, 5686810.546999733895063 ], [ 513337.820385742175858, 5686813.267846679314971 ] ] ] } },
{ "type": "Feature", "properties": { "id": 556, "area_px": 10865.0, "aspect_ratio": 2.93, "zone": "yard" }, "geometry": { "type": "Polygon", "coordinates": [ [ [ 513269.267773437488358, 5686934.82145385723561 ], [ 513271.339111328125, 5686943.728118896484375 ], [ 513274.373828125011642, 5686943.022369384765625 ], [ 513272.302490234375, 5686934.11570434551686 ], [ 513269.267773437488358, 5686934.82145385723561 ] ] ] } },
{ "type": "Feature", "properties": { "id": 558, "area_px": 10826.0, "aspect_ratio": 3.1, "zone": "yard" }, "geometry": { "type": "Polygon", "coordinates": [ [ [ 513283.875830078148283, 5686945.025518799200654 ], [ 513285.929736328136642, 5686954.182583617977798 ], [ 513288.880810546863358, 5686953.520660400390625 ], [ 513286.826904296875, 5686944.363598632626235 ], [ 513283.875830078148283, 5686945.025518799200654 ] ] ] } },
{ "type": "Feature", "properties": { "id": 559, "area_px": 10776.0, "aspect_ratio": 4.2, "zone": "yard" }, "geometry": { "type": "Polygon", "coordinates": [ [ [ 513261.042675781238358, 5686532.805273437872529 ], [ 513273.653064855374396, 5686534.695348565466702 ], [ 513274.063318761647679, 5686532.151793878525496 ], [ 513261.452929687511642, 5686530.26171875 ], [ 513261.042675781238358, 5686532.805273437872529 ] ] ] } },
{ "type": "Feature", "properties": { "id": 560, "area_px": 10772.0, "aspect_ratio": 4.34, "zone": "yard" }, "geometry": { "type": "Polygon", "coordinates": [ [ [ 513272.188403320324142, 5686692.374975586310029 ], [ 513272.740502929664217, 5686694.8409423828125 ], [ 513283.441479492175858, 5686692.4451904296875 ], [ 513282.889379882835783, 5686689.979223633185029 ], [ 513272.188403320324142, 5686692.374975586310029 ] ] ] } },
{ "type": "Feature", "properties": { "id": 561, "area_px": 10769.0, "aspect_ratio": 3.87, "zone": "yard" }, "geometry": { "type": "Polygon", "coordinates": [ [ [ 513261.470043945300858, 5686711.898730468936265 ], [ 513262.049340820289217, 5686714.547021484002471 ], [ 513274.103862750984263, 5686711.952758344821632 ], [ 513273.524565875995904, 5686709.304467329755425 ], [ 513261.470043945300858, 5686711.898730468936265 ] ] ] } },
{ "type": "Feature", "properties": { "id": 562, "area_px": 10765.0, "aspect_ratio": 4.21, "zone": "yard" }, "geometry": { "type": "Polygon", "coordinates": [ [ [ 513244.149175468133762, 5686543.262512761168182 ], [ 513256.470385742199142, 5686545.146240234375 ], [ 513256.879077148449142, 5686542.609033202752471 ], [ 513244.557866874383762, 5686540.725305730476975 ], [ 513244.149175468133762, 5686543.262512761168182 ] ] ] } },
{ "type": "Feature", "properties": { "id": 563, "area_px": 10762.0, "aspect_ratio": 4.36, "zone": "yard" }, "geometry": { "type": "Polygon", "coordinates": [ [ [ 513168.756787109363358, 5686710.321508789435029 ], [ 513169.309252929699142, 5686712.791333007626235 ], [ 513180.085205078125, 5686710.380932617001235 ], [ 513179.532739257789217, 5686707.911108398810029 ], [ 513168.756787109363358, 5686710.321508789435029 ] ] ] } },
{ "type": "Feature", "properties": { "id": 564, "area_px": 10752.0, "aspect_ratio": 3.04, "zone": "yard" }, "geometry": { "type": "Polygon", "coordinates": [ [ [ 513447.301229281700216, 5686753.790710791945457 ], [ 513452.498666256316938, 5686752.381236358545721 ], [ 513450.296362453547772, 5686741.986362408846617 ], [ 513445.25, 5686743.450000000186265 ], [ 513447.301229281700216, 5686753.790710791945457 ] ] ] } },
{ "type": "Feature", "properties": { "id": 565, "area_px": 10740.0, "aspect_ratio": 4.09, "zone": "yard" }, "geometry": { "type": "Polygon", "coordinates": [ [ [ 513215.071362304675858, 5686692.615136718377471 ], [ 513215.6524658203125, 5686695.168408202938735 ], [ 513227.591755263681989, 5686692.514213977381587 ], [ 513227.010651748045348, 5686689.960942492820323 ], [ 513215.071362304675858, 5686692.615136718377471 ] ] ] } },
{ "type": "Feature", "properties": { "id": 566, "area_px": 10738.0, "aspect_ratio": 4.19, "zone": "yard" }, "geometry": { "type": "Polygon", "coordinates": [ [ [ 513284.218969726585783, 5686807.672412109561265 ], [ 513284.771215820335783, 5686810.196923827752471 ], [ 513296.90145152900368, 5686807.440203301608562 ], [ 513296.34920543525368, 5686804.915691582486033 ], [ 513284.218969726585783, 5686807.672412109561265 ] ] ] } },
{ "type": "Feature", "properties": { "id": 567, "area_px": 10734.0, "aspect_ratio": 4.38, "zone": "yard" }, "geometry": { "type": "Polygon", "coordinates": [ [ [ 513184.08392333984375, 5686669.490380859002471 ], [ 513184.636999511742033, 5686671.946630859747529 ], [ 513196.58508145698579, 5686669.127706408500671 ], [ 513196.032005285145715, 5686666.671456408686936 ], [ 513184.08392333984375, 5686669.490380859002471 ] ] ] } },
{ "type": "Feature", "properties": { "id": 568, "area_px": 10727.0, "aspect_ratio": 4.45, "zone": "yard" }, "geometry": { "type": "Polygon", "coordinates": [ [ [ 513183.940344238304533, 5686783.299999999813735 ], [ 513184.510388183582108, 5686785.747021484188735 ], [ 513195.39984130859375, 5686783.210253906436265 ], [ 513194.829797363257967, 5686780.763232422061265 ], [ 513183.940344238304533, 5686783.299999999813735 ] ] ] } },
{ "type": "Feature", "properties": { "id": 569, "area_px": 10690.0, "aspect_ratio": 4.29, "zone": "yard" }, "geometry": { "type": "Polygon", "coordinates": [ [ [ 513361.057641601539217, 5686858.559423828497529 ], [ 513361.609399414039217, 5686861.0423583984375 ], [ 513373.753450374875683, 5686858.280050159431994 ], [ 513373.201692562375683, 5686855.797115589492023 ], [ 513361.057641601539217, 5686858.559423828497529 ] ] ] } },
{ "type": "Feature", "properties": { "id": 570, "area_px": 10683.0, "aspect_ratio": 3.9, "zone": "yard" }, "geometry": { "type": "Polygon", "coordinates": [ [ [ 513220.262977251724806, 5686656.831532710231841 ], [ 513220.866809298633598, 5686659.316647727042437 ], [ 513232.961596679699142, 5686656.7889404296875 ], [ 513232.392651367175858, 5686654.264331054873765 ], [ 513220.262977251724806, 5686656.831532710231841 ] ] ] } },
{ "type": "Feature", "properties": { "id": 571, "area_px": 10674.0, "aspect_ratio": 3.96, "zone": "yard" }, "geometry": { "type": "Polygon", "coordinates": [ [ [ 513494.172768554009963, 5686948.937063595280051 ], [ 513496.951904296875, 5686961.581204223446548 ], [ 513499.535009765648283, 5686961.001327514648438 ], [ 513496.755874022725038, 5686948.357186886481941 ], [ 513494.172768554009963, 5686948.937063595280051 ] ] ] } },
{ "type": "Feature", "properties": { "id": 572, "area_px": 10652.0, "aspect_ratio": 4.38, "zone": "yard" }, "geometry": { "type": "Polygon", "coordinates": [ [ [ 513414.789355468761642, 5686978.786102294921875 ], [ 513415.325878906238358, 5686981.241036986932158 ], [ 513426.072851562523283, 5686978.892361450009048 ], [ 513425.536328124988358, 5686976.437426757998765 ], [ 513414.789355468761642, 5686978.786102294921875 ] ] ] } },
{ "type": "Feature", "properties": { "id": 573, "area_px": 10634.0, "aspect_ratio": 3.93, "zone": "yard" }, "geometry": { "type": "Polygon", "coordinates": [ [ [ 513222.497241210949142, 5686775.742358398623765 ], [ 513223.115991210914217, 5686778.4705810546875 ], [ 513233.824926757835783, 5686776.041772460564971 ], [ 513233.2061767578125, 5686773.313549804501235 ], [ 513222.497241210949142, 5686775.742358398623765 ] ] ] } },
{ "type": "Feature", "properties": { "id": 574, "area_px": 10632.0, "aspect_ratio": 4.41, "zone": "yard" }, "geometry": { "type": "Polygon", "coordinates": [ [ [ 513367.636100850766525, 5686887.751300381496549 ], [ 513368.174968038278166, 5686890.206183194182813 ], [ 513380.139111328113358, 5686887.567028808407485 ], [ 513379.600244140601717, 5686885.112145995721221 ], [ 513367.636100850766525, 5686887.751300381496549 ] ] ] } },
{ "type": "Feature", "properties": { "id": 575, "area_px": 10623.0, "aspect_ratio": 1.86, "zone": "yard" }, "geometry": { "type": "Polygon", "coordinates": [ [ [ 513225.717480468738358, 5686851.536938476376235 ], [ 513226.463574218738358, 5686854.819653320126235 ], [ 513232.581640625023283, 5686853.429174805060029 ], [ 513231.835546875023283, 5686850.146459961310029 ], [ 513225.717480468738358, 5686851.536938476376235 ] ] ] } },
{ "type": "Feature", "properties": { "id": 577, "area_px": 10617.0, "aspect_ratio": 4.23, "zone": "yard" }, "geometry": { "type": "Polygon", "coordinates": [ [ [ 513395.123071289039217, 5686589.765380859375 ], [ 513397.709674627752975, 5686601.861595349386334 ], [ 513400.248151190229692, 5686601.353904919698834 ], [ 513397.661547851574142, 5686589.257714843377471 ], [ 513395.123071289039217, 5686589.765380859375 ] ] ] } },
{ "type": "Feature", "properties": { "id": 578, "area_px": 10610.0, "aspect_ratio": 4.59, "zone": "yard" }, "geometry": { "type": "Polygon", "coordinates": [ [ [ 513322.755859375, 5686629.126855468377471 ], [ 513323.290820312511642, 5686631.572314453311265 ], [ 513334.51318359375, 5686629.117431640625 ], [ 513333.978222656238358, 5686626.671972656622529 ], [ 513322.755859375, 5686629.126855468377471 ] ] ] } },
{ "type": "Feature", "properties": { "id": 579, "area_px": 10605.0, "aspect_ratio": 4.66, "zone": "yard" }, "geometry": { "type": "Polygon", "coordinates": [ [ [ 513393.497875976550858, 5686629.472753906622529 ], [ 513396.0325927734375, 5686640.838037109002471 ], [ 513398.471020507800858, 5686640.294238281436265 ], [ 513395.936303710914217, 5686628.928955078125 ], [ 513393.497875976550858, 5686629.472753906622529 ] ] ] } },
{ "type": "Feature", "properties": { "id": 580, "area_px": 10585.0, "aspect_ratio": 4.33, "zone": "yard" }, "geometry": { "type": "Polygon", "coordinates": [ [ [ 513214.943408203136642, 5686802.597998047247529 ], [ 513215.502294921898283, 5686805.048608398064971 ], [ 513227.51382013829425, 5686802.234176136553288 ], [ 513226.954933419532608, 5686799.783565784804523 ], [ 513214.943408203136642, 5686802.597998047247529 ] ] ] } },
{ "type": "Feature", "properties": { "id": 581, "area_px": 10555.0, "aspect_ratio": 4.61, "zone": "yard" }, "geometry": { "type": "Polygon", "coordinates": [ [ [ 513368.760229492210783, 5686775.954736327752471 ], [ 513369.3199462890625, 5686778.4384765625 ], [ 513380.7755126953125, 5686775.85693359375 ], [ 513380.215795898460783, 5686773.373193359002471 ], [ 513368.760229492210783, 5686775.954736327752471 ] ] ] } },
{ "type": "Feature", "properties": { "id": 582, "area_px": 10538.0, "aspect_ratio": 1.35, "zone": "ship" }, "geometry": { "type": "Polygon", "coordinates": [ [ [ 513468.79571439686697, 5686897.953517723828554 ], [ 513471.873785511474125, 5686911.321475274860859 ], [ 513473.332460230332799, 5686910.947110159322619 ], [ 513470.557557439024094, 5686897.689241267740726 ], [ 513469.500451613741461, 5686897.82137949578464 ], [ 513468.79571439686697, 5686897.953517723828554 ] ] ] } },
{ "type": "Feature", "properties": { "id": 583, "area_px": 10520.0, "aspect_ratio": 3.05, "zone": "ship" }, "geometry": { "type": "Polygon", "coordinates": [ [ [ 513461.766894531261642, 5686768.525292968377471 ], [ 513464.919659704260994, 5686781.363554404117167 ], [ 513467.033871355000883, 5686780.746909338980913 ], [ 513464.716601562511642, 5686767.901318359188735 ], [ 513461.766894531261642, 5686768.525292968377471 ] ] ] } },
{ "type": "Feature", "properties": { "id": 584, "area_px": 10517.0, "aspect_ratio": 4.67, "zone": "yard" }, "geometry": { "type": "Polygon", "coordinates": [ [ [ 513168.7374267578125, 5686940.762988281436265 ], [ 513169.323388671851717, 5686943.145056152716279 ], [ 513180.438745117164217, 5686940.410791015252471 ], [ 513179.852783203125, 5686938.028723144903779 ], [ 513168.7374267578125, 5686940.762988281436265 ] ] ] } },
{ "type": "Feature", "properties": { "id": 586, "area_px": 10514.0, "aspect_ratio": 4.92, "zone": "yard" }, "geometry": { "type": "Polygon", "coordinates": [ [ [ 513178.198461914085783, 5686701.269750976935029 ], [ 513178.759130859398283, 5686703.774096679873765 ], [ 513191.071826171886642, 5686701.017504882998765 ], [ 513190.511157226574142, 5686698.513159180060029 ], [ 513178.198461914085783, 5686701.269750976935029 ] ] ] } },
{ "type": "Feature", "properties": { "id": 587, "area_px": 10470.0, "aspect_ratio": 2.14, "zone": "yard" }, "geometry": { "type": "Polygon", "coordinates": [ [ [ 513346.588354492210783, 5686679.968164062127471 ], [ 513347.1324462890625, 5686682.455419922247529 ], [ 513357.869010127906222, 5686679.882420097477734 ], [ 513357.324918330996297, 5686677.395164238288999 ], [ 513346.588354492210783, 5686679.968164062127471 ] ] ] } },
{ "type": "Feature", "properties": { "id": 588, "area_px": 10454.0, "aspect_ratio": 4.27, "zone": "yard" }, "geometry": { "type": "Polygon", "coordinates": [ [ [ 513298.045310722547583, 5686639.127029919065535 ], [ 513298.600047050684225, 5686641.588651013560593 ], [ 513310.512060546898283, 5686638.825439453125 ], [ 513309.957324218761642, 5686636.363818359561265 ], [ 513298.045310722547583, 5686639.127029919065535 ] ] ] } },
{ "type": "Feature", "properties": { "id": 589, "area_px": 10451.0, "aspect_ratio": 4.29, "zone": "yard" }, "geometry": { "type": "Polygon", "coordinates": [ [ [ 513261.211010742175858, 5686920.730004882439971 ], [ 513261.751147460949142, 5686923.187670898623765 ], [ 513273.780110532650724, 5686920.476656603626907 ], [ 513273.239973813935649, 5686918.018990588374436 ], [ 513261.211010742175858, 5686920.730004882439971 ] ] ] } },
{ "type": "Feature", "properties": { "id": 590, "area_px": 10451.0, "aspect_ratio": 5.86, "zone": "ship" }, "geometry": { "type": "Polygon", "coordinates": [ [ [ 513455.446728515613358, 5686738.722729492001235 ], [ 513458.165380859398283, 5686751.284741210751235 ], [ 513460.307568359363358, 5686750.821118163876235 ], [ 513457.588916015636642, 5686738.259106445126235 ], [ 513455.446728515613358, 5686738.722729492001235 ] ] ] } },
{ "type": "Feature", "properties": { "id": 591, "area_px": 10445.0, "aspect_ratio": 4.15, "zone": "yard" }, "geometry": { "type": "Polygon", "coordinates": [ [ [ 513184.446667480457108, 5686728.5394287109375 ], [ 513185.014562988304533, 5686731.047631835564971 ], [ 513197.484606494603213, 5686728.12034534662962 ], [ 513196.916710986813996, 5686725.612142222002149 ], [ 513184.446667480457108, 5686728.5394287109375 ] ] ] } },
{ "type": "Feature", "properties": { "id": 592, "area_px": 10416.0, "aspect_ratio": 4.14, "zone": "yard" }, "geometry": { "type": "Polygon", "coordinates": [ [ [ 513315.180712890636642, 5686770.693066406063735 ], [ 513315.745898437511642, 5686773.196093750186265 ], [ 513326.104785156261642, 5686770.856982422061265 ], [ 513327.77119039313402, 5686770.385069969110191 ], [ 513327.213350499398075, 5686767.869448241777718 ], [ 513315.180712890636642, 5686770.693066406063735 ] ] ] } },
{ "type": "Feature", "properties": { "id": 593, "area_px": 10416.0, "aspect_ratio": 4.21, "zone": "yard" }, "geometry": { "type": "Polygon", "coordinates": [ [ [ 513221.190723984676879, 5686661.059906340204179 ], [ 513221.750196640903596, 5686663.533343839459121 ], [ 513233.538330078125, 5686660.911547851748765 ], [ 513232.978857421898283, 5686658.4381103515625 ], [ 513221.190723984676879, 5686661.059906340204179 ] ] ] } },
{ "type": "Feature", "properties": { "id": 594, "area_px": 10412.0, "aspect_ratio": 4.95, "zone": "yard" }, "geometry": { "type": "Polygon", "coordinates": [ [ [ 513396.094921874988358, 5686641.055566405877471 ], [ 513398.843115234398283, 5686653.042333984747529 ], [ 513401.266455078148283, 5686652.486718749627471 ], [ 513398.518261718738358, 5686640.499951171688735 ], [ 513396.094921874988358, 5686641.055566405877471 ] ] ] } },
{ "type": "Feature", "properties": { "id": 596, "area_px": 10394.0, "aspect_ratio": 4.08, "zone": "yard" }, "geometry": { "type": "Polygon", "coordinates": [ [ [ 513338.370581054710783, 5686872.4676513671875 ], [ 513338.929418945335783, 5686874.982348632998765 ], [ 513351.000591266609263, 5686872.21666503790766 ], [ 513350.441753375984263, 5686869.701967772096395 ], [ 513338.370581054710783, 5686872.4676513671875 ] ] ] } },
{ "type": "Feature", "properties": { "id": 597, "area_px": 10382.0, "aspect_ratio": 4.34, "zone": "yard" }, "geometry": { "type": "Polygon", "coordinates": [ [ [ 513256.75496493204264, 5686949.857999818399549 ], [ 513259.343359375023283, 5686961.91633911151439 ], [ 513261.775585937488358, 5686961.37092895526439 ], [ 513259.187191494507715, 5686949.312589662149549 ], [ 513256.75496493204264, 5686949.857999818399549 ] ] ] } },
{ "type": "Feature", "properties": { "id": 598, "area_px": 10380.0, "aspect_ratio": 4.49, "zone": "yard" }, "geometry": { "type": "Polygon", "coordinates": [ [ [ 513344.906831941509154, 5686891.179385653696954 ], [ 513345.462007722759154, 5686893.566568270325661 ], [ 513356.933203125023283, 5686890.852758789435029 ], [ 513356.378027343773283, 5686888.465576171875 ], [ 513344.906831941509154, 5686891.179385653696954 ] ] ] } },
{ "type": "Feature", "properties": { "id": 599, "area_px": 10366.0, "aspect_ratio": 4.31, "zone": "yard" }, "geometry": { "type": "Polygon", "coordinates": [ [ [ 513137.936474609363358, 5686692.671313476748765 ], [ 513138.469091796898283, 5686695.1517333984375 ], [ 513144.266231456014793, 5686693.854056093841791 ], [ 513143.733614268479869, 5686691.373636172153056 ], [ 513137.936474609363358, 5686692.671313476748765 ] ] ] } },
{ "type": "Feature", "properties": { "id": 601, "area_px": 10355.0, "aspect_ratio": 5.07, "zone": "ship" }, "geometry": { "type": "Polygon", "coordinates": [ [ [ 513496.473730468773283, 5686908.400030517950654 ], [ 513499.467968749988358, 5686921.945501709356904 ], [ 513502.137988281261642, 5686921.355279540643096 ], [ 513499.143749999988358, 5686907.809808349236846 ], [ 513496.473730468773283, 5686908.400030517950654 ] ] ] } },
{ "type": "Feature", "properties": { "id": 604, "area_px": 10332.0, "aspect_ratio": 4.21, "zone": "yard" }, "geometry": { "type": "Polygon", "coordinates": [ [ [ 513261.293530273425858, 5686651.595874023623765 ], [ 513261.845288085925858, 5686654.078833008185029 ], [ 513273.891827864048537, 5686651.295491830445826 ], [ 513273.539459255582187, 5686650.50266246125102 ], [ 513273.187090647174045, 5686649.181280179880559 ], [ 513261.293530273425858, 5686651.595874023623765 ] ] ] } },
{ "type": "Feature", "properties": { "id": 605, "area_px": 10328.0, "aspect_ratio": 4.23, "zone": "yard" }, "geometry": { "type": "Polygon", "coordinates": [ [ [ 513321.064664859499317, 5686625.218695402145386 ], [ 513321.619010562601034, 5686627.688128995709121 ], [ 513333.563549804675858, 5686625.078588867560029 ], [ 513333.009204101574142, 5686622.609155273064971 ], [ 513321.064664859499317, 5686625.218695402145386 ] ] ] } },
{ "type": "Feature", "properties": { "id": 608, "area_px": 10300.0, "aspect_ratio": 3.49, "zone": "ship" }, "geometry": { "type": "Polygon", "coordinates": [ [ [ 513482.508984374988358, 5686844.892895507626235 ], [ 513485.331787998147774, 5686857.919462451711297 ], [ 513488.057764560624491, 5686857.311845264397562 ], [ 513485.234960937523283, 5686844.2852783203125 ], [ 513482.508984374988358, 5686844.892895507626235 ] ] ] } },
{ "type": "Feature", "properties": { "id": 610, "area_px": 10290.0, "aspect_ratio": 4.25, "zone": "yard" }, "geometry": { "type": "Polygon", "coordinates": [ [ [ 513284.437426757824142, 5686637.759472656063735 ], [ 513284.984643554664217, 5686640.204833984375 ], [ 513296.967812058166601, 5686637.437664239667356 ], [ 513296.420595261326525, 5686634.992302911356091 ], [ 513284.437426757824142, 5686637.759472656063735 ] ] ] } },
{ "type": "Feature", "properties": { "id": 611, "area_px": 10259.0, "aspect_ratio": 4.08, "zone": "yard" }, "geometry": { "type": "Polygon", "coordinates": [ [ [ 513161.599658203136642, 5686742.477880859747529 ], [ 513162.159033203148283, 5686744.962207031436265 ], [ 513174.455279213143513, 5686741.930708894506097 ], [ 513173.895904213190079, 5686739.446382722817361 ], [ 513161.599658203136642, 5686742.477880859747529 ] ] ] } },
{ "type": "Feature", "properties": { "id": 612, "area_px": 10257.0, "aspect_ratio": 4.08, "zone": "yard" }, "geometry": { "type": "Polygon", "coordinates": [ [ [ 513197.590518905431964, 5686670.589545011520386 ], [ 513198.163553573423997, 5686673.072699308395386 ], [ 513210.150561523449142, 5686670.4691162109375 ], [ 513209.577539062476717, 5686667.9859619140625 ], [ 513197.590518905431964, 5686670.589545011520386 ] ] ] } },
{ "type": "Feature", "properties": { "id": 613, "area_px": 10224.0, "aspect_ratio": 4.52, "zone": "ship" }, "geometry": { "type": "Polygon", "coordinates": [ [ [ 513467.560009765613358, 5686865.469995116814971 ], [ 513470.447329989692662, 5686878.176490146666765 ], [ 513473.099673739692662, 5686877.587085849605501 ], [ 513470.212353515613358, 5686864.880590820685029 ], [ 513467.560009765613358, 5686865.469995116814971 ] ] ] } },
{ "type": "Feature", "properties": { "id": 614, "area_px": 10177.0, "aspect_ratio": 4.15, "zone": "yard" }, "geometry": { "type": "Polygon", "coordinates": [ [ [ 513150.126668822660577, 5686689.878709602169693 ], [ 513150.665682494523935, 5686692.371629524044693 ], [ 513156.559216308582108, 5686691.192602539435029 ], [ 513156.02020263671875, 5686688.699682617560029 ], [ 513150.126668822660577, 5686689.878709602169693 ] ] ] } },
{ "type": "Feature", "properties": { "id": 615, "area_px": 10141.0, "aspect_ratio": 4.35, "zone": "yard" }, "geometry": { "type": "Polygon", "coordinates": [ [ [ 513260.514284889213741, 5686949.95821660477668 ], [ 513263.205859375011642, 5686961.794375610537827 ], [ 513265.603466796863358, 5686961.246353149414062 ], [ 513262.911892311065458, 5686949.410194143652916 ], [ 513260.514284889213741, 5686949.95821660477668 ] ] ] } },
{ "type": "Feature", "properties": { "id": 617, "area_px": 10082.0, "aspect_ratio": 4.26, "zone": "yard" }, "geometry": { "type": "Polygon", "coordinates": [ [ [ 513184.335681152355392, 5686954.138668823055923 ], [ 513184.868859863257967, 5686956.569985961541533 ], [ 513196.642616525001358, 5686953.900701403617859 ], [ 513196.109437814040575, 5686951.469384265132248 ], [ 513184.335681152355392, 5686954.138668823055923 ] ] ] } },
{ "type": "Feature", "properties": { "id": 620, "area_px": 10058.0, "aspect_ratio": 3.99, "zone": "yard" }, "geometry": { "type": "Polygon", "coordinates": [ [ [ 513343.598730909929145, 5686781.344186790287495 ], [ 513344.14770551933907, 5686783.839401633478701 ], [ 513356.175878906273283, 5686781.340307617560029 ], [ 513355.626904296863358, 5686778.8450927734375 ], [ 513343.598730909929145, 5686781.344186790287495 ] ] ] } },
{ "type": "Feature", "properties": { "id": 621, "area_px": 10054.0, "aspect_ratio": 3.98, "zone": "yard" }, "geometry": { "type": "Polygon", "coordinates": [ [ [ 513184.884143066417892, 5686673.5885009765625 ], [ 513185.444250488304533, 5686676.091479492373765 ], [ 513197.383306334551889, 5686673.246709425933659 ], [ 513196.823198912665248, 5686670.743730910122395 ], [ 513184.884143066417892, 5686673.5885009765625 ] ] ] } },
{ "type": "Feature", "properties": { "id": 623, "area_px": 10023.0, "aspect_ratio": 3.95, "zone": "yard" }, "geometry": { "type": "Polygon", "coordinates": [ [ [ 513220.559674622491002, 5686827.129312633536756 ], [ 513221.125934388139285, 5686829.631827281787992 ], [ 513232.987548828125, 5686826.999890136532485 ], [ 513232.421289062476717, 5686824.49737548828125 ], [ 513220.559674622491002, 5686827.129312633536756 ] ] ] } },
{ "type": "Feature", "properties": { "id": 624, "area_px": 10017.0, "aspect_ratio": 3.94, "zone": "yard" }, "geometry": { "type": "Polygon", "coordinates": [ [ [ 513184.905187988304533, 5686541.042919921688735 ], [ 513197.345355339173693, 5686543.44085294008255 ], [ 513197.837078972021118, 5686540.918099033646286 ], [ 513185.39691162109375, 5686538.520166015252471 ], [ 513184.905187988304533, 5686541.042919921688735 ] ] ] } },
{ "type": "Feature", "properties": { "id": 625, "area_px": 9997.0, "aspect_ratio": 4.09, "zone": "yard" }, "geometry": { "type": "Polygon", "coordinates": [ [ [ 513224.879931640636642, 5686944.299060058780015 ], [ 513227.171728515648283, 5686954.35349731426686 ], [ 513229.558075752516743, 5686953.795683557167649 ], [ 513229.627246093761642, 5686953.793786620721221 ], [ 513227.33544921875, 5686943.739349365234375 ], [ 513224.879931640636642, 5686944.299060058780015 ] ] ] } },
{ "type": "Feature", "properties": { "id": 628, "area_px": 9933.0, "aspect_ratio": 3.88, "zone": "yard" }, "geometry": { "type": "Polygon", "coordinates": [ [ [ 513272.282934570335783, 5686747.048242187127471 ], [ 513272.839428710925858, 5686749.552343750372529 ], [ 513282.564721679664217, 5686747.391162109561265 ], [ 513282.008227539074142, 5686744.887060547247529 ], [ 513272.282934570335783, 5686747.048242187127471 ] ] ] } },
{ "type": "Feature", "properties": { "id": 629, "area_px": 9895.0, "aspect_ratio": 3.88, "zone": "yard" }, "geometry": { "type": "Polygon", "coordinates": [ [ [ 513220.174405513971578, 5686507.057211358100176 ], [ 513232.636523437511642, 5686509.153173828497529 ], [ 513233.032470703125, 5686506.593701171688735 ], [ 513220.570352779584937, 5686504.497738702222705 ], [ 513220.174405513971578, 5686507.057211358100176 ] ] ] } },
{ "type": "Feature", "properties": { "id": 630, "area_px": 9888.0, "aspect_ratio": 3.97, "zone": "yard" }, "geometry": { "type": "Polygon", "coordinates": [ [ [ 513184.972094726574142, 5686958.183666992001235 ], [ 513185.518774414085783, 5686960.666510010138154 ], [ 513197.41413219581591, 5686958.097054554149508 ], [ 513196.867452508304268, 5686955.614211536943913 ], [ 513184.972094726574142, 5686958.183666992001235 ] ] ] } },
{ "type": "Feature", "properties": { "id": 631, "area_px": 9882.0, "aspect_ratio": 4.07, "zone": "yard" }, "geometry": { "type": "Polygon", "coordinates": [ [ [ 513320.626669919292908, 5686681.299484641291201 ], [ 513321.17139648180455, 5686683.750656516291201 ], [ 513333.083544921886642, 5686681.225878906436265 ], [ 513332.538818359375, 5686678.774707031436265 ], [ 513320.626669919292908, 5686681.299484641291201 ] ] ] } },
{ "type": "Feature", "properties": { "id": 632, "area_px": 9879.0, "aspect_ratio": 3.9, "zone": "yard" }, "geometry": { "type": "Polygon", "coordinates": [ [ [ 513261.850512695324142, 5686894.579479980282485 ], [ 513262.419262695300858, 5686897.113024902530015 ], [ 513272.298901367175858, 5686894.895153808407485 ], [ 513271.730151367199142, 5686892.361608887091279 ], [ 513261.850512695324142, 5686894.579479980282485 ] ] ] } },
{ "type": "Feature", "properties": { "id": 633, "area_px": 9843.0, "aspect_ratio": 4.93, "zone": "yard" }, "geometry": { "type": "Polygon", "coordinates": [ [ [ 513325.190332031226717, 5686675.984936523251235 ], [ 513325.7138671875, 5686678.443334961310029 ], [ 513337.836718750011642, 5686675.861596679314971 ], [ 513337.313183593738358, 5686673.4031982421875 ], [ 513325.190332031226717, 5686675.984936523251235 ] ] ] } },
{ "type": "Feature", "properties": { "id": 634, "area_px": 9797.0, "aspect_ratio": 3.87, "zone": "yard" }, "geometry": { "type": "Polygon", "coordinates": [ [ [ 513274.311181640601717, 5686755.225292968563735 ], [ 513274.862939453101717, 5686757.708251953125 ], [ 513284.47705078125, 5686755.57177734375 ], [ 513283.92529296875, 5686753.088818359188735 ], [ 513274.311181640601717, 5686755.225292968563735 ] ] ] } },
{ "type": "Feature", "properties": { "id": 635, "area_px": 9769.0, "aspect_ratio": 4.06, "zone": "yard" }, "geometry": { "type": "Polygon", "coordinates": [ [ [ 513284.141381835914217, 5686753.113598632626235 ], [ 513284.704809570335783, 5686755.636791992001235 ], [ 513296.789559217635542, 5686752.954928088933229 ], [ 513296.226131483272184, 5686750.431734729558229 ], [ 513284.141381835914217, 5686753.113598632626235 ] ] ] } },
{ "type": "Feature", "properties": { "id": 636, "area_px": 9741.0, "aspect_ratio": 3.77, "zone": "yard" }, "geometry": { "type": "Polygon", "coordinates": [ [ [ 513415.995898437511642, 5686982.906472777947783 ], [ 513416.558203125023283, 5686985.437060547061265 ], [ 513428.564822449057829, 5686982.83255248889327 ], [ 513428.002517761546187, 5686980.301964720711112 ], [ 513415.995898437511642, 5686982.906472777947783 ] ] ] } },
{ "type": "Feature", "properties": { "id": 637, "area_px": 9729.0, "aspect_ratio": 4.97, "zone": "yard" }, "geometry": { "type": "Polygon", "coordinates": [ [ [ 513250.717553710914217, 5686875.400097656063735 ], [ 513251.264672851539217, 5686877.89501953125 ], [ 513263.659399414085783, 5686875.1768798828125 ], [ 513263.112280273460783, 5686872.681958007626235 ], [ 513250.717553710914217, 5686875.400097656063735 ] ] ] } },
{ "type": "Feature", "properties": { "id": 638, "area_px": 9719.0, "aspect_ratio": 4.94, "zone": "yard" }, "geometry": { "type": "Polygon", "coordinates": [ [ [ 513380.365136718726717, 5686999.208315277472138 ], [ 513380.919824218726717, 5687001.641804886050522 ], [ 513392.929638671863358, 5686998.904270553961396 ], [ 513392.374951171863358, 5686996.47078094445169 ], [ 513380.365136718726717, 5686999.208315277472138 ] ] ] } },
{ "type": "Feature", "properties": { "id": 639, "area_px": 9706.0, "aspect_ratio": 3.74, "zone": "yard" }, "geometry": { "type": "Polygon", "coordinates": [ [ [ 513239.0013427734375, 5686908.441723632626235 ], [ 513239.571215820324142, 5686910.992602539248765 ], [ 513251.665194874629378, 5686908.244829543866217 ], [ 513251.095321827742737, 5686905.693950638175011 ], [ 513239.0013427734375, 5686908.441723632626235 ] ] ] } },
{ "type": "Feature", "properties": { "id": 640, "area_px": 9694.0, "aspect_ratio": 3.94, "zone": "yard" }, "geometry": { "type": "Polygon", "coordinates": [ [ [ 513338.924584960914217, 5686987.104103088378906 ], [ 513339.469946289085783, 5686989.567720795050263 ], [ 513351.409409850777593, 5686986.844446604140103 ], [ 513350.864048522664234, 5686984.380828134715557 ], [ 513338.924584960914217, 5686987.104103088378906 ] ] ] } },
{ "type": "Feature", "properties": { "id": 641, "area_px": 9680.0, "aspect_ratio": 3.88, "zone": "yard" }, "geometry": { "type": "Polygon", "coordinates": [ [ [ 513315.906201171863358, 5686774.473461913876235 ], [ 513316.452685546886642, 5686776.959008788689971 ], [ 513328.28897372452775, 5686774.268294566310942 ], [ 513327.742489349504467, 5686771.782747691497207 ], [ 513315.906201171863358, 5686774.473461913876235 ] ] ] } },
{ "type": "Feature", "properties": { "id": 644, "area_px": 9667.0, "aspect_ratio": 3.72, "zone": "yard" }, "geometry": { "type": "Polygon", "coordinates": [ [ [ 513297.069754080614075, 5686690.857501775957644 ], [ 513297.637966971262358, 5686693.414581853896379 ], [ 513309.524707031261642, 5686690.861181640997529 ], [ 513308.956494140613358, 5686688.304101562127471 ], [ 513297.069754080614075, 5686690.857501775957644 ] ] ] } },
{ "type": "Feature", "properties": { "id": 647, "area_px": 9600.0, "aspect_ratio": 3.84, "zone": "yard" }, "geometry": { "type": "Polygon", "coordinates": [ [ [ 513285.293383789074142, 5686641.854638671502471 ], [ 513285.852709960949142, 5686644.338134765625 ], [ 513297.953769090760034, 5686641.571392045356333 ], [ 513297.394442918885034, 5686639.087895951233804 ], [ 513285.293383789074142, 5686641.854638671502471 ] ] ] } },
{ "type": "Feature", "properties": { "id": 648, "area_px": 9579.0, "aspect_ratio": 3.95, "zone": "yard" }, "geometry": { "type": "Polygon", "coordinates": [ [ [ 513297.149032756220549, 5686634.912875976413488 ], [ 513297.716122599958908, 5686637.362631835974753 ], [ 513309.683374023414217, 5686634.638134765438735 ], [ 513309.116284179675858, 5686632.188378905877471 ], [ 513297.149032756220549, 5686634.912875976413488 ] ] ] } },
{ "type": "Feature", "properties": { "id": 650, "area_px": 9562.0, "aspect_ratio": 3.74, "zone": "yard" }, "geometry": { "type": "Polygon", "coordinates": [ [ [ 513219.650029736396391, 5686509.504152609966695 ], [ 513232.200000000011642, 5686511.75 ], [ 513232.624316406261642, 5686509.2041015625 ], [ 513220.074346142646391, 5686506.958254172466695 ], [ 513219.650029736396391, 5686509.504152609966695 ] ] ] } },
{ "type": "Feature", "properties": { "id": 651, "area_px": 9493.0, "aspect_ratio": 3.82, "zone": "yard" }, "geometry": { "type": "Polygon", "coordinates": [ [ [ 513285.283984375011642, 5686693.730615234002471 ], [ 513285.861230468726717, 5686696.232031250372529 ], [ 513297.348427736898884, 5686693.499816227704287 ], [ 513296.771181643125601, 5686690.998400212265551 ], [ 513285.283984375011642, 5686693.730615234002471 ] ] ] } },
{ "type": "Feature", "properties": { "id": 652, "area_px": 9474.0, "aspect_ratio": 3.55, "zone": "yard" }, "geometry": { "type": "Polygon", "coordinates": [ [ [ 513337.582453834882472, 5686701.871398662216961 ], [ 513349.518940445152111, 5686699.228634098544717 ], [ 513348.814203228335828, 5686696.762053839862347 ], [ 513337.097946998314001, 5686699.404818403534591 ], [ 513337.582453834882472, 5686701.871398662216961 ] ] ] } },
{ "type": "Feature", "properties": { "id": 653, "area_px": 9470.0, "aspect_ratio": 4.32, "zone": "yard" }, "geometry": { "type": "Polygon", "coordinates": [ [ [ 513321.692831897933502, 5686799.30131890065968 ], [ 513322.221384810574818, 5686801.679807008244097 ], [ 513334.201917496859096, 5686798.948950292542577 ], [ 513333.8935949645238, 5686796.570462185889482 ], [ 513321.692831897933502, 5686799.30131890065968 ] ] ] } },
{ "type": "Feature", "properties": { "id": 654, "area_px": 9469.0, "aspect_ratio": 3.82, "zone": "yard" }, "geometry": { "type": "Polygon", "coordinates": [ [ [ 513296.845152029534802, 5686804.89108198788017 ], [ 513297.394566092058085, 5686807.363445268943906 ], [ 513309.4705810546875, 5686804.667651367373765 ], [ 513308.921166992164217, 5686802.195288086310029 ], [ 513296.845152029534802, 5686804.89108198788017 ] ] ] } },
{ "type": "Feature", "properties": { "id": 655, "area_px": 9468.0, "aspect_ratio": 3.82, "zone": "yard" }, "geometry": { "type": "Polygon", "coordinates": [ [ [ 513185.261621093726717, 5686538.462548827752471 ], [ 513197.48378018848598, 5686540.808138094842434 ], [ 513197.977017493161839, 5686538.299153720028698 ], [ 513185.754858398460783, 5686535.953564452938735 ], [ 513185.261621093726717, 5686538.462548827752471 ] ] ] } },
{ "type": "Feature", "properties": { "id": 656, "area_px": 9467.0, "aspect_ratio": 3.57, "zone": "yard" }, "geometry": { "type": "Polygon", "coordinates": [ [ [ 513242.859566754719708, 5686809.013397772796452 ], [ 513243.403853864059784, 5686811.598798163235188 ], [ 513255.458203124988358, 5686809.21405029296875 ], [ 513254.913916015648283, 5686806.628649902530015 ], [ 513242.859566754719708, 5686809.013397772796452 ] ] ] } },
{ "type": "Feature", "properties": { "id": 657, "area_px": 9465.0, "aspect_ratio": 3.76, "zone": "yard" }, "geometry": { "type": "Polygon", "coordinates": [ [ [ 513366.446099961351138, 5686767.847513317130506 ], [ 513366.976959336374421, 5686770.350052379071712 ], [ 513378.7213134765625, 5686767.957592773251235 ], [ 513378.190454101539217, 5686765.455053711310029 ], [ 513366.446099961351138, 5686767.847513317130506 ] ] ] } },
{ "type": "Feature", "properties": { "id": 659, "area_px": 9450.0, "aspect_ratio": 3.73, "zone": "yard" }, "geometry": { "type": "Polygon", "coordinates": [ [ [ 513116.163144087651744, 5686744.657722611911595 ], [ 513116.628105246985797, 5686747.099511718377471 ], [ 513128.585040400153957, 5686744.503423293121159 ], [ 513128.120079240819905, 5686742.061634186655283 ], [ 513116.163144087651744, 5686744.657722611911595 ] ] ] } },
{ "type": "Feature", "properties": { "id": 660, "area_px": 9399.0, "aspect_ratio": 3.58, "zone": "yard" }, "geometry": { "type": "Polygon", "coordinates": [ [ [ 513260.611935933702625, 5686701.640156762674451 ], [ 513272.328192163724452, 5686698.997392199933529 ], [ 513271.75, 5686696.75 ], [ 513260.083383021061309, 5686699.173576503992081 ], [ 513260.611935933702625, 5686701.640156762674451 ] ] ] } },
{ "type": "Feature", "properties": { "id": 661, "area_px": 9375.0, "aspect_ratio": 3.78, "zone": "yard" }, "geometry": { "type": "Polygon", "coordinates": [ [ [ 513262.308837890625, 5686839.77532958984375 ], [ 513262.860009765601717, 5686842.271813964471221 ], [ 513275.063623497262597, 5686839.529457784257829 ], [ 513274.51245162228588, 5686837.032973409630358 ], [ 513262.308837890625, 5686839.77532958984375 ] ] ] } },
{ "type": "Feature", "properties": { "id": 662, "area_px": 9343.0, "aspect_ratio": 3.42, "zone": "yard" }, "geometry": { "type": "Polygon", "coordinates": [ [ [ 513365.692731482617091, 5686989.740614473819733 ], [ 513366.28838577948045, 5686992.351001131348312 ], [ 513378.238061523414217, 5686989.585944366641343 ], [ 513377.642407226550858, 5686986.975558471865952 ], [ 513365.692731482617091, 5686989.740614473819733 ] ] ] } },
{ "type": "Feature", "properties": { "id": 664, "area_px": 9329.0, "aspect_ratio": 3.8, "zone": "yard" }, "geometry": { "type": "Polygon", "coordinates": [ [ [ 513185.455883789050858, 5686843.82647705078125 ], [ 513186.004125976585783, 5686846.293542480096221 ], [ 513198.028067300270777, 5686843.504088465124369 ], [ 513197.479825112735853, 5686841.037023035809398 ], [ 513185.455883789050858, 5686843.82647705078125 ] ] ] } },
{ "type": "Feature", "properties": { "id": 665, "area_px": 9315.0, "aspect_ratio": 3.85, "zone": "yard" }, "geometry": { "type": "Polygon", "coordinates": [ [ [ 513362.389404296875, 5686505.152392578311265 ], [ 513364.491748046886642, 5686514.612939452752471 ], [ 513366.9482421875, 5686514.067041015252471 ], [ 513364.845898437488358, 5686504.606494140811265 ], [ 513362.389404296875, 5686505.152392578311265 ] ] ] } },
{ "type": "Feature", "properties": { "id": 666, "area_px": 9305.0, "aspect_ratio": 3.76, "zone": "yard" }, "geometry": { "type": "Polygon", "coordinates": [ [ [ 513296.685082560230512, 5686750.242594105191529 ], [ 513297.236248170665931, 5686752.832708656787872 ], [ 513300.010571289050858, 5686752.147631836123765 ], [ 513309.317651367164217, 5686750.079418945126235 ], [ 513308.767065429710783, 5686747.601782226935029 ], [ 513296.685082560230512, 5686750.242594105191529 ] ] ] } },
{ "type": "Feature", "properties": { "id": 667, "area_px": 9266.0, "aspect_ratio": 3.48, "zone": "yard" }, "geometry": { "type": "Polygon", "coordinates": [ [ [ 513138.894934082054533, 5686701.078076171688735 ], [ 513139.523596191429533, 5686703.80224609375 ], [ 513151.653445718227886, 5686701.084386539645493 ], [ 513151.024783608852886, 5686698.360216618515551 ], [ 513138.894934082054533, 5686701.078076171688735 ] ] ] } },
{ "type": "Feature", "properties": { "id": 668, "area_px": 9264.0, "aspect_ratio": 3.7, "zone": "yard" }, "geometry": { "type": "Polygon", "coordinates": [ [ [ 513165.845180657168385, 5686703.903745118528605 ], [ 513166.405800774402451, 5686706.39148925896734 ], [ 513178.527294921863358, 5686703.830468749627471 ], [ 513177.9666748046875, 5686701.342724609188735 ], [ 513165.845180657168385, 5686703.903745118528605 ] ] ] } },
{ "type": "Feature", "properties": { "id": 670, "area_px": 9251.0, "aspect_ratio": 3.74, "zone": "yard" }, "geometry": { "type": "Polygon", "coordinates": [ [ [ 513220.128086254175287, 5686597.961199468933046 ], [ 513232.078051757824142, 5686599.926196289248765 ], [ 513232.455541992210783, 5686597.427465820685029 ], [ 513220.32629359641578, 5686595.648780475370586 ], [ 513220.128086254175287, 5686597.961199468933046 ] ] ] } },
{ "type": "Feature", "properties": { "id": 672, "area_px": 9221.0, "aspect_ratio": 3.55, "zone": "yard" }, "geometry": { "type": "Polygon", "coordinates": [ [ [ 513219.254347473732196, 5686512.176835604012012 ], [ 513231.751562500023283, 5686514.349902343936265 ], [ 513232.187109375023283, 5686511.7958984375 ], [ 513219.689894348732196, 5686509.622831697575748 ], [ 513219.254347473732196, 5686512.176835604012012 ] ] ] } },
{ "type": "Feature", "properties": { "id": 673, "area_px": 9199.0, "aspect_ratio": 3.67, "zone": "yard" }, "geometry": { "type": "Polygon", "coordinates": [ [ [ 513142.854342145321425, 5686716.1237084986642 ], [ 513143.401388043770567, 5686718.6195581080392 ], [ 513155.387500000011642, 5686715.883569335564971 ], [ 513154.8404541015625, 5686713.387719726189971 ], [ 513142.854342145321425, 5686716.1237084986642 ] ] ] } },
{ "type": "Feature", "properties": { "id": 674, "area_px": 9197.0, "aspect_ratio": 3.27, "zone": "yard" }, "geometry": { "type": "Polygon", "coordinates": [ [ [ 513467.602832031261642, 5686537.040966796688735 ], [ 513470.3271484375, 5686537.482763672247529 ], [ 513472.299744318937883, 5686525.494557878933847 ], [ 513469.575427912699524, 5686525.052761004306376 ], [ 513467.602832031261642, 5686537.040966796688735 ] ] ] } },
{ "type": "Feature", "properties": { "id": 675, "area_px": 9182.0, "aspect_ratio": 3.12, "zone": "ship" }, "geometry": { "type": "Polygon", "coordinates": [ [ [ 513495.904296875, 5686891.851037597283721 ], [ 513497.858789062476717, 5686900.474011230282485 ], [ 513500.621484374976717, 5686899.847790527157485 ], [ 513498.6669921875, 5686891.224816894158721 ], [ 513495.904296875, 5686891.851037597283721 ] ] ] } },
{ "type": "Feature", "properties": { "id": 676, "area_px": 9172.0, "aspect_ratio": 3.58, "zone": "yard" }, "geometry": { "type": "Polygon", "coordinates": [ [ [ 513275.530126953148283, 5686959.472695922479033 ], [ 513277.561572265636642, 5686968.411001587286592 ], [ 513280.057666015636642, 5686967.843710327520967 ], [ 513278.026220703148283, 5686958.905404662713408 ], [ 513275.530126953148283, 5686959.472695922479033 ] ] ] } },
{ "type": "Feature", "properties": { "id": 677, "area_px": 9124.0, "aspect_ratio": 3.68, "zone": "yard" }, "geometry": { "type": "Polygon", "coordinates": [ [ [ 513185.596789550792892, 5686535.933251952752471 ], [ 513197.884674853470642, 5686538.185774813406169 ], [ 513198.370929736236576, 5686535.673470126464963 ], [ 513186.083044433617033, 5686533.420947265811265 ], [ 513185.596789550792892, 5686535.933251952752471 ] ] ] } },
{ "type": "Feature", "properties": { "id": 678, "area_px": 9117.0, "aspect_ratio": 2.93, "zone": "yard" }, "geometry": { "type": "Polygon", "coordinates": [ [ [ 513241.172982290619984, 5686916.945482067763805 ], [ 513241.430379306839313, 5686919.490164018236101 ], [ 513253.611123057140503, 5686916.781236457638443 ], [ 513253.353726040921174, 5686914.23655450809747 ], [ 513241.172982290619984, 5686916.945482067763805 ] ] ] } },
{ "type": "Feature", "properties": { "id": 679, "area_px": 9103.0, "aspect_ratio": 3.8, "zone": "yard" }, "geometry": { "type": "Polygon", "coordinates": [ [ [ 513319.920785241527483, 5686620.976349432952702 ], [ 513320.463119225925766, 5686623.416925604455173 ], [ 513332.370581054710783, 5686620.917626952752471 ], [ 513331.8282470703125, 5686618.47705078125 ], [ 513319.920785241527483, 5686620.976349432952702 ] ] ] } },
{ "type": "Feature", "properties": { "id": 680, "area_px": 9097.0, "aspect_ratio": 3.69, "zone": "yard" }, "geometry": { "type": "Polygon", "coordinates": [ [ [ 513285.705322265625, 5686702.327294921502471 ], [ 513286.256933593773283, 5686704.799999999813735 ], [ 513298.383414421638008, 5686702.014204988256097 ], [ 513297.831803093489725, 5686699.541499909944832 ], [ 513285.705322265625, 5686702.327294921502471 ] ] ] } },
{ "type": "Feature", "properties": { "id": 681, "area_px": 9094.0, "aspect_ratio": 3.56, "zone": "yard" }, "geometry": { "type": "Polygon", "coordinates": [ [ [ 513242.814248040027451, 5686813.215408824384212 ], [ 513243.347304680617526, 5686815.755374644882977 ], [ 513255.296191406261642, 5686813.461279297247529 ], [ 513254.763134765613358, 5686810.921313476748765 ], [ 513242.814248040027451, 5686813.215408824384212 ] ] ] } },
{ "type": "Feature", "properties": { "id": 684, "area_px": 9059.0, "aspect_ratio": 4.56, "zone": "yard" }, "geometry": { "type": "Polygon", "coordinates": [ [ [ 513282.3629150390625, 5686629.6337890625 ], [ 513282.901831054710783, 5686632.030664062127471 ], [ 513294.884962270618416, 5686629.221557172015309 ], [ 513294.346046254970133, 5686626.824682172387838 ], [ 513282.3629150390625, 5686629.6337890625 ] ] ] } },
{ "type": "Feature", "properties": { "id": 685, "area_px": 9046.0, "aspect_ratio": 3.65, "zone": "yard" }, "geometry": { "type": "Polygon", "coordinates": [ [ [ 513239.588574218738358, 5686797.002526855096221 ], [ 513240.133935546851717, 5686799.481530761346221 ], [ 513252.181900752766524, 5686796.520891111344099 ], [ 513251.636539424653165, 5686794.041874997317791 ], [ 513239.588574218738358, 5686797.002526855096221 ] ] ] } },
{ "type": "Feature", "properties": { "id": 686, "area_px": 9038.0, "aspect_ratio": 1.99, "zone": "yard" }, "geometry": { "type": "Polygon", "coordinates": [ [ [ 513303.268994140613358, 5686862.788781737908721 ], [ 513303.822933682240546, 5686865.168186921626329 ], [ 513310.028089931001887, 5686863.895134275779128 ], [ 513309.474150389374699, 5686861.515729092992842 ], [ 513303.268994140613358, 5686862.788781737908721 ] ] ] } },
{ "type": "Feature", "properties": { "id": 687, "area_px": 9001.0, "aspect_ratio": 3.61, "zone": "yard" }, "geometry": { "type": "Polygon", "coordinates": [ [ [ 513162.534924316394608, 5686588.785498047247529 ], [ 513174.19046786573017, 5686590.573514294810593 ], [ 513174.575941498565953, 5686588.022049450315535 ], [ 513162.920397949230392, 5686586.234033202752471 ], [ 513162.534924316394608, 5686588.785498047247529 ] ] ] } },
{ "type": "Feature", "properties": { "id": 688, "area_px": 8975.0, "aspect_ratio": 3.95, "zone": "yard" }, "geometry": { "type": "Polygon", "coordinates": [ [ [ 513261.674145507800858, 5686707.633520508185029 ], [ 513262.216479492199142, 5686710.0740966796875 ], [ 513274.147451618802734, 5686707.138933326117694 ], [ 513273.605117634404451, 5686704.698357154615223 ], [ 513261.674145507800858, 5686707.633520508185029 ] ] ] } },
{ "type": "Feature", "properties": { "id": 690, "area_px": 8938.0, "aspect_ratio": 3.06, "zone": "ship" }, "geometry": { "type": "Polygon", "coordinates": [ [ [ 513473.831407136050984, 5686846.424908329732716 ], [ 513476.959228515625, 5686859.646472168155015 ], [ 513479.663623046886642, 5686859.028308105655015 ], [ 513476.535801667312626, 5686845.806744267232716 ], [ 513473.831407136050984, 5686846.424908329732716 ] ] ] } },
{ "type": "Feature", "properties": { "id": 691, "area_px": 8886.0, "aspect_ratio": 3.79, "zone": "ship" }, "geometry": { "type": "Polygon", "coordinates": [ [ [ 513471.698332740343176, 5686847.334064713679254 ], [ 513474.585498046886642, 5686860.549023437313735 ], [ 513477.006201171898283, 5686859.9957275390625 ], [ 513474.119035865354817, 5686846.780768815428019 ], [ 513471.698332740343176, 5686847.334064713679254 ] ] ] } },
{ "type": "Feature", "properties": { "id": 692, "area_px": 8864.0, "aspect_ratio": 3.47, "zone": "yard" }, "geometry": { "type": "Polygon", "coordinates": [ [ [ 513216.7294921875, 5686810.815039062872529 ], [ 513217.294287109398283, 5686813.337841796688735 ], [ 513229.484373232524376, 5686810.408867185004056 ], [ 513228.919578310684301, 5686807.886064451187849 ], [ 513216.7294921875, 5686810.815039062872529 ] ] ] } },
{ "type": "Feature", "properties": { "id": 694, "area_px": 8851.0, "aspect_ratio": 2.81, "zone": "ship" }, "geometry": { "type": "Polygon", "coordinates": [ [ [ 513478.904130858078133, 5686895.585174998268485 ], [ 513481.830383522959892, 5686908.798145308159292 ], [ 513484.711535866721533, 5686908.164917768910527 ], [ 513481.785283201781567, 5686894.951947459951043 ], [ 513478.904130858078133, 5686895.585174998268485 ] ] ] } },
{ "type": "Feature", "properties": { "id": 695, "area_px": 8834.0, "aspect_ratio": 5.54, "zone": "yard" }, "geometry": { "type": "Polygon", "coordinates": [ [ [ 513181.1510009765625, 5686568.370996093377471 ], [ 513193.323291015636642, 5686570.743554687127471 ], [ 513193.751538085925858, 5686568.546484375372529 ], [ 513181.579248046851717, 5686566.173925781622529 ], [ 513181.1510009765625, 5686568.370996093377471 ] ] ] } },
{ "type": "Feature", "properties": { "id": 696, "area_px": 8803.0, "aspect_ratio": 3.35, "zone": "yard" }, "geometry": { "type": "Polygon", "coordinates": [ [ [ 513416.998193359351717, 5686987.127168273553252 ], [ 513417.591845703136642, 5686989.679810333065689 ], [ 513429.708796617109329, 5686986.942827424965799 ], [ 513429.115144273382612, 5686984.390184602700174 ], [ 513416.998193359351717, 5686987.127168273553252 ] ] ] } },
{ "type": "Feature", "properties": { "id": 697, "area_px": 8788.0, "aspect_ratio": 3.53, "zone": "yard" }, "geometry": { "type": "Polygon", "coordinates": [ [ [ 513286.043920898460783, 5686815.931994629092515 ], [ 513286.602856445300858, 5686818.42181396484375 ], [ 513298.570658296113834, 5686815.654253150336444 ], [ 513298.011722749215551, 5686813.164433814585209 ], [ 513286.043920898460783, 5686815.931994629092515 ] ] ] } },
{ "type": "Feature", "properties": { "id": 698, "area_px": 8774.0, "aspect_ratio": 3.69, "zone": "yard" }, "geometry": { "type": "Polygon", "coordinates": [ [ [ 513199.452343749988358, 5686779.740380859002471 ], [ 513200.005883789039217, 5686782.175927734002471 ], [ 513208.9874267578125, 5686780.134667968377471 ], [ 513208.433886718761642, 5686777.699121093377471 ], [ 513199.452343749988358, 5686779.740380859002471 ] ] ] } },
{ "type": "Feature", "properties": { "id": 700, "area_px": 8757.0, "aspect_ratio": 4.14, "zone": "yard" }, "geometry": { "type": "Polygon", "coordinates": [ [ [ 513261.669041735935025, 5686607.590772842988372 ], [ 513267.714365674881265, 5686608.680913225747645 ], [ 513268.242918587580789, 5686606.368494233116508 ], [ 513262.197594648634549, 5686605.278353850357234 ], [ 513261.669041735935025, 5686607.590772842988372 ] ] ] } },
{ "type": "Feature", "properties": { "id": 701, "area_px": 8754.0, "aspect_ratio": 1.95, "zone": "yard" }, "geometry": { "type": "Polygon", "coordinates": [ [ [ 513260.698514738993254, 5686916.821140471845865 ], [ 513261.601596113236155, 5686919.186479258351028 ], [ 513267.3746337890625, 5686917.957183837890625 ], [ 513267.339920989004895, 5686915.295420257374644 ], [ 513260.698514738993254, 5686916.821140471845865 ] ] ] } },
{ "type": "Feature", "properties": { "id": 702, "area_px": 8714.0, "aspect_ratio": 5.49, "zone": "yard" }, "geometry": { "type": "Polygon", "coordinates": [ [ [ 513311.798022460949142, 5686700.701708984561265 ], [ 513312.305834960949142, 5686703.126757812686265 ], [ 513323.8490212156903, 5686700.472812056541443 ], [ 513323.3412087156903, 5686698.047763228416443 ], [ 513311.798022460949142, 5686700.701708984561265 ] ] ] } },
{ "type": "Feature", "properties": { "id": 703, "area_px": 8702.0, "aspect_ratio": 3.59, "zone": "yard" }, "geometry": { "type": "Polygon", "coordinates": [ [ [ 513196.517015928693581, 5686666.576166549697518 ], [ 513197.051708311541006, 5686669.029486862011254 ], [ 513208.818017578101717, 5686666.491552734747529 ], [ 513208.283349609351717, 5686664.038232421502471 ], [ 513196.517015928693581, 5686666.576166549697518 ] ] ] } },
{ "type": "Feature", "properties": { "id": 705, "area_px": 8662.0, "aspect_ratio": 3.06, "zone": "yard" }, "geometry": { "type": "Polygon", "coordinates": [ [ [ 513163.561364746070467, 5686695.6064453125 ], [ 513164.162512207054533, 5686698.275537109002471 ], [ 513176.296458860568237, 5686695.510530448518693 ], [ 513175.69531139958417, 5686692.841438652016222 ], [ 513163.561364746070467, 5686695.6064453125 ] ] ] } },
{ "type": "Feature", "properties": { "id": 707, "area_px": 8653.0, "aspect_ratio": 3.29, "zone": "yard" }, "geometry": { "type": "Polygon", "coordinates": [ [ [ 513363.291650390601717, 5686892.976367187686265 ], [ 513363.866943359375, 5686895.5390625 ], [ 513372.309814453125, 5686893.643725586123765 ], [ 513371.734521484351717, 5686891.081030273810029 ], [ 513363.291650390601717, 5686892.976367187686265 ] ] ] } },
{ "type": "Feature", "properties": { "id": 708, "area_px": 8653.0, "aspect_ratio": 5.85, "zone": "yard" }, "geometry": { "type": "Polygon", "coordinates": [ [ [ 513256.893627929675858, 5686549.739648437127471 ], [ 513269.097143554710783, 5686552.169824218377471 ], [ 513269.512866210949142, 5686550.082226562313735 ], [ 513257.309350585914217, 5686547.652050781063735 ], [ 513256.893627929675858, 5686549.739648437127471 ] ] ] } },
{ "type": "Feature", "properties": { "id": 711, "area_px": 8610.0, "aspect_ratio": 3.17, "zone": "ship" }, "geometry": { "type": "Polygon", "coordinates": [ [ [ 513456.657854224729817, 5686769.791980195790529 ], [ 513459.265917968761642, 5686782.699047851376235 ], [ 513461.864355468773283, 5686782.126489257439971 ], [ 513459.256291724741459, 5686769.219421601854265 ], [ 513456.657854224729817, 5686769.791980195790529 ] ] ] } },
{ "type": "Feature", "properties": { "id": 712, "area_px": 8606.0, "aspect_ratio": 3.69, "zone": "yard" }, "geometry": { "type": "Polygon", "coordinates": [ [ [ 513362.772363281226717, 5686977.450588989071548 ], [ 513363.311181640601717, 5686979.875296020880342 ], [ 513375.000536006176844, 5686977.184676234610379 ], [ 513374.461717646801844, 5686974.759969203732908 ], [ 513362.772363281226717, 5686977.450588989071548 ] ] ] } },
{ "type": "Feature", "properties": { "id": 713, "area_px": 8595.0, "aspect_ratio": 3.24, "zone": "yard" }, "geometry": { "type": "Polygon", "coordinates": [ [ [ 513340.272387695324142, 5686825.635327148251235 ], [ 513340.838598632835783, 5686828.214697265997529 ], [ 513352.904826443060301, 5686825.277021926827729 ], [ 513352.33861550554866, 5686822.697651810012758 ], [ 513340.272387695324142, 5686825.635327148251235 ] ] ] } },
{ "type": "Feature", "properties": { "id": 714, "area_px": 8583.0, "aspect_ratio": 3.47, "zone": "yard" }, "geometry": { "type": "Polygon", "coordinates": [ [ [ 513218.956279624428134, 5686514.721118051558733 ], [ 513231.356762695300858, 5686516.859472656622529 ], [ 513231.772973632789217, 5686514.362207030877471 ], [ 513219.372490561916493, 5686512.223852426744998 ], [ 513218.956279624428134, 5686514.721118051558733 ] ] ] } },
{ "type": "Feature", "properties": { "id": 715, "area_px": 8576.0, "aspect_ratio": 3.52, "zone": "yard" }, "geometry": { "type": "Polygon", "coordinates": [ [ [ 513296.200429239310324, 5686630.744623580016196 ], [ 513296.759560098696966, 5686633.199945845641196 ], [ 513308.667016601539217, 5686630.613916015252471 ], [ 513308.107885742210783, 5686628.158593749627471 ], [ 513296.200429239310324, 5686630.744623580016196 ] ] ] } },
{ "type": "Feature", "properties": { "id": 717, "area_px": 8571.0, "aspect_ratio": 3.49, "zone": "yard" }, "geometry": { "type": "Polygon", "coordinates": [ [ [ 513162.963903808617033, 5686586.189013672061265 ], [ 513174.840856272203382, 5686587.986502574756742 ], [ 513175.242125803488307, 5686585.474197886884212 ], [ 513163.36517333984375, 5686583.676708984188735 ], [ 513162.963903808617033, 5686586.189013672061265 ] ] ] } },
{ "type": "Feature", "properties": { "id": 718, "area_px": 8560.0, "aspect_ratio": 3.31, "zone": "yard" }, "geometry": { "type": "Polygon", "coordinates": [ [ [ 513263.288891601550858, 5686605.378857421688735 ], [ 513275.74032105068909, 5686607.171880882233381 ], [ 513276.152332769415807, 5686604.617388694547117 ], [ 513263.700903320335783, 5686602.824365234002471 ], [ 513263.288891601550858, 5686605.378857421688735 ] ] ] } },
{ "type": "Feature", "properties": { "id": 719, "area_px": 8550.0, "aspect_ratio": 4.71, "zone": "yard" }, "geometry": { "type": "Polygon", "coordinates": [ [ [ 513224.439306640648283, 5686928.555145263671875 ], [ 513224.941796874976717, 5686930.99580688495189 ], [ 513236.428417968738358, 5686928.630914306268096 ], [ 513235.925927734351717, 5686926.190252685919404 ], [ 513224.439306640648283, 5686928.555145263671875 ] ] ] } },
{ "type": "Feature", "properties": { "id": 722, "area_px": 8533.0, "aspect_ratio": 3.42, "zone": "yard" }, "geometry": { "type": "Polygon", "coordinates": [ [ [ 513186.302966308605392, 5686736.903564453125 ], [ 513186.886950683605392, 5686739.398779297247529 ], [ 513199.167512659740169, 5686736.475862479768693 ], [ 513198.583528284740169, 5686733.980647636577487 ], [ 513186.302966308605392, 5686736.903564453125 ] ] ] } },
{ "type": "Feature", "properties": { "id": 723, "area_px": 8500.0, "aspect_ratio": 3.49, "zone": "yard" }, "geometry": { "type": "Polygon", "coordinates": [ [ [ 513295.673097029794008, 5686686.888285245746374 ], [ 513296.213038436020724, 5686689.35332430806011 ], [ 513308.598461914050858, 5686686.721289062872529 ], [ 513308.058520507824142, 5686684.256249999627471 ], [ 513295.673097029794008, 5686686.888285245746374 ] ] ] } },
{ "type": "Feature", "properties": { "id": 724, "area_px": 8489.0, "aspect_ratio": 1.89, "zone": "yard" }, "geometry": { "type": "Polygon", "coordinates": [ [ [ 513315.944140625011642, 5686860.013281250372529 ], [ 513316.311156782205217, 5686862.521293943747878 ], [ 513322.426262427936308, 5686861.209016777575016 ], [ 513322.059246270684525, 5686858.701004084199667 ], [ 513315.944140625011642, 5686860.013281250372529 ] ] ] } },
{ "type": "Feature", "properties": { "id": 726, "area_px": 8466.0, "aspect_ratio": 3.6, "zone": "yard" }, "geometry": { "type": "Polygon", "coordinates": [ [ [ 513362.419848632824142, 5686807.775305176153779 ], [ 513362.960668945335783, 5686810.236120605841279 ], [ 513374.995609467965551, 5686807.407152209430933 ], [ 513374.454789155453909, 5686804.946336779743433 ], [ 513362.419848632824142, 5686807.775305176153779 ] ] ] } },
{ "type": "Feature", "properties": { "id": 727, "area_px": 8464.0, "aspect_ratio": 3.53, "zone": "yard" }, "geometry": { "type": "Polygon", "coordinates": [ [ [ 513286.235058593738358, 5686645.9547119140625 ], [ 513286.792871093726717, 5686648.393139648251235 ], [ 513298.740958811249584, 5686645.456694334745407 ], [ 513298.183146311261225, 5686643.018266600556672 ], [ 513286.235058593738358, 5686645.9547119140625 ] ] ] } },
{ "type": "Feature", "properties": { "id": 728, "area_px": 8452.0, "aspect_ratio": 3.6, "zone": "yard" }, "geometry": { "type": "Polygon", "coordinates": [ [ [ 513219.384345029713586, 5686877.963358266279101 ], [ 513219.931268857850228, 5686880.381327016279101 ], [ 513231.820751953113358, 5686877.84173583984375 ], [ 513231.273828124976717, 5686875.42376708984375 ], [ 513219.384345029713586, 5686877.963358266279101 ] ] ] } },
{ "type": "Feature", "properties": { "id": 732, "area_px": 8428.0, "aspect_ratio": 2.96, "zone": "ship" }, "geometry": { "type": "Polygon", "coordinates": [ [ [ 513470.821833895286545, 5686897.733287343755364 ], [ 513473.514536133443471, 5686910.58253784570843 ], [ 513476.235727539693471, 5686909.977825931273401 ], [ 513473.376506306347437, 5686897.160688355565071 ], [ 513472.055124024802353, 5686897.469010887667537 ], [ 513470.821833895286545, 5686897.733287343755364 ] ] ] } },
{ "type": "Feature", "properties": { "id": 733, "area_px": 8397.0, "aspect_ratio": 3.53, "zone": "yard" }, "geometry": { "type": "Polygon", "coordinates": [ [ [ 513383.97022460680455, 5686845.246859009377658 ], [ 513384.513730466191191, 5686847.692733033560216 ], [ 513389.844991559104528, 5686846.698877388611436 ], [ 513389.301485699717887, 5686844.253003364428878 ], [ 513383.97022460680455, 5686845.246859009377658 ] ] ] } },
{ "type": "Feature", "properties": { "id": 734, "area_px": 8384.0, "aspect_ratio": 4.3, "zone": "yard" }, "geometry": { "type": "Polygon", "coordinates": [ [ [ 513298.392088066320866, 5686699.611411132849753 ], [ 513298.946629081910942, 5686702.051303710788488 ], [ 513310.856884765613358, 5686699.180273437872529 ], [ 513310.302343750023283, 5686696.740380859002471 ], [ 513298.392088066320866, 5686699.611411132849753 ] ] ] } },
{ "type": "Feature", "properties": { "id": 735, "area_px": 8382.0, "aspect_ratio": 2.05, "zone": "yard" }, "geometry": { "type": "Polygon", "coordinates": [ [ [ 513251.157997161964886, 5686846.751145243644714 ], [ 513251.574183240707498, 5686849.156524324789643 ], [ 513257.536523437476717, 5686847.841577148064971 ], [ 513257.120337358734105, 5686845.436198066920042 ], [ 513251.157997161964886, 5686846.751145243644714 ] ] ] } },
{ "type": "Feature", "properties": { "id": 736, "area_px": 8348.0, "aspect_ratio": 2.97, "zone": "yard" }, "geometry": { "type": "Polygon", "coordinates": [ [ [ 513352.412939453148283, 5686500.108251953497529 ], [ 513353.278548027737997, 5686504.135653181001544 ], [ 513355.989143730897922, 5686503.533309430815279 ], [ 513355.12353515625, 5686499.505908203311265 ], [ 513352.412939453148283, 5686500.108251953497529 ] ] ] } },
{ "type": "Feature", "properties": { "id": 737, "area_px": 8336.0, "aspect_ratio": 3.31, "zone": "yard" }, "geometry": { "type": "Polygon", "coordinates": [ [ [ 513264.966798201669008, 5686667.542115147225559 ], [ 513265.549122420430649, 5686670.065406162291765 ], [ 513277.684838867164217, 5686667.434252929873765 ], [ 513277.102514648460783, 5686664.910961913876235 ], [ 513264.966798201669008, 5686667.542115147225559 ] ] ] } },
{ "type": "Feature", "properties": { "id": 738, "area_px": 8334.0, "aspect_ratio": 3.33, "zone": "yard" }, "geometry": { "type": "Polygon", "coordinates": [ [ [ 513163.406457519507967, 5686750.759033203125 ], [ 513163.976574707019608, 5686753.258837890811265 ], [ 513176.098570454632863, 5686750.565276098437607 ], [ 513175.528453267121222, 5686748.065471410751343 ], [ 513163.406457519507967, 5686750.759033203125 ] ] ] } },
{ "type": "Feature", "properties": { "id": 739, "area_px": 8327.0, "aspect_ratio": 3.29, "zone": "yard" }, "geometry": { "type": "Polygon", "coordinates": [ [ [ 513195.696525426174048, 5686662.594306643120944 ], [ 513196.275456090224907, 5686665.102998048998415 ], [ 513208.283154296863358, 5686662.226953124627471 ], [ 513207.704199218773283, 5686659.71826171875 ], [ 513195.696525426174048, 5686662.594306643120944 ] ] ] } },
{ "type": "Feature", "properties": { "id": 740, "area_px": 8303.0, "aspect_ratio": 2.84, "zone": "ship" }, "geometry": { "type": "Polygon", "coordinates": [ [ [ 513476.749571198539343, 5686845.804039631038904 ], [ 513479.707177734351717, 5686859.02703857421875 ], [ 513482.405224609363358, 5686858.420739745721221 ], [ 513479.447618073550984, 5686845.197740803472698 ], [ 513476.749571198539343, 5686845.804039631038904 ] ] ] } },
{ "type": "Feature", "properties": { "id": 741, "area_px": 8291.0, "aspect_ratio": 3.43, "zone": "yard" }, "geometry": { "type": "Polygon", "coordinates": [ [ [ 513385.077099609363358, 5686592.097094726748765 ], [ 513387.8103098377469, 5686603.806504355743527 ], [ 513390.274469994008541, 5686603.240684042684734 ], [ 513387.541259765625, 5686591.531274413689971 ], [ 513385.077099609363358, 5686592.097094726748765 ] ] ] } },
{ "type": "Feature", "properties": { "id": 742, "area_px": 8265.0, "aspect_ratio": 3.36, "zone": "yard" }, "geometry": { "type": "Polygon", "coordinates": [ [ [ 513363.433349609375, 5686897.294213866814971 ], [ 513363.979199218738358, 5686899.76994018536061 ], [ 513375.811234912311193, 5686896.969169920310378 ], [ 513375.265385302947834, 5686894.493437498807907 ], [ 513363.433349609375, 5686897.294213866814971 ] ] ] } },
{ "type": "Feature", "properties": { "id": 743, "area_px": 8240.0, "aspect_ratio": 3.25, "zone": "yard" }, "geometry": { "type": "Polygon", "coordinates": [ [ [ 513241.993565332319122, 5686805.169681953266263 ], [ 513242.568418847920839, 5686807.680863594636321 ], [ 513254.389135742210783, 5686804.886828613467515 ], [ 513253.814282226550858, 5686802.375646973028779 ], [ 513241.993565332319122, 5686805.169681953266263 ] ] ] } },
{ "type": "Feature", "properties": { "id": 744, "area_px": 8232.0, "aspect_ratio": 3.06, "zone": "yard" }, "geometry": { "type": "Polygon", "coordinates": [ [ [ 513389.306509228656068, 5686979.909802857786417 ], [ 513389.888882275496144, 5686982.530390015803277 ], [ 513401.912358400877565, 5686979.912337812595069 ], [ 513401.329985353979282, 5686977.291750654578209 ], [ 513389.306509228656068, 5686979.909802857786417 ] ] ] } },
{ "type": "Feature", "properties": { "id": 746, "area_px": 8182.0, "aspect_ratio": 3.06, "zone": "yard" }, "geometry": { "type": "Polygon", "coordinates": [ [ [ 513188.21670415130211, 5686520.61078417301178 ], [ 513200.340386586147361, 5686522.956237723119557 ], [ 513200.868939498846885, 5686520.57774961553514 ], [ 513188.778291621012613, 5686518.166226951405406 ], [ 513188.21670415130211, 5686520.61078417301178 ] ] ] } },
{ "type": "Feature", "properties": { "id": 747, "area_px": 8180.0, "aspect_ratio": 3.36, "zone": "yard" }, "geometry": { "type": "Polygon", "coordinates": [ [ [ 513216.059399414050858, 5686806.59234619140625 ], [ 513216.615893554699142, 5686809.096472168341279 ], [ 513228.738713165628724, 5686806.211659488268197 ], [ 513228.182219025038648, 5686803.707533511333168 ], [ 513216.059399414050858, 5686806.59234619140625 ] ] ] } },
{ "type": "Feature", "properties": { "id": 748, "area_px": 8155.0, "aspect_ratio": 3.28, "zone": "yard" }, "geometry": { "type": "Polygon", "coordinates": [ [ [ 513286.436669921851717, 5686706.492651367560029 ], [ 513287.023876953113358, 5686709.0177001953125 ], [ 513299.089720353018492, 5686706.29977316968143 ], [ 513298.502513321756851, 5686703.774724341928959 ], [ 513286.436669921851717, 5686706.492651367560029 ] ] ] } },
{ "type": "Feature", "properties": { "id": 749, "area_px": 8139.0, "aspect_ratio": 3.13, "zone": "yard" }, "geometry": { "type": "Polygon", "coordinates": [ [ [ 513263.6815185546875, 5686602.794775390997529 ], [ 513276.164448026567698, 5686604.803225097246468 ], [ 513276.573871854692698, 5686602.229738769121468 ], [ 513264.047529842995573, 5686600.323170297779143 ], [ 513263.6815185546875, 5686602.794775390997529 ] ] ] } },
{ "type": "Feature", "properties": { "id": 750, "area_px": 8136.0, "aspect_ratio": 1.97, "zone": "yard" }, "geometry": { "type": "Polygon", "coordinates": [ [ [ 513311.811767578125, 5686644.202954101376235 ], [ 513312.520651189552154, 5686646.710265002213418 ], [ 513318.442473365343176, 5686645.404076259583235 ], [ 513317.733589753916021, 5686642.896765358746052 ], [ 513311.811767578125, 5686644.202954101376235 ] ] ] } },
{ "type": "Feature", "properties": { "id": 751, "area_px": 8135.0, "aspect_ratio": 1.93, "zone": "yard" }, "geometry": { "type": "Polygon", "coordinates": [ [ [ 513324.401586914085783, 5686641.462011719122529 ], [ 513324.886968660866842, 5686643.829033201560378 ], [ 513330.978301224356983, 5686642.557170630432665 ], [ 513330.492919477517717, 5686640.190149147994816 ], [ 513324.401586914085783, 5686641.462011719122529 ] ] ] } },
{ "type": "Feature", "properties": { "id": 752, "area_px": 8130.0, "aspect_ratio": 3.08, "zone": "yard" }, "geometry": { "type": "Polygon", "coordinates": [ [ [ 513391.501902298768982, 5686988.316140011884272 ], [ 513392.122898392553907, 5686990.920360593125224 ], [ 513404.163368258974515, 5686988.305480858311057 ], [ 513403.54237216518959, 5686985.701261040754616 ], [ 513391.501902298768982, 5686988.316140011884272 ] ] ] } },
{ "type": "Feature", "properties": { "id": 753, "area_px": 8129.0, "aspect_ratio": 4.21, "zone": "yard" }, "geometry": { "type": "Polygon", "coordinates": [ [ [ 513332.684716796851717, 5686678.8311767578125 ], [ 513333.224707031273283, 5686681.261157226748765 ], [ 513343.463525390601717, 5686678.985864257439971 ], [ 513342.923535156238358, 5686676.555883789435029 ], [ 513332.684716796851717, 5686678.8311767578125 ] ] ] } },
{ "type": "Feature", "properties": { "id": 754, "area_px": 8090.0, "aspect_ratio": 3.29, "zone": "yard" }, "geometry": { "type": "Polygon", "coordinates": [ [ [ 513218.603373129735701, 5686517.275192869827151 ], [ 513230.890527343726717, 5686519.339257812127471 ], [ 513231.29736328125, 5686516.847558593377471 ], [ 513219.010209067258984, 5686514.783493651077151 ], [ 513218.603373129735701, 5686517.275192869827151 ] ] ] } },
{ "type": "Feature", "properties": { "id": 755, "area_px": 8086.0, "aspect_ratio": 2.9, "zone": "ship" }, "geometry": { "type": "Polygon", "coordinates": [ [ [ 513459.281761969032232, 5686769.2068374119699 ], [ 513461.911279296851717, 5686782.105517578311265 ], [ 513464.553369140601717, 5686781.524267578497529 ], [ 513461.30788146762643, 5686768.766376651823521 ], [ 513459.281761969032232, 5686769.2068374119699 ] ] ] } },
{ "type": "Feature", "properties": { "id": 756, "area_px": 8051.0, "aspect_ratio": 2.79, "zone": "yard" }, "geometry": { "type": "Polygon", "coordinates": [ [ [ 513191.944982910179533, 5686769.755175781436265 ], [ 513192.433239746082108, 5686772.593212890438735 ], [ 513200.360949707042892, 5686771.229296875186265 ], [ 513199.872692871082108, 5686768.391259765252471 ], [ 513191.944982910179533, 5686769.755175781436265 ] ] ] } },
{ "type": "Feature", "properties": { "id": 757, "area_px": 8040.0, "aspect_ratio": 1.87, "zone": "yard" }, "geometry": { "type": "Polygon", "coordinates": [ [ [ 513213.344042968761642, 5686854.316162109375 ], [ 513214.047460937523283, 5686857.569482421502471 ], [ 513220.120312499988358, 5686856.256420898251235 ], [ 513219.416894531226717, 5686853.003100586123765 ], [ 513213.344042968761642, 5686854.316162109375 ] ] ] } },
{ "type": "Feature", "properties": { "id": 758, "area_px": 8018.0, "aspect_ratio": 1.93, "zone": "yard" }, "geometry": { "type": "Polygon", "coordinates": [ [ [ 513230.726489257824142, 5686761.205859375186265 ], [ 513231.5323486328125, 5686764.429394531063735 ], [ 513237.755883789039217, 5686762.87353515625 ], [ 513236.950024414050858, 5686759.650000000372529 ], [ 513230.726489257824142, 5686761.205859375186265 ] ] ] } },
{ "type": "Feature", "properties": { "id": 759, "area_px": 8007.0, "aspect_ratio": 3.16, "zone": "yard" }, "geometry": { "type": "Polygon", "coordinates": [ [ [ 513188.527597426436841, 5686690.070899326354265 ], [ 513189.099765395163558, 5686692.617041904479265 ], [ 513200.478662109351717, 5686690.1025390625 ], [ 513199.906494140625, 5686687.556396484375 ], [ 513188.527597426436841, 5686690.070899326354265 ] ] ] } },
{ "type": "Feature", "properties": { "id": 760, "area_px": 7987.0, "aspect_ratio": 3.3, "zone": "yard" }, "geometry": { "type": "Polygon", "coordinates": [ [ [ 513271.512636059080251, 5686905.538871181197464 ], [ 513271.950477855920326, 5686907.857575015164912 ], [ 513278.005419921886642, 5686906.874111548997462 ], [ 513277.567578124988358, 5686904.555407715030015 ], [ 513271.512636059080251, 5686905.538871181197464 ] ] ] } },
{ "type": "Feature", "properties": { "id": 761, "area_px": 7985.0, "aspect_ratio": 1.87, "zone": "yard" }, "geometry": { "type": "Polygon", "coordinates": [ [ [ 513223.061279527668376, 5686925.033595867455006 ], [ 513223.505297851574142, 5686927.748828125186265 ], [ 513229.315822333621327, 5686926.39902422670275 ], [ 513228.699177268252242, 5686923.932443965226412 ], [ 513225.968320550164208, 5686924.46099687833339 ], [ 513223.061279527668376, 5686925.033595867455006 ] ] ] } },
{ "type": "Feature", "properties": { "id": 762, "area_px": 7975.0, "aspect_ratio": 3.33, "zone": "yard" }, "geometry": { "type": "Polygon", "coordinates": [ [ [ 513244.75592103152303, 5686847.947503773495555 ], [ 513245.298255015863106, 5686850.388079944998026 ], [ 513251.195710634114221, 5686849.263333445414901 ], [ 513251.195710634172428, 5686849.307379522360861 ], [ 513250.685404336021747, 5686846.801139251329005 ], [ 513244.75592103152303, 5686847.947503773495555 ] ] ] } },
{ "type": "Feature", "properties": { "id": 763, "area_px": 7964.0, "aspect_ratio": 3.09, "zone": "yard" }, "geometry": { "type": "Polygon", "coordinates": [ [ [ 513288.850901651196182, 5686547.78633966576308 ], [ 513301.256514117645565, 5686549.870450884103775 ], [ 513301.68488325830549, 5686547.300138384103775 ], [ 513289.279270791797899, 5686545.21602716576308 ], [ 513288.850901651196182, 5686547.78633966576308 ] ] ] } },
{ "type": "Feature", "properties": { "id": 765, "area_px": 7946.0, "aspect_ratio": 3.29, "zone": "yard" }, "geometry": { "type": "Polygon", "coordinates": [ [ [ 513263.662011718726717, 5686715.769238281063735 ], [ 513264.199902343738358, 5686718.228125000372529 ], [ 513275.62494318629615, 5686715.75644442345947 ], [ 513275.087052561284509, 5686713.297557705081999 ], [ 513263.662011718726717, 5686715.769238281063735 ] ] ] } },
{ "type": "Feature", "properties": { "id": 766, "area_px": 7942.0, "aspect_ratio": 2.84, "zone": "ship" }, "geometry": { "type": "Polygon", "coordinates": [ [ [ 513490.799267578113358, 5686893.023840332403779 ], [ 513494.141667704563588, 5686905.906848817132413 ], [ 513496.787370829551946, 5686905.303443055599928 ], [ 513493.444970703101717, 5686892.420434569939971 ], [ 513490.799267578113358, 5686893.023840332403779 ] ] ] } },
{ "type": "Feature", "properties": { "id": 767, "area_px": 7935.0, "aspect_ratio": 3.16, "zone": "yard" }, "geometry": { "type": "Polygon", "coordinates": [ [ [ 513289.731003193242941, 5686662.097855113446712 ], [ 513290.321628193254583, 5686664.651370738632977 ], [ 513302.363509412913118, 5686661.858092595823109 ], [ 513301.772884412959684, 5686659.304576970636845 ], [ 513289.731003193242941, 5686662.097855113446712 ] ] ] } },
{ "type": "Feature", "properties": { "id": 769, "area_px": 7919.0, "aspect_ratio": 3.28, "zone": "yard" }, "geometry": { "type": "Polygon", "coordinates": [ [ [ 513417.511816406273283, 5686991.075535583309829 ], [ 513418.047070312488358, 5686993.522506713867188 ], [ 513430.086610893660691, 5686990.884735520929098 ], [ 513429.551356987387408, 5686988.437764391303062 ], [ 513417.511816406273283, 5686991.075535583309829 ] ] ] } },
{ "type": "Feature", "properties": { "id": 770, "area_px": 7913.0, "aspect_ratio": 1.98, "zone": "yard" }, "geometry": { "type": "Polygon", "coordinates": [ [ [ 513299.595385742199142, 5686646.943188476376235 ], [ 513299.955074573343154, 5686649.364599829539657 ], [ 513305.718816803768277, 5686648.176047363318503 ], [ 513305.359127972624265, 5686645.754636009223759 ], [ 513299.595385742199142, 5686646.943188476376235 ] ] ] } },
{ "type": "Feature", "properties": { "id": 772, "area_px": 7904.0, "aspect_ratio": 3.27, "zone": "yard" }, "geometry": { "type": "Polygon", "coordinates": [ [ [ 513363.5552978515625, 5686981.548822021111846 ], [ 513364.102368164050858, 5686984.010586547665298 ], [ 513376.042193945671897, 5686981.386653606779873 ], [ 513375.495123633183539, 5686978.924889080226421 ], [ 513363.5552978515625, 5686981.548822021111846 ] ] ] } },
{ "type": "Feature", "properties": { "id": 774, "area_px": 7902.0, "aspect_ratio": 3.25, "zone": "yard" }, "geometry": { "type": "Polygon", "coordinates": [ [ [ 513295.340894436987583, 5686796.507920144125819 ], [ 513295.871607327659149, 5686798.966062233783305 ], [ 513307.9981689453125, 5686796.581091308966279 ], [ 513307.467456054699142, 5686794.122949218377471 ], [ 513295.340894436987583, 5686796.507920144125819 ] ] ] } },
{ "type": "Feature", "properties": { "id": 776, "area_px": 7895.0, "aspect_ratio": 3.24, "zone": "yard" }, "geometry": { "type": "Polygon", "coordinates": [ [ [ 513390.350846499612089, 5686984.339485667645931 ], [ 513390.922623843362089, 5686986.834496043622494 ], [ 513402.765418815950397, 5686984.014533273875713 ], [ 513402.193641472200397, 5686981.519522897899151 ], [ 513390.350846499612089, 5686984.339485667645931 ] ] ] } },
{ "type": "Feature", "properties": { "id": 777, "area_px": 7893.0, "aspect_ratio": 3.26, "zone": "yard" }, "geometry": { "type": "Polygon", "coordinates": [ [ [ 513140.584716796875, 5686705.065844726748765 ], [ 513141.1248779296875, 5686707.535180663689971 ], [ 513153.012062331486959, 5686704.760060367174447 ], [ 513152.471901198674459, 5686702.290724429301918 ], [ 513140.584716796875, 5686705.065844726748765 ] ] ] } },
{ "type": "Feature", "properties": { "id": 778, "area_px": 7891.0, "aspect_ratio": 3.18, "zone": "yard" }, "geometry": { "type": "Polygon", "coordinates": [ [ [ 513289.135573948791716, 5686718.945020419545472 ], [ 513289.69763449562015, 5686721.483399325981736 ], [ 513301.724330168508459, 5686718.817223899066448 ], [ 513301.162269621621817, 5686716.278844992630184 ], [ 513289.135573948791716, 5686718.945020419545472 ] ] ] } },
{ "type": "Feature", "properties": { "id": 779, "area_px": 7891.0, "aspect_ratio": 3.38, "zone": "yard" }, "geometry": { "type": "Polygon", "coordinates": [ [ [ 513163.494226074195467, 5686583.671142578125 ], [ 513175.299482648959383, 5686585.60678023006767 ], [ 513175.696699445834383, 5686583.16683882381767 ], [ 513163.891442871070467, 5686581.231201171875 ], [ 513163.494226074195467, 5686583.671142578125 ] ] ] } },
{ "type": "Feature", "properties": { "id": 780, "area_px": 7890.0, "aspect_ratio": 3.22, "zone": "yard" }, "geometry": { "type": "Polygon", "coordinates": [ [ [ 513189.674101557349786, 5686694.22792125493288 ], [ 513190.244267572998069, 5686696.730313832871616 ], [ 513202.119707257021219, 5686694.01169699896127 ], [ 513201.549541241431143, 5686691.509304421022534 ], [ 513189.674101557349786, 5686694.22792125493288 ] ] ] } },
{ "type": "Feature", "properties": { "id": 781, "area_px": 7880.0, "aspect_ratio": 3.24, "zone": "yard" }, "geometry": { "type": "Polygon", "coordinates": [ [ [ 513289.672989166108891, 5686773.629279119893909 ], [ 513290.22591885359725, 5686776.117511541582644 ], [ 513301.883109194342978, 5686773.468295286409557 ], [ 513301.442648433847353, 5686771.288014521822333 ], [ 513289.672989166108891, 5686773.629279119893909 ] ] ] } },
{ "type": "Feature", "properties": { "id": 782, "area_px": 7880.0, "aspect_ratio": 3.34, "zone": "yard" }, "geometry": { "type": "Polygon", "coordinates": [ [ [ 513317.418066406273283, 5686779.445947265252471 ], [ 513317.962451171886642, 5686781.874804687686265 ], [ 513329.414835764386225, 5686779.309419832192361 ], [ 513328.870450998772867, 5686776.880562409758568 ], [ 513317.418066406273283, 5686779.445947265252471 ] ] ] } },
{ "type": "Feature", "properties": { "id": 783, "area_px": 7867.0, "aspect_ratio": 3.24, "zone": "yard" }, "geometry": { "type": "Polygon", "coordinates": [ [ [ 513191.855700683605392, 5686812.118701172061265 ], [ 513192.422961425792892, 5686814.6004638671875 ], [ 513203.843610847834498, 5686811.752174625173211 ], [ 513203.276350105646998, 5686809.270411929115653 ], [ 513191.855700683605392, 5686812.118701172061265 ] ] ] } },
{ "type": "Feature", "properties": { "id": 785, "area_px": 7861.0, "aspect_ratio": 3.13, "zone": "yard" }, "geometry": { "type": "Polygon", "coordinates": [ [ [ 513192.0675048828125, 5686816.320288086310029 ], [ 513192.641894531261642, 5686818.833276366814971 ], [ 513204.680226838681847, 5686815.892887959256768 ], [ 513204.105837190232705, 5686813.379899677820504 ], [ 513192.0675048828125, 5686816.320288086310029 ] ] ] } },
{ "type": "Feature", "properties": { "id": 787, "area_px": 7855.0, "aspect_ratio": 3.13, "zone": "yard" }, "geometry": { "type": "Polygon", "coordinates": [ [ [ 513289.315509473264683, 5686545.198746670037508 ], [ 513301.583563789667096, 5686547.304439920000732 ], [ 513302.014032539678738, 5686544.764693826436996 ], [ 513289.745978223218117, 5686542.65900057554245 ], [ 513289.315509473264683, 5686545.198746670037508 ] ] ] } },
{ "type": "Feature", "properties": { "id": 789, "area_px": 7849.0, "aspect_ratio": 3.2, "zone": "yard" }, "geometry": { "type": "Polygon", "coordinates": [ [ [ 513188.3380326621118, 5686745.019701484590769 ], [ 513188.8974809042993, 5686747.527611641213298 ], [ 513200.4368896484375, 5686745.0567626953125 ], [ 513199.87744140625, 5686742.548852538689971 ], [ 513188.3380326621118, 5686745.019701484590769 ] ] ] } },
{ "type": "Feature", "properties": { "id": 790, "area_px": 7846.0, "aspect_ratio": 3.1, "zone": "yard" }, "geometry": { "type": "Polygon", "coordinates": [ [ [ 513290.152140000893269, 5686540.113546252250671 ], [ 513302.503721816523466, 5686542.122240101918578 ], [ 513302.917198379058391, 5686539.566283071413636 ], [ 513290.565616563369986, 5686537.557589220814407 ], [ 513290.152140000893269, 5686540.113546252250671 ] ] ] } },
{ "type": "Feature", "properties": { "id": 791, "area_px": 7840.0, "aspect_ratio": 3.3, "zone": "ship" }, "geometry": { "type": "Polygon", "coordinates": [ [ [ 513493.467724609363358, 5686892.475573730655015 ], [ 513496.519276457605883, 5686905.345028637908399 ], [ 513498.9654678638326, 5686904.79378352034837 ], [ 513495.913916015648283, 5686891.924328613094985 ], [ 513493.467724609363358, 5686892.475573730655015 ] ] ] } },
{ "type": "Feature", "properties": { "id": 792, "area_px": 7832.0, "aspect_ratio": 3.17, "zone": "yard" }, "geometry": { "type": "Polygon", "coordinates": [ [ [ 513361.234130859375, 5686500.103466796688735 ], [ 513363.015283203101717, 5686508.118798827752471 ], [ 513365.545849609363358, 5686507.556494140997529 ], [ 513363.764697265636642, 5686499.541162109002471 ], [ 513361.234130859375, 5686500.103466796688735 ] ] ] } },
{ "type": "Feature", "properties": { "id": 793, "area_px": 7827.0, "aspect_ratio": 3.28, "zone": "yard" }, "geometry": { "type": "Polygon", "coordinates": [ [ [ 513191.865332031273283, 5686807.760778808966279 ], [ 513192.427929687488358, 5686810.222180175594985 ], [ 513200.493676757789217, 5686808.378576660528779 ], [ 513199.931079101574142, 5686805.91717529296875 ], [ 513191.865332031273283, 5686807.760778808966279 ] ] ] } },
{ "type": "Feature", "properties": { "id": 794, "area_px": 7824.0, "aspect_ratio": 1.93, "zone": "yard" }, "geometry": { "type": "Polygon", "coordinates": [ [ [ 513336.771752929664217, 5686638.722949218936265 ], [ 513337.408367808791809, 5686641.103209339082241 ], [ 513343.384176135819871, 5686639.79481711704284 ], [ 513342.747561256750487, 5686637.414556996896863 ], [ 513336.771752929664217, 5686638.722949218936265 ] ] ] } },
{ "type": "Feature", "properties": { "id": 795, "area_px": 7812.0, "aspect_ratio": 3.17, "zone": "yard" }, "geometry": { "type": "Polygon", "coordinates": [ [ [ 513186.975854492164217, 5686791.187329101376235 ], [ 513187.507080078125, 5686793.666333007626235 ], [ 513199.599394985067192, 5686791.056257987394929 ], [ 513199.068169399106409, 5686788.577254081144929 ], [ 513186.975854492164217, 5686791.187329101376235 ] ] ] } },
{ "type": "Feature", "properties": { "id": 797, "area_px": 7805.0, "aspect_ratio": 3.1, "zone": "yard" }, "geometry": { "type": "Polygon", "coordinates": [ [ [ 513290.441123488533776, 5686537.607842684723437 ], [ 513302.676902414299548, 5686539.572564476169646 ], [ 513303.086619211127982, 5686537.023248069919646 ], [ 513290.850840285420418, 5686535.058526278473437 ], [ 513290.441123488533776, 5686537.607842684723437 ] ] ] } },
{ "type": "Feature", "properties": { "id": 799, "area_px": 7796.0, "aspect_ratio": 3.25, "zone": "yard" }, "geometry": { "type": "Polygon", "coordinates": [ [ [ 513341.841256431362126, 5686773.905182884074748 ], [ 513342.358785728225484, 5686776.353522727265954 ], [ 513354.1683349609375, 5686773.879052734002471 ], [ 513353.650805664074142, 5686771.430712890811265 ], [ 513341.841256431362126, 5686773.905182884074748 ] ] ] } },
{ "type": "Feature", "properties": { "id": 801, "area_px": 7781.0, "aspect_ratio": 3.08, "zone": "yard" }, "geometry": { "type": "Polygon", "coordinates": [ [ [ 513217.797045898449142, 5686814.911767577752471 ], [ 513218.354711914085783, 5686817.421166991814971 ], [ 513230.455263682175428, 5686814.820250352844596 ], [ 513229.897597666538786, 5686812.310850938782096 ], [ 513217.797045898449142, 5686814.911767577752471 ] ] ] } },
{ "type": "Feature", "properties": { "id": 802, "area_px": 7776.0, "aspect_ratio": 2.94, "zone": "yard" }, "geometry": { "type": "Polygon", "coordinates": [ [ [ 513195.025983210478444, 5686828.832832255400717 ], [ 513195.598932429216802, 5686831.411079325713217 ], [ 513207.574121093726717, 5686828.583532715216279 ], [ 513207.001171874988358, 5686826.005285644903779 ], [ 513195.025983210478444, 5686828.832832255400717 ] ] ] } },
{ "type": "Feature", "properties": { "id": 805, "area_px": 7770.0, "aspect_ratio": 3.13, "zone": "yard" }, "geometry": { "type": "Polygon", "coordinates": [ [ [ 513191.082124687964097, 5686593.097779429517686 ], [ 513203.362998717697337, 5686595.067064319737256 ], [ 513203.781358092674054, 5686592.53488658554852 ], [ 513191.500484062999021, 5686590.565601695328951 ], [ 513191.082124687964097, 5686593.097779429517686 ] ] ] } },
{ "type": "Feature", "properties": { "id": 807, "area_px": 7768.0, "aspect_ratio": 2.11, "zone": "yard" }, "geometry": { "type": "Polygon", "coordinates": [ [ [ 513447.590429687523283, 5686771.054638671688735 ], [ 513450.384454605635256, 5686784.270595423877239 ], [ 513452.762942712695803, 5686783.301581750623882 ], [ 513450.664746093738358, 5686770.407421874813735 ], [ 513447.590429687523283, 5686771.054638671688735 ] ] ] } },
{ "type": "Feature", "properties": { "id": 808, "area_px": 7766.0, "aspect_ratio": 3.16, "zone": "yard" }, "geometry": { "type": "Polygon", "coordinates": [ [ [ 513191.480053044389933, 5686590.665151810273528 ], [ 513203.833148531906772, 5686592.421776235103607 ], [ 513204.242889742832631, 5686589.912181508727372 ], [ 513191.889794255315792, 5686588.155557083897293 ], [ 513191.480053044389933, 5686590.665151810273528 ] ] ] } },
{ "type": "Feature", "properties": { "id": 810, "area_px": 7760.0, "aspect_ratio": 2.14, "zone": "yard" }, "geometry": { "type": "Polygon", "coordinates": [ [ [ 513424.766503906226717, 5686997.387971115298569 ], [ 513425.433886718761642, 5687000.613683223724365 ], [ 513432.348242187523283, 5686999.183124542236328 ], [ 513431.680859374988358, 5686995.957412337884307 ], [ 513424.766503906226717, 5686997.387971115298569 ] ] ] } },
{ "type": "Feature", "properties": { "id": 811, "area_px": 7750.0, "aspect_ratio": 3.1, "zone": "yard" }, "geometry": { "type": "Polygon", "coordinates": [ [ [ 513192.042370605457108, 5686588.246337890625 ], [ 513204.085315613250714, 5686590.002234553918242 ], [ 513204.481824402289931, 5686587.456238459795713 ], [ 513192.438879394554533, 5686585.700341796502471 ], [ 513192.042370605457108, 5686588.246337890625 ] ] ] } },
{ "type": "Feature", "properties": { "id": 812, "area_px": 7736.0, "aspect_ratio": 3.2, "zone": "yard" }, "geometry": { "type": "Polygon", "coordinates": [ [ [ 513284.746347202919424, 5686698.1630819439888 ], [ 513285.297470249759499, 5686700.6738241314888 ], [ 513297.25827120966278, 5686697.85219422262162 ], [ 513296.465441840700805, 5686695.737982572056353 ], [ 513284.746347202919424, 5686698.1630819439888 ] ] ] } },
{ "type": "Feature", "properties": { "id": 816, "area_px": 7702.0, "aspect_ratio": 5.13, "zone": "yard" }, "geometry": { "type": "Polygon", "coordinates": [ [ [ 513220.708007476583589, 5686504.502359950914979 ], [ 513232.770288085914217, 5686506.628320312127471 ], [ 513233.0946044921875, 5686504.682421875186265 ], [ 513221.032323882856872, 5686502.55646151304245 ], [ 513220.708007476583589, 5686504.502359950914979 ] ] ] } },
{ "type": "Feature", "properties": { "id": 818, "area_px": 7691.0, "aspect_ratio": 3.14, "zone": "yard" }, "geometry": { "type": "Polygon", "coordinates": [ [ [ 513289.741684899956454, 5686542.595475186593831 ], [ 513302.072053225827403, 5686544.680492054671049 ], [ 513302.483527835167479, 5686542.174144398421049 ], [ 513290.153159509354737, 5686540.089127530343831 ], [ 513289.741684899956454, 5686542.595475186593831 ] ] ] } },
{ "type": "Feature", "properties": { "id": 819, "area_px": 7690.0, "aspect_ratio": 3.19, "zone": "yard" }, "geometry": { "type": "Polygon", "coordinates": [ [ [ 513380.832788085914217, 5686592.697705077938735 ], [ 513383.599702149804216, 5686604.41902344301343 ], [ 513386.062055665417574, 5686603.854716802015901 ], [ 513383.295141601585783, 5686592.133398437872529 ], [ 513380.832788085914217, 5686592.697705077938735 ] ] ] } },
{ "type": "Feature", "properties": { "id": 820, "area_px": 7683.0, "aspect_ratio": 3.2, "zone": "yard" }, "geometry": { "type": "Polygon", "coordinates": [ [ [ 513265.724370553914923, 5686910.802527634426951 ], [ 513266.266704538313206, 5686913.24311601370573 ], [ 513277.1199951171875, 5686910.88999633770436 ], [ 513276.577661132789217, 5686908.449407959356904 ], [ 513265.724370553914923, 5686910.802527634426951 ] ] ] } },
{ "type": "Feature", "properties": { "id": 821, "area_px": 7680.0, "aspect_ratio": 1.98, "zone": "yard" }, "geometry": { "type": "Polygon", "coordinates": [ [ [ 513201.029211425804533, 5686857.222949218936265 ], [ 513201.681604003882967, 5686860.339892578311265 ], [ 513207.8564453125, 5686859.0474853515625 ], [ 513207.204052734363358, 5686855.9305419921875 ], [ 513201.029211425804533, 5686857.222949218936265 ] ] ] } },
{ "type": "Feature", "properties": { "id": 823, "area_px": 7676.0, "aspect_ratio": 4.65, "zone": "yard" }, "geometry": { "type": "Polygon", "coordinates": [ [ [ 513161.937714022700675, 5686615.849412113428116 ], [ 513163.589441874879412, 5686615.915481227450073 ], [ 513165.373307955218479, 5686604.023040691390634 ], [ 513163.391234532580711, 5686604.023040691390634 ], [ 513161.937714022700675, 5686615.849412113428116 ] ] ] } },
{ "type": "Feature", "properties": { "id": 824, "area_px": 7668.0, "aspect_ratio": 3.11, "zone": "yard" }, "geometry": { "type": "Polygon", "coordinates": [ [ [ 513291.266179420053959, 5686532.425864923745394 ], [ 513303.519860845059156, 5686534.415027522481978 ], [ 513303.926062016922515, 5686531.896668147295713 ], [ 513291.672380591917317, 5686529.907505548559129 ], [ 513291.266179420053959, 5686532.425864923745394 ] ] ] } },
{ "type": "Feature", "properties": { "id": 825, "area_px": 7665.0, "aspect_ratio": 3.0, "zone": "yard" }, "geometry": { "type": "Polygon", "coordinates": [ [ [ 513392.307910156261642, 5686992.474033355712891 ], [ 513392.8662109375, 5686994.999571991153061 ], [ 513400.436328125011642, 5686993.326183319091797 ], [ 513399.878027343773283, 5686990.800644683651626 ], [ 513392.307910156261642, 5686992.474033355712891 ] ] ] } },
{ "type": "Feature", "properties": { "id": 826, "area_px": 7664.0, "aspect_ratio": 3.21, "zone": "yard" }, "geometry": { "type": "Polygon", "coordinates": [ [ [ 513189.141671748657245, 5686518.067123280838132 ], [ 513200.571628485689871, 5686520.181334932334721 ], [ 513201.067146841320209, 5686517.802846824750304 ], [ 513189.53808643319644, 5686515.688635174185038 ], [ 513189.141671748657245, 5686518.067123280838132 ] ] ] } },
{ "type": "Feature", "properties": { "id": 828, "area_px": 7645.0, "aspect_ratio": 3.31, "zone": "yard" }, "geometry": { "type": "Polygon", "coordinates": [ [ [ 513289.673648345866241, 5686658.190174006856978 ], [ 513290.231070220819674, 5686660.624353694729507 ], [ 513301.897877754003275, 5686657.722570134326816 ], [ 513301.340455878991634, 5686655.288390447385609 ], [ 513289.673648345866241, 5686658.190174006856978 ] ] ] } },
{ "type": "Feature", "properties": { "id": 829, "area_px": 7638.0, "aspect_ratio": 3.23, "zone": "yard" }, "geometry": { "type": "Polygon", "coordinates": [ [ [ 513190.887071419740096, 5686698.307736595161259 ], [ 513191.450108529126737, 5686700.778830345720053 ], [ 513203.227719511080068, 5686697.989406514912844 ], [ 513202.664682401693426, 5686695.518312765285373 ], [ 513190.887071419740096, 5686698.307736595161259 ] ] ] } },
{ "type": "Feature", "properties": { "id": 830, "area_px": 7628.0, "aspect_ratio": 3.28, "zone": "yard" }, "geometry": { "type": "Polygon", "coordinates": [ [ [ 513388.173762424092274, 5686891.839011675678194 ], [ 513388.709309299068991, 5686894.278757769614458 ], [ 513400.402099609375, 5686891.687341308221221 ], [ 513399.866552734398283, 5686889.247595215216279 ], [ 513388.173762424092274, 5686891.839011675678194 ] ] ] } },
{ "type": "Feature", "properties": { "id": 831, "area_px": 7617.0, "aspect_ratio": 3.12, "zone": "yard" }, "geometry": { "type": "Polygon", "coordinates": [ [ [ 513290.834484084742144, 5686535.044251043349504 ], [ 513303.276066332531627, 5686537.028959010727704 ], [ 513303.408204560750164, 5686534.584401790052652 ], [ 513291.252062209765427, 5686532.538879949599504 ], [ 513290.834484084742144, 5686535.044251043349504 ] ] ] } },
{ "type": "Feature", "properties": { "id": 832, "area_px": 7607.0, "aspect_ratio": 3.04, "zone": "yard" }, "geometry": { "type": "Polygon", "coordinates": [ [ [ 513187.062948545906693, 5686528.288162507116795 ], [ 513199.614831542945467, 5686530.752832030877471 ], [ 513200.098791503929533, 5686528.236328125 ], [ 513187.546908506832551, 5686525.771658601239324 ], [ 513187.062948545906693, 5686528.288162507116795 ] ] ] } },
{ "type": "Feature", "properties": { "id": 835, "area_px": 7592.0, "aspect_ratio": 5.53, "zone": "yard" }, "geometry": { "type": "Polygon", "coordinates": [ [ [ 513234.745877745735925, 5686600.356204856187105 ], [ 513247.133836636960041, 5686602.371312835253775 ], [ 513247.49721676443005, 5686599.992824728600681 ], [ 513235.076223316194955, 5686598.010751306079328 ], [ 513234.745877745735925, 5686600.356204856187105 ] ] ] } },
{ "type": "Feature", "properties": { "id": 836, "area_px": 7589.0, "aspect_ratio": 3.17, "zone": "yard" }, "geometry": { "type": "Polygon", "coordinates": [ [ [ 513264.00830078125, 5686903.029852295294404 ], [ 513264.532617187476717, 5686905.46638793963939 ], [ 513276.231041380087845, 5686902.833043210208416 ], [ 513275.70672497380292, 5686900.396507565863431 ], [ 513264.00830078125, 5686903.029852295294404 ] ] ] } },
{ "type": "Feature", "properties": { "id": 837, "area_px": 7571.0, "aspect_ratio": 3.19, "zone": "yard" }, "geometry": { "type": "Polygon", "coordinates": [ [ [ 513389.201733398425858, 5686592.7279052734375 ], [ 513391.86522949358914, 5686604.706960232928395 ], [ 513394.308442384179216, 5686604.175807889550924 ], [ 513391.644946289074142, 5686592.196752930060029 ], [ 513389.201733398425858, 5686592.7279052734375 ] ] ] } },
{ "type": "Feature", "properties": { "id": 838, "area_px": 7570.0, "aspect_ratio": 3.2, "zone": "yard" }, "geometry": { "type": "Polygon", "coordinates": [ [ [ 513189.76932833250612, 5686515.589531502686441 ], [ 513201.298388740629889, 5686517.736777710728347 ], [ 513201.661768868099898, 5686515.226151376031339 ], [ 513190.264846688136458, 5686513.178008838556707 ], [ 513189.76932833250612, 5686515.589531502686441 ] ] ] } },
{ "type": "Feature", "properties": { "id": 839, "area_px": 7563.0, "aspect_ratio": 3.09, "zone": "yard" }, "geometry": { "type": "Polygon", "coordinates": [ [ [ 513218.18500787258381, 5686519.685264225117862 ], [ 513230.396093750023283, 5686521.809716796502471 ], [ 513230.794482421886642, 5686519.325537109747529 ], [ 513218.583396544447169, 5686517.201084537431598 ], [ 513218.18500787258381, 5686519.685264225117862 ] ] ] } },
{ "type": "Feature", "properties": { "id": 840, "area_px": 7546.0, "aspect_ratio": 3.21, "zone": "yard" }, "geometry": { "type": "Polygon", "coordinates": [ [ [ 513392.157690429710783, 5686882.374401855282485 ], [ 513392.6990966796875, 5686884.792736816219985 ], [ 513404.341850591066759, 5686882.172996935434639 ], [ 513403.800444341031834, 5686879.754661974497139 ], [ 513392.157690429710783, 5686882.374401855282485 ] ] ] } },
{ "type": "Feature", "properties": { "id": 842, "area_px": 7534.0, "aspect_ratio": 3.03, "zone": "yard" }, "geometry": { "type": "Polygon", "coordinates": [ [ [ 513187.2423095703125, 5686525.688427734188735 ], [ 513199.859704819042236, 5686528.165668169036508 ], [ 513200.361633530003019, 5686525.656097857281566 ], [ 513187.744238281273283, 5686523.178857421502471 ], [ 513187.2423095703125, 5686525.688427734188735 ] ] ] } },
{ "type": "Feature", "properties": { "id": 844, "area_px": 7516.0, "aspect_ratio": 3.21, "zone": "yard" }, "geometry": { "type": "Polygon", "coordinates": [ [ [ 513192.120593261730392, 5686705.117333984002471 ], [ 513192.67303466796875, 5686707.551513671875 ], [ 513204.718010707758367, 5686704.808525388129056 ], [ 513204.165569301520009, 5686702.374345701187849 ], [ 513192.120593261730392, 5686705.117333984002471 ] ] ] } },
{ "type": "Feature", "properties": { "id": 846, "area_px": 7501.0, "aspect_ratio": 4.59, "zone": "yard" }, "geometry": { "type": "Polygon", "coordinates": [ [ [ 513497.111132812511642, 5686963.625296020880342 ], [ 513499.831152343773283, 5686975.86529541015625 ], [ 513502.499414062476717, 5686975.272354125976562 ], [ 513499.779394531273283, 5686963.032354736700654 ], [ 513497.111132812511642, 5686963.625296020880342 ] ] ] } },
{ "type": "Feature", "properties": { "id": 847, "area_px": 7483.0, "aspect_ratio": 3.03, "zone": "yard" }, "geometry": { "type": "Polygon", "coordinates": [ [ [ 513292.390332031238358, 5686674.671533202752471 ], [ 513292.951708984386642, 5686677.157666015438735 ], [ 513304.853579107380938, 5686674.309587178751826 ], [ 513304.292202154232655, 5686671.823454366065562 ], [ 513292.390332031238358, 5686674.671533202752471 ] ] ] } },
{ "type": "Feature", "properties": { "id": 849, "area_px": 7466.0, "aspect_ratio": 3.01, "zone": "yard" }, "geometry": { "type": "Polygon", "coordinates": [ [ [ 513141.601301038055681, 5686709.203651014715433 ], [ 513142.152863538009115, 5686711.704041639342904 ], [ 513153.729418945324142, 5686709.163354491814971 ], [ 513153.1778564453125, 5686706.6629638671875 ], [ 513141.601301038055681, 5686709.203651014715433 ] ] ] } },
{ "type": "Feature", "properties": { "id": 850, "area_px": 7464.0, "aspect_ratio": 3.08, "zone": "yard" }, "geometry": { "type": "Polygon", "coordinates": [ [ [ 513264.41375487705227, 5686724.533155630342662 ], [ 513264.946176752098836, 5686726.988184927031398 ], [ 513276.877783203148283, 5686724.2891845703125 ], [ 513276.345361328101717, 5686721.834155273623765 ], [ 513264.41375487705227, 5686724.533155630342662 ] ] ] } },
{ "type": "Feature", "properties": { "id": 854, "area_px": 7424.0, "aspect_ratio": 3.05, "zone": "yard" }, "geometry": { "type": "Polygon", "coordinates": [ [ [ 513264.163275473343674, 5686663.440418591722846 ], [ 513264.736908285820391, 5686665.907020154409111 ], [ 513276.828930664050858, 5686663.279321288689971 ], [ 513276.255297851574142, 5686660.812719726935029 ], [ 513264.163275473343674, 5686663.440418591722846 ] ] ] } },
{ "type": "Feature", "properties": { "id": 856, "area_px": 7386.0, "aspect_ratio": 2.12, "zone": "yard" }, "geometry": { "type": "Polygon", "coordinates": [ [ [ 513235.162817382835783, 5686921.737890625372529 ], [ 513235.837377929710783, 5686924.679040526971221 ], [ 513242.067895507789217, 5686923.250024413689971 ], [ 513241.393334960914217, 5686920.308874512091279 ], [ 513235.162817382835783, 5686921.737890625372529 ] ] ] } },
{ "type": "Feature", "properties": { "id": 857, "area_px": 7370.0, "aspect_ratio": 3.1, "zone": "yard" }, "geometry": { "type": "Polygon", "coordinates": [ [ [ 513192.195751953113358, 5686585.609277343377471 ], [ 513204.645818987686653, 5686587.330647860653698 ], [ 513205.052508440800011, 5686584.845393954776227 ], [ 513192.602441406226717, 5686583.1240234375 ], [ 513192.195751953113358, 5686585.609277343377471 ] ] ] } },
{ "type": "Feature", "properties": { "id": 859, "area_px": 7360.0, "aspect_ratio": 2.97, "zone": "yard" }, "geometry": { "type": "Polygon", "coordinates": [ [ [ 513299.4517822265625, 5686740.822167968377471 ], [ 513300.015942382800858, 5686743.320605468936265 ], [ 513307.439038085925858, 5686741.644433593377471 ], [ 513306.8748779296875, 5686739.14599609375 ], [ 513299.4517822265625, 5686740.822167968377471 ] ] ] } },
{ "type": "Feature", "properties": { "id": 860, "area_px": 7349.0, "aspect_ratio": 2.99, "zone": "yard" }, "geometry": { "type": "Polygon", "coordinates": [ [ [ 513287.350439453148283, 5686710.609130859375 ], [ 513287.889404296875, 5686713.111523437313735 ], [ 513299.64986195525853, 5686710.441624643281102 ], [ 513299.110897111531813, 5686707.939232065342367 ], [ 513287.350439453148283, 5686710.609130859375 ] ] ] } },
{ "type": "Feature", "properties": { "id": 861, "area_px": 7299.0, "aspect_ratio": 2.35, "zone": "ship" }, "geometry": { "type": "Polygon", "coordinates": [ [ [ 513485.471435546875, 5686893.754223632626235 ], [ 513486.945849609386642, 5686900.241851806640625 ], [ 513489.701220703136642, 5686899.615624999627471 ], [ 513488.226806640625, 5686893.128002929501235 ], [ 513485.471435546875, 5686893.754223632626235 ] ] ] } },
{ "type": "Feature", "properties": { "id": 862, "area_px": 7298.0, "aspect_ratio": 3.07, "zone": "yard" }, "geometry": { "type": "Polygon", "coordinates": [ [ [ 513341.168969726539217, 5686995.118979644961655 ], [ 513341.712377929710783, 5686997.55348510760814 ], [ 513353.455062152061146, 5686994.961059928871691 ], [ 513352.91165394888958, 5686992.526554466225207 ], [ 513341.168969726539217, 5686995.118979644961655 ] ] ] } },
{ "type": "Feature", "properties": { "id": 864, "area_px": 7284.0, "aspect_ratio": 3.11, "zone": "yard" }, "geometry": { "type": "Polygon", "coordinates": [ [ [ 513295.199405622843187, 5686792.948081499896944 ], [ 513295.744864607229829, 5686795.363608843646944 ], [ 513307.540185546851717, 5686792.8280029296875 ], [ 513306.994726562523283, 5686790.4124755859375 ], [ 513295.199405622843187, 5686792.948081499896944 ] ] ] } },
{ "type": "Feature", "properties": { "id": 867, "area_px": 7272.0, "aspect_ratio": 2.42, "zone": "yard" }, "geometry": { "type": "Polygon", "coordinates": [ [ [ 513284.079248046851717, 5686911.031164551153779 ], [ 513284.673876953136642, 5686913.775659179314971 ], [ 513291.328173828136642, 5686912.333898926153779 ], [ 513290.733544921851717, 5686909.589404297061265 ], [ 513284.079248046851717, 5686911.031164551153779 ] ] ] } },
{ "type": "Feature", "properties": { "id": 868, "area_px": 7264.0, "aspect_ratio": 2.89, "zone": "yard" }, "geometry": { "type": "Polygon", "coordinates": [ [ [ 513293.576658816717099, 5686678.811378730461001 ], [ 513294.110350222967099, 5686681.369435370899737 ], [ 513305.962617185607087, 5686678.547470259480178 ], [ 513305.428925779357087, 5686675.989413619041443 ], [ 513293.576658816717099, 5686678.811378730461001 ] ] ] } },
{ "type": "Feature", "properties": { "id": 869, "area_px": 7255.0, "aspect_ratio": 2.82, "zone": "yard" }, "geometry": { "type": "Polygon", "coordinates": [ [ [ 513261.109971592610236, 5686612.926505571231246 ], [ 513267.186303710914217, 5686614.076318359002471 ], [ 513267.676489257835783, 5686611.497607422061265 ], [ 513261.600157139473595, 5686610.34779463429004 ], [ 513261.109971592610236, 5686612.926505571231246 ] ] ] } },
{ "type": "Feature", "properties": { "id": 871, "area_px": 7237.0, "aspect_ratio": 2.99, "zone": "yard" }, "geometry": { "type": "Polygon", "coordinates": [ [ [ 513292.430932617164217, 5686527.383203124627471 ], [ 513304.333172157930676, 5686529.232803548686206 ], [ 513304.663517728389706, 5686526.788246328011155 ], [ 513292.8363037109375, 5686524.887109374627471 ], [ 513292.430932617164217, 5686527.383203124627471 ] ] ] } },
{ "type": "Feature", "properties": { "id": 872, "area_px": 7236.0, "aspect_ratio": 3.08, "zone": "yard" }, "geometry": { "type": "Polygon", "coordinates": [ [ [ 513164.187121582042892, 5686578.66015625 ], [ 513175.823250405432191, 5686580.419666193425655 ], [ 513176.223079506948125, 5686577.970642755739391 ], [ 513164.586950683617033, 5686576.211132812313735 ], [ 513164.187121582042892, 5686578.66015625 ] ] ] } },
{ "type": "Feature", "properties": { "id": 873, "area_px": 7213.0, "aspect_ratio": 2.94, "zone": "yard" }, "geometry": { "type": "Polygon", "coordinates": [ [ [ 513192.5482177734375, 5686583.132666015997529 ], [ 513204.938635483093094, 5686584.965720438398421 ], [ 513205.337292709678877, 5686582.459861063398421 ], [ 513192.946875000023283, 5686580.626806640997529 ], [ 513192.5482177734375, 5686583.132666015997529 ] ] ] } },
{ "type": "Feature", "properties": { "id": 876, "area_px": 7203.0, "aspect_ratio": 3.0, "zone": "yard" }, "geometry": { "type": "Polygon", "coordinates": [ [ [ 513164.243994140648283, 5686576.075000000186265 ], [ 513176.250101879821159, 5686577.861223589628935 ], [ 513176.647929028258659, 5686575.374895464628935 ], [ 513164.641821289085783, 5686573.588671875186265 ], [ 513164.243994140648283, 5686576.075000000186265 ] ] ] } },
{ "type": "Feature", "properties": { "id": 877, "area_px": 7196.0, "aspect_ratio": 2.54, "zone": "yard" }, "geometry": { "type": "Polygon", "coordinates": [ [ [ 513292.044316937855911, 5686529.893494689837098 ], [ 513304.201033929770347, 5686531.809498998336494 ], [ 513304.267103043850511, 5686529.497080004774034 ], [ 513292.532138228183612, 5686527.721447087824345 ], [ 513292.044316937855911, 5686529.893494689837098 ] ] ] } },
{ "type": "Feature", "properties": { "id": 879, "area_px": 7185.0, "aspect_ratio": 2.79, "zone": "yard" }, "geometry": { "type": "Polygon", "coordinates": [ [ [ 513187.726330566394608, 5686523.18896484375 ], [ 513200.066151907318272, 5686525.558126554824412 ], [ 513200.559926321380772, 5686523.006954680196941 ], [ 513188.220104980457108, 5686520.637792969122529 ], [ 513187.726330566394608, 5686523.18896484375 ] ] ] } },
{ "type": "Feature", "properties": { "id": 880, "area_px": 7162.0, "aspect_ratio": 3.06, "zone": "yard" }, "geometry": { "type": "Polygon", "coordinates": [ [ [ 513240.901440429675858, 5686800.986645507626235 ], [ 513241.440258789050858, 5686803.465161132626235 ], [ 513253.43817694572499, 5686800.581138580106199 ], [ 513252.89935858634999, 5686798.102622955106199 ], [ 513240.901440429675858, 5686800.986645507626235 ] ] ] } },
{ "type": "Feature", "properties": { "id": 882, "area_px": 7144.0, "aspect_ratio": 2.92, "zone": "yard" }, "geometry": { "type": "Polygon", "coordinates": [ [ [ 513294.502532841463108, 5686682.823487660847604 ], [ 513295.077044560224749, 5686685.301124379970133 ], [ 513307.240283203136642, 5686682.567456054501235 ], [ 513306.665771484375, 5686680.089819336310029 ], [ 513294.502532841463108, 5686682.823487660847604 ] ] ] } },
{ "type": "Feature", "properties": { "id": 884, "area_px": 7110.0, "aspect_ratio": 3.05, "zone": "yard" }, "geometry": { "type": "Polygon", "coordinates": [ [ [ 513295.039801574428566, 5686626.725678712129593 ], [ 513295.600104308803566, 5686629.139350587502122 ], [ 513307.3753662109375, 5686626.459301757626235 ], [ 513306.8150634765625, 5686624.045629883185029 ], [ 513295.039801574428566, 5686626.725678712129593 ] ] ] } },
{ "type": "Feature", "properties": { "id": 885, "area_px": 7095.0, "aspect_ratio": 2.97, "zone": "yard" }, "geometry": { "type": "Polygon", "coordinates": [ [ [ 513087.389868597383611, 5686703.773045102134347 ], [ 513087.920520452840719, 5686706.224119320511818 ], [ 513099.693139648414217, 5686703.634985351935029 ], [ 513099.162487792957108, 5686701.183911132626235 ], [ 513087.389868597383611, 5686703.773045102134347 ] ] ] } },
{ "type": "Feature", "properties": { "id": 886, "area_px": 7091.0, "aspect_ratio": 2.14, "zone": "yard" }, "geometry": { "type": "Polygon", "coordinates": [ [ [ 513207.235815429710783, 5686856.173327636905015 ], [ 513207.874291992164217, 5686859.025158691219985 ], [ 513213.977368164050858, 5686857.658801269717515 ], [ 513213.338891601539217, 5686854.806970214471221 ], [ 513207.235815429710783, 5686856.173327636905015 ] ] ] } },
{ "type": "Feature", "properties": { "id": 887, "area_px": 7074.0, "aspect_ratio": 2.7, "zone": "yard" }, "geometry": { "type": "Polygon", "coordinates": [ [ [ 513367.80126953125, 5686942.905993652530015 ], [ 513369.2646484375, 5686949.930282592773438 ], [ 513371.8623046875, 5686949.38909912109375 ], [ 513370.39892578125, 5686942.36480712890625 ], [ 513367.80126953125, 5686942.905993652530015 ] ] ] } },
{ "type": "Feature", "properties": { "id": 888, "area_px": 7061.0, "aspect_ratio": 2.83, "zone": "yard" }, "geometry": { "type": "Polygon", "coordinates": [ [ [ 513260.456636187969707, 5686615.136115389876068 ], [ 513266.53601773356786, 5686616.432044012472034 ], [ 513266.855117631203029, 5686614.285907315090299 ], [ 513260.775736085604876, 5686612.989978693425655 ], [ 513260.456636187969707, 5686615.136115389876068 ] ] ] } },
{ "type": "Feature", "properties": { "id": 889, "area_px": 7055.0, "aspect_ratio": 4.76, "zone": "yard" }, "geometry": { "type": "Polygon", "coordinates": [ [ [ 513163.787649217119906, 5686602.965934866108 ], [ 513165.505446183378808, 5686603.098073094151914 ], [ 513167.599999999976717, 5686591.049999999813735 ], [ 513165.654052734375, 5686590.725683594122529 ], [ 513163.787649217119906, 5686602.965934866108 ] ] ] } },
{ "type": "Feature", "properties": { "id": 890, "area_px": 7051.0, "aspect_ratio": 3.02, "zone": "yard" }, "geometry": { "type": "Polygon", "coordinates": [ [ [ 513287.538037109363358, 5686761.088793945498765 ], [ 513288.067626953125, 5686763.506616210564971 ], [ 513299.506786227051634, 5686761.026915392838418 ], [ 513298.977196383289993, 5686758.609093126840889 ], [ 513287.538037109363358, 5686761.088793945498765 ] ] ] } },
{ "type": "Feature", "properties": { "id": 892, "area_px": 7039.0, "aspect_ratio": 2.77, "zone": "yard" }, "geometry": { "type": "Polygon", "coordinates": [ [ [ 513287.860522460949142, 5686824.442858886905015 ], [ 513288.439672851585783, 5686826.963854980655015 ], [ 513300.48075284762308, 5686824.083979711867869 ], [ 513299.901602456986438, 5686821.562983618117869 ], [ 513287.860522460949142, 5686824.442858886905015 ] ] ] } },
{ "type": "Feature", "properties": { "id": 893, "area_px": 7033.0, "aspect_ratio": 2.19, "zone": "yard" }, "geometry": { "type": "Polygon", "coordinates": [ [ [ 513158.896472167980392, 5686929.934118652716279 ], [ 513159.529406738292892, 5686932.7823486328125 ], [ 513165.760583496070467, 5686931.39764404296875 ], [ 513165.127648925757967, 5686928.549414062872529 ], [ 513158.896472167980392, 5686929.934118652716279 ] ] ] } },
{ "type": "Feature", "properties": { "id": 897, "area_px": 7009.0, "aspect_ratio": 2.82, "zone": "yard" }, "geometry": { "type": "Polygon", "coordinates": [ [ [ 513192.852819824242033, 5686580.552001953125 ], [ 513205.343119015276898, 5686582.383840333670378 ], [ 513205.734671749640256, 5686579.877883302047849 ], [ 513193.244372558605392, 5686578.046044921502471 ], [ 513192.852819824242033, 5686580.552001953125 ] ] ] } },
{ "type": "Feature", "properties": { "id": 899, "area_px": 6941.0, "aspect_ratio": 2.78, "zone": "yard" }, "geometry": { "type": "Polygon", "coordinates": [ [ [ 513340.688882273272611, 5686768.928079058416188 ], [ 513341.233901804545894, 5686771.430178668349981 ], [ 513353.1629638671875, 5686768.8367919921875 ], [ 513352.617944335914217, 5686766.334692383185029 ], [ 513340.688882273272611, 5686768.928079058416188 ] ] ] } },
{ "type": "Feature", "properties": { "id": 900, "area_px": 6929.0, "aspect_ratio": 2.84, "zone": "yard" }, "geometry": { "type": "Polygon", "coordinates": [ [ [ 513218.481738281261642, 5686818.958325195126235 ], [ 513219.004785156226717, 5686821.448999023064971 ], [ 513230.824798484216444, 5686818.996757810004056 ], [ 513230.301751609251369, 5686816.50608398206532 ], [ 513218.481738281261642, 5686818.958325195126235 ] ] ] } },
{ "type": "Feature", "properties": { "id": 901, "area_px": 6928.0, "aspect_ratio": 2.44, "zone": "ship" }, "geometry": { "type": "Polygon", "coordinates": [ [ [ 513488.033251953136642, 5686809.87542724609375 ], [ 513489.434912109398283, 5686816.310217285528779 ], [ 513492.075439453125, 5686815.73504638671875 ], [ 513490.673779296863358, 5686809.300256347283721 ], [ 513488.033251953136642, 5686809.87542724609375 ] ] ] } },
{ "type": "Feature", "properties": { "id": 902, "area_px": 6924.0, "aspect_ratio": 2.47, "zone": "yard" }, "geometry": { "type": "Polygon", "coordinates": [ [ [ 513163.644177246082108, 5686615.370214844122529 ], [ 513170.408972167992033, 5686616.243115234188735 ], [ 513170.761877441429533, 5686613.508007812313735 ], [ 513163.997082519519608, 5686612.635107422247529 ], [ 513163.644177246082108, 5686615.370214844122529 ] ] ] } },
{ "type": "Feature", "properties": { "id": 903, "area_px": 6923.0, "aspect_ratio": 2.21, "zone": "yard" }, "geometry": { "type": "Polygon", "coordinates": [ [ [ 513471.963916015636642, 5686505.897656249813735 ], [ 513474.803564453148283, 5686506.393457030877471 ], [ 513475.900830078113358, 5686500.10888671875 ], [ 513473.061181640601717, 5686499.613085937686265 ], [ 513471.963916015636642, 5686505.897656249813735 ] ] ] } },
{ "type": "Feature", "properties": { "id": 905, "area_px": 6906.0, "aspect_ratio": 2.65, "zone": "ship" }, "geometry": { "type": "Polygon", "coordinates": [ [ [ 513464.851664593268652, 5686768.653300774283707 ], [ 513467.745214843773283, 5686781.421093749813735 ], [ 513470.36767578125, 5686780.828173828311265 ], [ 513467.474125530803576, 5686768.060380851849914 ], [ 513464.851664593268652, 5686768.653300774283707 ] ] ] } },
{ "type": "Feature", "properties": { "id": 906, "area_px": 6902.0, "aspect_ratio": 2.38, "zone": "yard" }, "geometry": { "type": "Polygon", "coordinates": [ [ [ 513487.010498046875, 5686965.964523315429688 ], [ 513488.328662109386642, 5686972.416720581240952 ], [ 513491.034521484398283, 5686971.863906860351562 ], [ 513489.716357421886642, 5686965.411709594540298 ], [ 513487.010498046875, 5686965.964523315429688 ] ] ] } },
{ "type": "Feature", "properties": { "id": 909, "area_px": 6889.0, "aspect_ratio": 2.19, "zone": "yard" }, "geometry": { "type": "Polygon", "coordinates": [ [ [ 513238.436840820300858, 5686849.258020019158721 ], [ 513239.0723876953125, 5686852.021350097842515 ], [ 513245.1280517578125, 5686850.628552245907485 ], [ 513244.492504882800858, 5686847.865222168155015 ], [ 513238.436840820300858, 5686849.258020019158721 ] ] ] } },
{ "type": "Feature", "properties": { "id": 910, "area_px": 6887.0, "aspect_ratio": 2.48, "zone": "ship" }, "geometry": { "type": "Polygon", "coordinates": [ [ [ 513485.413964843726717, 5686810.428198242560029 ], [ 513486.828027343726717, 5686816.892309570685029 ], [ 513489.431542968726717, 5686816.322778319939971 ], [ 513488.017480468726717, 5686809.858666991814971 ], [ 513485.413964843726717, 5686810.428198242560029 ] ] ] } },
{ "type": "Feature", "properties": { "id": 911, "area_px": 6887.0, "aspect_ratio": 5.06, "zone": "yard" }, "geometry": { "type": "Polygon", "coordinates": [ [ [ 513243.317909042758401, 5686544.90297263301909 ], [ 513255.243237304675858, 5686546.890527343377471 ], [ 513255.551342773425858, 5686545.041894530877471 ], [ 513243.626014511508401, 5686543.05433982051909 ], [ 513243.317909042758401, 5686544.90297263301909 ] ] ] } },
{ "type": "Feature", "properties": { "id": 912, "area_px": 6879.0, "aspect_ratio": 2.77, "zone": "yard" }, "geometry": { "type": "Polygon", "coordinates": [ [ [ 513263.634649318584707, 5686720.362147551029921 ], [ 513264.197881740459707, 5686722.86541903577745 ], [ 513276.24951171875, 5686720.070117187686265 ], [ 513275.686279296875, 5686717.566845702938735 ], [ 513263.634649318584707, 5686720.362147551029921 ] ] ] } },
{ "type": "Feature", "properties": { "id": 913, "area_px": 6879.0, "aspect_ratio": 3.01, "zone": "yard" }, "geometry": { "type": "Polygon", "coordinates": [ [ [ 513217.948443707660772, 5686522.19166537001729 ], [ 513229.921630859375, 5686524.220263672061265 ], [ 513230.321630859398283, 5686521.820263671688735 ], [ 513218.348443707625847, 5686519.791665370576084 ], [ 513217.948443707660772, 5686522.19166537001729 ] ] ] } },
{ "type": "Feature", "properties": { "id": 914, "area_px": 6857.0, "aspect_ratio": 2.28, "zone": "yard" }, "geometry": { "type": "Polygon", "coordinates": [ [ [ 513241.5814208984375, 5686920.761083984747529 ], [ 513242.192700195300858, 5686923.539599609561265 ], [ 513248.516625976539217, 5686922.148339843377471 ], [ 513247.905346679675858, 5686919.369824218563735 ], [ 513241.5814208984375, 5686920.761083984747529 ] ] ] } },
{ "type": "Feature", "properties": { "id": 915, "area_px": 6857.0, "aspect_ratio": 2.82, "zone": "yard" }, "geometry": { "type": "Polygon", "coordinates": [ [ [ 513186.630042383971158, 5686530.822484018281102 ], [ 513198.991625976574142, 5686533.23095703125 ], [ 513199.470727539039217, 5686530.74560546875 ], [ 513187.109143946494441, 5686528.337132455781102 ], [ 513186.630042383971158, 5686530.822484018281102 ] ] ] } },
{ "type": "Feature", "properties": { "id": 918, "area_px": 6841.0, "aspect_ratio": 2.81, "zone": "yard" }, "geometry": { "type": "Polygon", "coordinates": [ [ [ 513292.908471679664217, 5686522.252343749627471 ], [ 513305.244103123841342, 5686524.206750045530498 ], [ 513305.633898045693059, 5686521.721789108589292 ], [ 513293.298266601574142, 5686519.767382812686265 ], [ 513292.908471679664217, 5686522.252343749627471 ] ] ] } },
{ "type": "Feature", "properties": { "id": 920, "area_px": 6819.0, "aspect_ratio": 3.32, "zone": "yard" }, "geometry": { "type": "Polygon", "coordinates": [ [ [ 513165.367246972920839, 5686699.496277967467904 ], [ 513165.853794824506622, 5686701.928992811590433 ], [ 513177.596166992210783, 5686699.4307861328125 ], [ 513177.109619140625, 5686696.998071288689971 ], [ 513165.367246972920839, 5686699.496277967467904 ] ] ] } },
{ "type": "Feature", "properties": { "id": 921, "area_px": 6804.0, "aspect_ratio": 1.84, "zone": "yard" }, "geometry": { "type": "Polygon", "coordinates": [ [ [ 513219.592309570289217, 5686852.961535644717515 ], [ 513220.223071289074142, 5686856.115393066778779 ], [ 513226.030786132789217, 5686854.953845215030015 ], [ 513225.4000244140625, 5686851.79998779296875 ], [ 513219.592309570289217, 5686852.961535644717515 ] ] ] } },
{ "type": "Feature", "properties": { "id": 923, "area_px": 6783.0, "aspect_ratio": 2.76, "zone": "yard" }, "geometry": { "type": "Polygon", "coordinates": [ [ [ 513194.651919599855319, 5686824.527488684281707 ], [ 513195.203677412355319, 5686827.010423254221678 ], [ 513206.860595703125, 5686824.297644043341279 ], [ 513206.308837890625, 5686821.814709472469985 ], [ 513194.651919599855319, 5686824.527488684281707 ] ] ] } },
{ "type": "Feature", "properties": { "id": 925, "area_px": 6731.0, "aspect_ratio": 2.22, "zone": "yard" }, "geometry": { "type": "Polygon", "coordinates": [ [ [ 513248.028637695300858, 5686919.374157714657485 ], [ 513248.657299804675858, 5686922.098315429873765 ], [ 513254.7117919921875, 5686920.701123046688735 ], [ 513254.0831298828125, 5686917.976965332403779 ], [ 513248.028637695300858, 5686919.374157714657485 ] ] ] } },
{ "type": "Feature", "properties": { "id": 929, "area_px": 6692.0, "aspect_ratio": 5.3, "zone": "ship" }, "geometry": { "type": "Polygon", "coordinates": [ [ [ 513490.597576348867733, 5686925.444948838092387 ], [ 513493.220263671886642, 5686937.990325927734375 ], [ 513495.056103515613358, 5686937.57844848651439 ], [ 513492.433416192652658, 5686925.033071396872401 ], [ 513490.597576348867733, 5686925.444948838092387 ] ] ] } },
{ "type": "Feature", "properties": { "id": 930, "area_px": 6688.0, "aspect_ratio": 2.15, "zone": "yard" }, "geometry": { "type": "Polygon", "coordinates": [ [ [ 513206.282568359398283, 5686766.657861327752471 ], [ 513206.923876953136642, 5686769.436816406436265 ], [ 513212.901708984398283, 5686768.057324218563735 ], [ 513212.260400390601717, 5686765.278369140811265 ], [ 513206.282568359398283, 5686766.657861327752471 ] ] ] } },
{ "type": "Feature", "properties": { "id": 931, "area_px": 6685.0, "aspect_ratio": 1.92, "zone": "yard" }, "geometry": { "type": "Polygon", "coordinates": [ [ [ 513093.648015234211925, 5686698.876473281532526 ], [ 513093.838322295458056, 5686701.123832566663623 ], [ 513105.234191227471456, 5686698.722381480969489 ], [ 513105.043878062686417, 5686696.475022195838392 ], [ 513093.648015234211925, 5686698.876473281532526 ] ] ] } },
{ "type": "Feature", "properties": { "id": 933, "area_px": 6677.0, "aspect_ratio": 2.69, "zone": "yard" }, "geometry": { "type": "Polygon", "coordinates": [ [ [ 513263.759829533693846, 5686847.716793548315763 ], [ 513264.357974064943846, 5686850.239400969818234 ], [ 513276.108959960925858, 5686847.6422119140625 ], [ 513275.510815429675858, 5686845.119604492560029 ], [ 513263.759829533693846, 5686847.716793548315763 ] ] ] } },
{ "type": "Feature", "properties": { "id": 936, "area_px": 6657.0, "aspect_ratio": 2.63, "zone": "ship" }, "geometry": { "type": "Polygon", "coordinates": [ [ [ 513455.329150390636642, 5686778.419458007439971 ], [ 513457.791259765625, 5686785.462377930060029 ], [ 513460.466748046863358, 5686784.527075195685029 ], [ 513458.004638671875, 5686777.484155273064971 ], [ 513455.329150390636642, 5686778.419458007439971 ] ] ] } },
{ "type": "Feature", "properties": { "id": 937, "area_px": 6656.0, "aspect_ratio": 2.61, "zone": "yard" }, "geometry": { "type": "Polygon", "coordinates": [ [ [ 513193.272387695324142, 5686578.003613281063735 ], [ 513205.83384233812103, 5686579.869196556508541 ], [ 513206.244877494347747, 5686577.334528587758541 ], [ 513193.683422851550858, 5686575.468945312313735 ], [ 513193.272387695324142, 5686578.003613281063735 ] ] ] } },
{ "type": "Feature", "properties": { "id": 938, "area_px": 6653.0, "aspect_ratio": 2.46, "zone": "yard" }, "geometry": { "type": "Polygon", "coordinates": [ [ [ 513179.6767578125, 5686609.902392578311265 ], [ 513186.052954101585783, 5686610.875048828311265 ], [ 513186.448754882789217, 5686608.280322265811265 ], [ 513180.072558593761642, 5686607.307666015811265 ], [ 513179.6767578125, 5686609.902392578311265 ] ] ] } },
{ "type": "Feature", "properties": { "id": 939, "area_px": 6651.0, "aspect_ratio": 2.4, "zone": "yard" }, "geometry": { "type": "Polygon", "coordinates": [ [ [ 513204.286523437476717, 5686597.943872069939971 ], [ 513210.549780273460783, 5686599.145922851748765 ], [ 513211.050585937511642, 5686596.5364990234375 ], [ 513204.787329101585783, 5686595.334448242560029 ], [ 513204.286523437476717, 5686597.943872069939971 ] ] ] } },
{ "type": "Feature", "properties": { "id": 941, "area_px": 6618.0, "aspect_ratio": 2.88, "zone": "ship" }, "geometry": { "type": "Polygon", "coordinates": [ [ [ 513488.421875, 5686893.61383056640625 ], [ 513491.297749469056726, 5686906.55713346414268 ], [ 513493.695112750283442, 5686906.01772306393832 ], [ 513490.819238281226717, 5686893.074414062313735 ], [ 513488.421875, 5686893.61383056640625 ] ] ] } },
{ "type": "Feature", "properties": { "id": 943, "area_px": 6613.0, "aspect_ratio": 2.29, "zone": "yard" }, "geometry": { "type": "Polygon", "coordinates": [ [ [ 513378.476089755364228, 5686936.204447909258306 ], [ 513379.115448331402149, 5686938.464830987155437 ], [ 513385.031106622889638, 5686937.123328634537756 ], [ 513384.706249458424281, 5686935.816625877283514 ], [ 513384.391748046851717, 5686934.862945556640625 ], [ 513378.476089755364228, 5686936.204447909258306 ] ] ] } },
{ "type": "Feature", "properties": { "id": 945, "area_px": 6612.0, "aspect_ratio": 2.19, "zone": "yard" }, "geometry": { "type": "Polygon", "coordinates": [ [ [ 513348.817797851574142, 5686775.942919922061265 ], [ 513349.437573242175858, 5686778.703808593563735 ], [ 513355.487768554710783, 5686777.345605468377471 ], [ 513354.867993164050858, 5686774.584716796875 ], [ 513348.817797851574142, 5686775.942919922061265 ] ] ] } },
{ "type": "Feature", "properties": { "id": 946, "area_px": 6588.0, "aspect_ratio": 2.31, "zone": "yard" }, "geometry": { "type": "Polygon", "coordinates": [ [ [ 513358.314135742199142, 5686986.932684326544404 ], [ 513358.8804931640625, 5686989.575610351748765 ], [ 513364.979028320289217, 5686988.26878051739186 ], [ 513364.412670898425858, 5686985.6258544921875 ], [ 513358.314135742199142, 5686986.932684326544404 ] ] ] } },
{ "type": "Feature", "properties": { "id": 948, "area_px": 6581.0, "aspect_ratio": 2.63, "zone": "yard" }, "geometry": { "type": "Polygon", "coordinates": [ [ [ 513365.146801757800858, 5686763.582226562313735 ], [ 513365.695825195289217, 5686766.087207031436265 ], [ 513377.939671017637011, 5686763.183536530472338 ], [ 513377.631348485301714, 5686762.126430705189705 ], [ 513377.32302595290821, 5686761.025278803892434 ], [ 513365.146801757800858, 5686763.582226562313735 ] ] ] } },
{ "type": "Feature", "properties": { "id": 949, "area_px": 6578.0, "aspect_ratio": 2.4, "zone": "yard" }, "geometry": { "type": "Polygon", "coordinates": [ [ [ 513211.376074218773283, 5686599.1514892578125 ], [ 513217.646093750023283, 5686600.1414794921875 ], [ 513218.058789062488358, 5686597.5277099609375 ], [ 513211.788769531238358, 5686596.5377197265625 ], [ 513211.376074218773283, 5686599.1514892578125 ] ] ] } },
{ "type": "Feature", "properties": { "id": 950, "area_px": 6577.0, "aspect_ratio": 2.8, "zone": "yard" }, "geometry": { "type": "Polygon", "coordinates": [ [ [ 513163.972880408342462, 5686581.162195267155766 ], [ 513175.794396972632967, 5686583.09814453125 ], [ 513176.179699707019608, 5686580.641894531436265 ], [ 513164.358183142729104, 5686578.705945266410708 ], [ 513163.972880408342462, 5686581.162195267155766 ] ] ] } },
{ "type": "Feature", "properties": { "id": 951, "area_px": 6576.0, "aspect_ratio": 3.07, "zone": "yard" }, "geometry": { "type": "Polygon", "coordinates": [ [ [ 513332.158520507800858, 5686618.540332031436265 ], [ 513332.694799804710783, 5686620.911279296502471 ], [ 513339.965112304664217, 5686619.266796874813735 ], [ 513339.4288330078125, 5686616.895849609747529 ], [ 513332.158520507800858, 5686618.540332031436265 ] ] ] } },
{ "type": "Feature", "properties": { "id": 952, "area_px": 6574.0, "aspect_ratio": 2.67, "zone": "yard" }, "geometry": { "type": "Polygon", "coordinates": [ [ [ 513288.203027343726717, 5686714.817431640811265 ], [ 513288.761425781238358, 5686717.308642578311265 ], [ 513300.953418863937259, 5686714.542536841705441 ], [ 513300.395020426425617, 5686712.051325904205441 ], [ 513288.203027343726717, 5686714.817431640811265 ] ] ] } },
{ "type": "Feature", "properties": { "id": 954, "area_px": 6553.0, "aspect_ratio": 2.23, "zone": "yard" }, "geometry": { "type": "Polygon", "coordinates": [ [ [ 513229.094970703125, 5686923.057958984747529 ], [ 513229.699609374976717, 5686925.718273925594985 ], [ 513235.629687500011642, 5686924.370532226748765 ], [ 513235.025048828101717, 5686921.710217284969985 ], [ 513229.094970703125, 5686923.057958984747529 ] ] ] } },
{ "type": "Feature", "properties": { "id": 955, "area_px": 6543.0, "aspect_ratio": 2.46, "zone": "yard" }, "geometry": { "type": "Polygon", "coordinates": [ [ [ 513186.210693359375, 5686616.105493163689971 ], [ 513192.515307617199142, 5686617.075415039435029 ], [ 513192.910107421863358, 5686614.509252930060029 ], [ 513186.605493164039217, 5686613.539331054314971 ], [ 513186.210693359375, 5686616.105493163689971 ] ] ] } },
{ "type": "Feature", "properties": { "id": 958, "area_px": 6526.0, "aspect_ratio": 2.69, "zone": "yard" }, "geometry": { "type": "Polygon", "coordinates": [ [ [ 513365.0748291015625, 5686820.21417236328125 ], [ 513365.612719726574142, 5686822.68853759765625 ], [ 513377.60982422583038, 5686820.049830653704703 ], [ 513377.071933600818738, 5686817.575465419329703 ], [ 513365.0748291015625, 5686820.21417236328125 ] ] ] } },
{ "type": "Feature", "properties": { "id": 959, "area_px": 6526.0, "aspect_ratio": 2.25, "zone": "yard" }, "geometry": { "type": "Polygon", "coordinates": [ [ [ 513200.313854980457108, 5686767.9681396484375 ], [ 513200.949572753917892, 5686770.638208007439971 ], [ 513206.958886718726717, 5686769.2073974609375 ], [ 513206.323193359363358, 5686766.537329101935029 ], [ 513200.313854980457108, 5686767.9681396484375 ] ] ] } },
{ "type": "Feature", "properties": { "id": 960, "area_px": 6522.0, "aspect_ratio": 2.49, "zone": "yard" }, "geometry": { "type": "Polygon", "coordinates": [ [ [ 513491.847802734351717, 5686964.514251708984375 ], [ 513493.191455078136642, 5686971.0086669921875 ], [ 513495.797119140625, 5686970.469555663876235 ], [ 513494.453466796898283, 5686963.97514038067311 ], [ 513491.847802734351717, 5686964.514251708984375 ] ] ] } },
{ "type": "Feature", "properties": { "id": 961, "area_px": 6520.0, "aspect_ratio": 2.27, "zone": "yard" }, "geometry": { "type": "Polygon", "coordinates": [ [ [ 513218.516845703125, 5686763.829736327752471 ], [ 513219.111132812511642, 5686766.4912109375 ], [ 513225.160937500011642, 5686765.140283202752471 ], [ 513224.566650390625, 5686762.478808593936265 ], [ 513218.516845703125, 5686763.829736327752471 ] ] ] } },
{ "type": "Feature", "properties": { "id": 962, "area_px": 6519.0, "aspect_ratio": 2.35, "zone": "yard" }, "geometry": { "type": "Polygon", "coordinates": [ [ [ 513181.850085449230392, 5686772.080419922247529 ], [ 513182.420031738292892, 5686774.7021484375 ], [ 513188.583117675792892, 5686773.362353515811265 ], [ 513188.013171386730392, 5686770.740624999627471 ], [ 513181.850085449230392, 5686772.080419922247529 ] ] ] } },
{ "type": "Feature", "properties": { "id": 963, "area_px": 6513.0, "aspect_ratio": 2.09, "zone": "yard" }, "geometry": { "type": "Polygon", "coordinates": [ [ [ 513352.770532226539217, 5686738.115454101935029 ], [ 513353.408422851585783, 5686740.928002929314971 ], [ 513359.2977294921875, 5686739.592260742560029 ], [ 513358.659838867199142, 5686736.779711914248765 ], [ 513352.770532226539217, 5686738.115454101935029 ] ] ] } },
{ "type": "Feature", "properties": { "id": 964, "area_px": 6512.0, "aspect_ratio": 2.38, "zone": "ship" }, "geometry": { "type": "Polygon", "coordinates": [ [ [ 513478.537060546863358, 5686765.360498046502471 ], [ 513479.894580078136642, 5686771.521533203311265 ], [ 513482.479248046875, 5686770.952001953497529 ], [ 513481.121728515601717, 5686764.790966796688735 ], [ 513478.537060546863358, 5686765.360498046502471 ] ] ] } },
{ "type": "Feature", "properties": { "id": 965, "area_px": 6509.0, "aspect_ratio": 2.74, "zone": "yard" }, "geometry": { "type": "Polygon", "coordinates": [ [ [ 513168.757128906261642, 5686923.921350097283721 ], [ 513169.309521484363358, 5686926.392578125 ], [ 513176.0811767578125, 5686924.878918456844985 ], [ 513175.528784179710783, 5686922.407690430060029 ], [ 513168.757128906261642, 5686923.921350097283721 ] ] ] } },
{ "type": "Feature", "properties": { "id": 967, "area_px": 6504.0, "aspect_ratio": 2.42, "zone": "yard" }, "geometry": { "type": "Polygon", "coordinates": [ [ [ 513261.531225585960783, 5686610.391210937872529 ], [ 513267.776098632835783, 5686611.489208984188735 ], [ 513268.228979492210783, 5686608.913330078125 ], [ 513261.984106445335783, 5686607.815332030877471 ], [ 513261.531225585960783, 5686610.391210937872529 ] ] ] } },
{ "type": "Feature", "properties": { "id": 969, "area_px": 6488.0, "aspect_ratio": 2.3, "zone": "yard" }, "geometry": { "type": "Polygon", "coordinates": [ [ [ 513325.281469726585783, 5686761.219653320498765 ], [ 513325.8890380859375, 5686763.852514648810029 ], [ 513331.943530273449142, 5686762.455346679314971 ], [ 513331.335961914039217, 5686759.822485351935029 ], [ 513325.281469726585783, 5686761.219653320498765 ] ] ] } },
{ "type": "Feature", "properties": { "id": 972, "area_px": 6484.0, "aspect_ratio": 2.44, "zone": "yard" }, "geometry": { "type": "Polygon", "coordinates": [ [ [ 513215.302929687488358, 5686620.985791015438735 ], [ 513221.599023437476717, 5686621.876757812686265 ], [ 513221.963476562523283, 5686619.301464843563735 ], [ 513215.667382812476717, 5686618.410498047247529 ], [ 513215.302929687488358, 5686620.985791015438735 ] ] ] } },
{ "type": "Feature", "properties": { "id": 973, "area_px": 6483.0, "aspect_ratio": 2.26, "zone": "yard" }, "geometry": { "type": "Polygon", "coordinates": [ [ [ 513185.86962890625, 5686962.293234253302217 ], [ 513186.433544921863358, 5686964.971884155645967 ], [ 513192.481298828148283, 5686963.698672485537827 ], [ 513191.917382812476717, 5686961.020022583194077 ], [ 513185.86962890625, 5686962.293234253302217 ] ] ] } },
{ "type": "Feature", "properties": { "id": 974, "area_px": 6482.0, "aspect_ratio": 2.34, "zone": "ship" }, "geometry": { "type": "Polygon", "coordinates": [ [ [ 513482.834912109363358, 5686894.399633789435029 ], [ 513484.225341796875, 5686900.579296874813735 ], [ 513486.860693359398283, 5686899.986352538689971 ], [ 513485.470263671886642, 5686893.806689453311265 ], [ 513482.834912109363358, 5686894.399633789435029 ] ] ] } },
{ "type": "Feature", "properties": { "id": 975, "area_px": 6478.0, "aspect_ratio": 2.48, "zone": "yard" }, "geometry": { "type": "Polygon", "coordinates": [ [ [ 513172.634594726550858, 5686606.202685547061265 ], [ 513178.967114257800858, 5686607.152587890625 ], [ 513179.349999999976717, 5686604.599999999627471 ], [ 513173.017480468726717, 5686603.650097656063735 ], [ 513172.634594726550858, 5686606.202685547061265 ] ] ] } },
{ "type": "Feature", "properties": { "id": 976, "area_px": 6470.0, "aspect_ratio": 2.46, "zone": "yard" }, "geometry": { "type": "Polygon", "coordinates": [ [ [ 513186.621789550757967, 5686613.485205078497529 ], [ 513192.904260253882967, 5686614.464306640438735 ], [ 513193.302111816417892, 5686611.911376953125 ], [ 513187.019641113292892, 5686610.932275390252471 ], [ 513186.621789550757967, 5686613.485205078497529 ] ] ] } },
{ "type": "Feature", "properties": { "id": 977, "area_px": 6445.0, "aspect_ratio": 2.24, "zone": "yard" }, "geometry": { "type": "Polygon", "coordinates": [ [ [ 513257.042700195335783, 5686845.115856933407485 ], [ 513257.6214599609375, 5686847.81683349609375 ], [ 513263.675610351550858, 5686846.519519043155015 ], [ 513263.096850585949142, 5686843.81854248046875 ], [ 513257.042700195335783, 5686845.115856933407485 ] ] ] } },
{ "type": "Feature", "properties": { "id": 979, "area_px": 6433.0, "aspect_ratio": 2.44, "zone": "yard" }, "geometry": { "type": "Polygon", "coordinates": [ [ [ 513209.790820312511642, 5686609.399633789435029 ], [ 513216.078369140625, 5686610.3153076171875 ], [ 513216.453857421875, 5686607.736987304873765 ], [ 513210.166308593761642, 5686606.821313476189971 ], [ 513209.790820312511642, 5686609.399633789435029 ] ] ] } },
{ "type": "Feature", "properties": { "id": 982, "area_px": 6422.0, "aspect_ratio": 2.42, "zone": "yard" }, "geometry": { "type": "Polygon", "coordinates": [ [ [ 513174.360205078148283, 5686596.0374755859375 ], [ 513180.629565429699142, 5686596.972387695685029 ], [ 513181.015820312488358, 5686594.3822021484375 ], [ 513174.7464599609375, 5686593.447290038689971 ], [ 513174.360205078148283, 5686596.0374755859375 ] ] ] } },
{ "type": "Feature", "properties": { "id": 984, "area_px": 6420.0, "aspect_ratio": 2.3, "zone": "yard" }, "geometry": { "type": "Polygon", "coordinates": [ [ [ 513215.031933593738358, 5686917.705694580450654 ], [ 513215.618945312511642, 5686920.30540161114186 ], [ 513221.608691406261642, 5686918.952874755486846 ], [ 513221.021679687488358, 5686916.35316772479564 ], [ 513215.031933593738358, 5686917.705694580450654 ] ] ] } },
{ "type": "Feature", "properties": { "id": 985, "area_px": 6417.0, "aspect_ratio": 2.28, "zone": "yard" }, "geometry": { "type": "Polygon", "coordinates": [ [ [ 513356.933789062488358, 5686868.541943359188735 ], [ 513357.56201171875, 5686871.180468750186265 ], [ 513363.566845703113358, 5686869.750756835564971 ], [ 513362.938623046851717, 5686867.112231445498765 ], [ 513356.933789062488358, 5686868.541943359188735 ] ] ] } },
{ "type": "Feature", "properties": { "id": 986, "area_px": 6415.0, "aspect_ratio": 2.42, "zone": "yard" }, "geometry": { "type": "Polygon", "coordinates": [ [ [ 513350.709399414074142, 5686814.742358398623765 ], [ 513351.271752929664217, 5686817.27294921875 ], [ 513357.397045898425858, 5686815.911767577752471 ], [ 513356.834692382835783, 5686813.381176757626235 ], [ 513350.709399414074142, 5686814.742358398623765 ] ] ] } },
{ "type": "Feature", "properties": { "id": 987, "area_px": 6406.0, "aspect_ratio": 2.43, "zone": "yard" }, "geometry": { "type": "Polygon", "coordinates": [ [ [ 513187.007885742175858, 5686610.898632812313735 ], [ 513193.255908203136642, 5686611.968115234747529 ], [ 513193.696606445300858, 5686609.3935546875 ], [ 513187.448583984398283, 5686608.324072265997529 ], [ 513187.007885742175858, 5686610.898632812313735 ] ] ] } },
{ "type": "Feature", "properties": { "id": 988, "area_px": 6404.0, "aspect_ratio": 2.36, "zone": "yard" }, "geometry": { "type": "Polygon", "coordinates": [ [ [ 513358.689501953136642, 5686876.966357422061265 ], [ 513359.251513671886642, 5686879.535595702938735 ], [ 513365.307080078113358, 5686878.2109375 ], [ 513364.745068359363358, 5686875.641699219122529 ], [ 513358.689501953136642, 5686876.966357422061265 ] ] ] } },
{ "type": "Feature", "properties": { "id": 989, "area_px": 6401.0, "aspect_ratio": 2.46, "zone": "yard" }, "geometry": { "type": "Polygon", "coordinates": [ [ [ 513180.157995605492033, 5686607.343994140625 ], [ 513186.514001464820467, 5686608.252001953311265 ], [ 513186.88299560546875, 5686605.668994140811265 ], [ 513180.526989746082108, 5686604.760986328125 ], [ 513180.157995605492033, 5686607.343994140625 ] ] ] } },
{ "type": "Feature", "properties": { "id": 990, "area_px": 6396.0, "aspect_ratio": 4.39, "zone": "yard" }, "geometry": { "type": "Polygon", "coordinates": [ [ [ 513398.371435546898283, 5686630.190820312127471 ], [ 513400.400195312511642, 5686640.479541015811265 ], [ 513402.741552734398283, 5686640.017871093936265 ], [ 513400.712792968726717, 5686629.729150390252471 ], [ 513398.371435546898283, 5686630.190820312127471 ] ] ] } },
{ "type": "Feature", "properties": { "id": 992, "area_px": 6387.0, "aspect_ratio": 2.35, "zone": "yard" }, "geometry": { "type": "Polygon", "coordinates": [ [ [ 513364.578100585960783, 5686985.583950805477798 ], [ 513365.133374023425858, 5686988.162043762393296 ], [ 513371.1827392578125, 5686986.859103393740952 ], [ 513370.627465820289217, 5686984.281010436825454 ], [ 513364.578100585960783, 5686985.583950805477798 ] ] ] } },
{ "type": "Feature", "properties": { "id": 993, "area_px": 6386.0, "aspect_ratio": 2.46, "zone": "ship" }, "geometry": { "type": "Polygon", "coordinates": [ [ [ 513475.910791015601717, 5686765.929516601376235 ], [ 513477.223486328148283, 5686772.117749023251235 ], [ 513479.734716796898283, 5686771.5850830078125 ], [ 513478.422021484351717, 5686765.3968505859375 ], [ 513475.910791015601717, 5686765.929516601376235 ] ] ] } },
{ "type": "Feature", "properties": { "id": 994, "area_px": 6384.0, "aspect_ratio": 2.43, "zone": "yard" }, "geometry": { "type": "Polygon", "coordinates": [ [ [ 513217.078393554664217, 5686610.7706298828125 ], [ 513223.294213867164217, 5686611.716528320685029 ], [ 513223.683520507824142, 5686609.158374023623765 ], [ 513217.467700195324142, 5686608.212475585751235 ], [ 513217.078393554664217, 5686610.7706298828125 ] ] ] } },
{ "type": "Feature", "properties": { "id": 995, "area_px": 6380.0, "aspect_ratio": 2.45, "zone": "yard" }, "geometry": { "type": "Polygon", "coordinates": [ [ [ 513173.073010253894608, 5686603.688989257439971 ], [ 513179.394006347632967, 5686604.591967773623765 ], [ 513179.761999511742033, 5686602.0159912109375 ], [ 513173.441003417945467, 5686601.113012695685029 ], [ 513173.073010253894608, 5686603.688989257439971 ] ] ] } },
{ "type": "Feature", "properties": { "id": 996, "area_px": 6374.0, "aspect_ratio": 4.94, "zone": "yard" }, "geometry": { "type": "Polygon", "coordinates": [ [ [ 513276.797492366691586, 5686902.294809071347117 ], [ 513287.32450455421349, 5686899.916320961900055 ], [ 513286.83999771712115, 5686897.537832853384316 ], [ 513276.004662996972911, 5686900.004413114860654 ], [ 513276.797492366691586, 5686902.294809071347117 ] ] ] } },
{ "type": "Feature", "properties": { "id": 997, "area_px": 6370.0, "aspect_ratio": 2.48, "zone": "yard" }, "geometry": { "type": "Polygon", "coordinates": [ [ [ 513216.147192382835783, 5686615.852075194939971 ], [ 513222.460131835949142, 5686616.798999023623765 ], [ 513222.8419189453125, 5686614.2537841796875 ], [ 513216.528979492199142, 5686613.306860351935029 ], [ 513216.147192382835783, 5686615.852075194939971 ] ] ] } },
{ "type": "Feature", "properties": { "id": 998, "area_px": 6360.0, "aspect_ratio": 2.32, "zone": "yard" }, "geometry": { "type": "Polygon", "coordinates": [ [ [ 513212.37109375, 5686765.437670898623765 ], [ 513212.919628906238358, 5686768.043237304314971 ], [ 513218.954785156238358, 5686766.772680664435029 ], [ 513218.40625, 5686764.1671142578125 ], [ 513212.37109375, 5686765.437670898623765 ] ] ] } },
{ "type": "Feature", "properties": { "id": 999, "area_px": 6348.0, "aspect_ratio": 2.44, "zone": "yard" }, "geometry": { "type": "Polygon", "coordinates": [ [ [ 513200.878381347632967, 5686618.429711913689971 ], [ 513207.089184570300858, 5686619.464868163689971 ], [ 513207.513525390648283, 5686616.918920898810029 ], [ 513201.302709960960783, 5686615.883764648810029 ], [ 513200.878381347632967, 5686618.429711913689971 ] ] ] } },
{ "type": "Feature", "properties": { "id": 1000, "area_px": 6347.0, "aspect_ratio": 2.45, "zone": "yard" }, "geometry": { "type": "Polygon", "coordinates": [ [ [ 513223.1075439453125, 5686619.514062499627471 ], [ 513229.3294677734375, 5686620.45068359375 ], [ 513229.711645507835783, 5686617.911962890997529 ], [ 513223.489721679710783, 5686616.975341796875 ], [ 513223.1075439453125, 5686619.514062499627471 ] ] ] } },
{ "type": "Feature", "properties": { "id": 1001, "area_px": 6345.0, "aspect_ratio": 2.46, "zone": "yard" }, "geometry": { "type": "Polygon", "coordinates": [ [ [ 513216.643481445324142, 5686613.325634765438735 ], [ 513222.8797607421875, 5686614.241064453497529 ], [ 513223.2518310546875, 5686611.706249999813735 ], [ 513217.015551757824142, 5686610.790820312686265 ], [ 513216.643481445324142, 5686613.325634765438735 ] ] ] } },
{ "type": "Feature", "properties": { "id": 1002, "area_px": 6341.0, "aspect_ratio": 2.27, "zone": "yard" }, "geometry": { "type": "Polygon", "coordinates": [ [ [ 513246.235766601574142, 5686910.90380859375 ], [ 513246.820043945335783, 5686913.569580078125 ], [ 513252.875708007835783, 5686912.2423095703125 ], [ 513252.291430664074142, 5686909.5765380859375 ], [ 513246.235766601574142, 5686910.90380859375 ] ] ] } },
{ "type": "Feature", "properties": { "id": 1003, "area_px": 6340.0, "aspect_ratio": 2.46, "zone": "yard" }, "geometry": { "type": "Polygon", "coordinates": [ [ [ 513210.131591796875, 5686606.799389648251235 ], [ 513216.376123046851717, 5686607.7496337890625 ], [ 513216.762841796851717, 5686605.208471680060029 ], [ 513210.518310546875, 5686604.258227539248765 ], [ 513210.131591796875, 5686606.799389648251235 ] ] ] } },
{ "type": "Feature", "properties": { "id": 1004, "area_px": 6339.0, "aspect_ratio": 2.35, "zone": "yard" }, "geometry": { "type": "Polygon", "coordinates": [ [ [ 513346.065272772102617, 5686989.713672527112067 ], [ 513346.637050115852617, 5686992.286614116281271 ], [ 513352.490014648414217, 5686991.030001068487763 ], [ 513351.918237304664217, 5686988.457059478387237 ], [ 513346.065272772102617, 5686989.713672527112067 ] ] ] } },
{ "type": "Feature", "properties": { "id": 1005, "area_px": 6339.0, "aspect_ratio": 2.42, "zone": "yard" }, "geometry": { "type": "Polygon", "coordinates": [ [ [ 513181.252111816429533, 5686602.255761718377471 ], [ 513187.513024902320467, 5686603.185595703311265 ], [ 513187.896740722644608, 5686600.602001952938735 ], [ 513181.635827636695467, 5686599.672167968936265 ], [ 513181.252111816429533, 5686602.255761718377471 ] ] ] } },
{ "type": "Feature", "properties": { "id": 1006, "area_px": 6338.0, "aspect_ratio": 2.36, "zone": "yard" }, "geometry": { "type": "Polygon", "coordinates": [ [ [ 513350.0472412109375, 5686755.756005859002471 ], [ 513350.607202148414217, 5686758.345751953311265 ], [ 513356.577324131736532, 5686756.928993738256395 ], [ 513356.161401367164217, 5686754.434033202938735 ], [ 513350.0472412109375, 5686755.756005859002471 ] ] ] } },
{ "type": "Feature", "properties": { "id": 1007, "area_px": 6335.0, "aspect_ratio": 2.2, "zone": "yard" }, "geometry": { "type": "Polygon", "coordinates": [ [ [ 513164.970739746117033, 5686607.713427734561265 ], [ 513171.166467285132967, 5686608.40185546875 ], [ 513171.479870605457108, 5686605.581103515811265 ], [ 513165.284143066382967, 5686604.892675781622529 ], [ 513164.970739746117033, 5686607.713427734561265 ] ] ] } },
{ "type": "Feature", "properties": { "id": 1008, "area_px": 6334.0, "aspect_ratio": 2.38, "zone": "yard" }, "geometry": { "type": "Polygon", "coordinates": [ [ [ 513332.5107421875, 5686764.017968749627471 ], [ 513333.070458984351717, 5686766.558203125372529 ], [ 513339.128857421863358, 5686765.223291015252471 ], [ 513338.569140625011642, 5686762.683056640438735 ], [ 513332.5107421875, 5686764.017968749627471 ] ] ] } },
{ "type": "Feature", "properties": { "id": 1009, "area_px": 6323.0, "aspect_ratio": 2.45, "zone": "yard" }, "geometry": { "type": "Polygon", "coordinates": [ [ [ 513232.483374023460783, 5686607.955273437313735 ], [ 513238.7020263671875, 5686608.937158202752471 ], [ 513239.1033935546875, 5686606.395263671875 ], [ 513232.884741210960783, 5686605.413378906436265 ], [ 513232.483374023460783, 5686607.955273437313735 ] ] ] } },
{ "type": "Feature", "properties": { "id": 1010, "area_px": 6323.0, "aspect_ratio": 2.44, "zone": "yard" }, "geometry": { "type": "Polygon", "coordinates": [ [ [ 513181.986242675804533, 5686597.176660155877471 ], [ 513188.219396972679533, 5686598.096289062872529 ], [ 513188.59588623046875, 5686595.544482422061265 ], [ 513182.36273193359375, 5686594.624853515997529 ], [ 513181.986242675804533, 5686597.176660155877471 ] ] ] } },
{ "type": "Feature", "properties": { "id": 1011, "area_px": 6321.0, "aspect_ratio": 2.56, "zone": "yard" }, "geometry": { "type": "Polygon", "coordinates": [ [ [ 513293.462695312511642, 5686519.736230468377471 ], [ 513305.441700114519335, 5686521.544196555390954 ], [ 513305.839014567609411, 5686519.027985618449748 ], [ 513293.860009765601717, 5686517.220019531436265 ], [ 513293.462695312511642, 5686519.736230468377471 ] ] ] } },
{ "type": "Feature", "properties": { "id": 1012, "area_px": 6313.0, "aspect_ratio": 2.53, "zone": "yard" }, "geometry": { "type": "Polygon", "coordinates": [ [ [ 513349.6312255859375, 5686670.579028320498765 ], [ 513350.163159179675858, 5686673.061450195498765 ], [ 513356.435864257800858, 5686671.717309569939971 ], [ 513355.9039306640625, 5686669.234887694939971 ], [ 513349.6312255859375, 5686670.579028320498765 ] ] ] } },
{ "type": "Feature", "properties": { "id": 1013, "area_px": 6312.0, "aspect_ratio": 2.47, "zone": "yard" }, "geometry": { "type": "Polygon", "coordinates": [ [ [ 513187.465966796851717, 5686608.378710937686265 ], [ 513193.723730468773283, 5686609.333300781436265 ], [ 513194.109423828136642, 5686606.804833984002471 ], [ 513187.851660156273283, 5686605.850244140252471 ], [ 513187.465966796851717, 5686608.378710937686265 ] ] ] } },
{ "type": "Feature", "properties": { "id": 1014, "area_px": 6311.0, "aspect_ratio": 2.51, "zone": "yard" }, "geometry": { "type": "Polygon", "coordinates": [ [ [ 513231.700488281261642, 5686613.008105468936265 ], [ 513237.964599609375, 5686614.014843749813735 ], [ 513238.365771484386642, 5686611.518603515811265 ], [ 513232.101660156273283, 5686610.511865234002471 ], [ 513231.700488281261642, 5686613.008105468936265 ] ] ] } },
{ "type": "Feature", "properties": { "id": 1015, "area_px": 6311.0, "aspect_ratio": 2.47, "zone": "yard" }, "geometry": { "type": "Polygon", "coordinates": [ [ [ 513230.371899414050858, 5686620.6717529296875 ], [ 513236.612963867199142, 5686621.693041992373765 ], [ 513237.025854492210783, 5686619.169702148064971 ], [ 513230.7847900390625, 5686618.148413086310029 ], [ 513230.371899414050858, 5686620.6717529296875 ] ] ] } },
{ "type": "Feature", "properties": { "id": 1016, "area_px": 6308.0, "aspect_ratio": 2.31, "zone": "ship" }, "geometry": { "type": "Polygon", "coordinates": [ [ [ 513472.7373046875, 5686720.251123046502471 ], [ 513474.103906249976717, 5686726.348242187872529 ], [ 513476.737988281238358, 5686725.757861328311265 ], [ 513475.371386718761642, 5686719.660742187872529 ], [ 513472.7373046875, 5686720.251123046502471 ] ] ] } },
{ "type": "Feature", "properties": { "id": 1017, "area_px": 6305.0, "aspect_ratio": 2.5, "zone": "yard" }, "geometry": { "type": "Polygon", "coordinates": [ [ [ 513330.428002929664217, 5686810.60858154296875 ], [ 513330.960180664085783, 5686813.079357909969985 ], [ 513337.129370117210783, 5686811.750598144717515 ], [ 513336.597192382789217, 5686809.279821777716279 ], [ 513330.428002929664217, 5686810.60858154296875 ] ] ] } },
{ "type": "Feature", "properties": { "id": 1018, "area_px": 6300.0, "aspect_ratio": 2.47, "zone": "yard" }, "geometry": { "type": "Polygon", "coordinates": [ [ [ 513224.724291992199142, 5686609.323999023064971 ], [ 513230.933569335960783, 5686610.262622070498765 ], [ 513231.314282226550858, 5686607.7440185546875 ], [ 513225.105004882789217, 5686606.805395508185029 ], [ 513224.724291992199142, 5686609.323999023064971 ] ] ] } },
{ "type": "Feature", "properties": { "id": 1019, "area_px": 6298.0, "aspect_ratio": 2.38, "zone": "yard" }, "geometry": { "type": "Polygon", "coordinates": [ [ [ 513232.307861328125, 5686850.817407226189971 ], [ 513232.892675781273283, 5686853.3516845703125 ], [ 513238.914306640625, 5686851.962084961123765 ], [ 513238.329492187476717, 5686849.427807617001235 ], [ 513232.307861328125, 5686850.817407226189971 ] ] ] } },
{ "type": "Feature", "properties": { "id": 1020, "area_px": 6296.0, "aspect_ratio": 2.39, "zone": "yard" }, "geometry": { "type": "Polygon", "coordinates": [ [ [ 513331.411230468773283, 5686759.932031249627471 ], [ 513331.996923828148283, 5686762.469970703125 ], [ 513338.069677734398283, 5686761.068554687313735 ], [ 513337.483984375023283, 5686758.530615234747529 ], [ 513331.411230468773283, 5686759.932031249627471 ] ] ] } },
{ "type": "Feature", "properties": { "id": 1021, "area_px": 6292.0, "aspect_ratio": 2.5, "zone": "yard" }, "geometry": { "type": "Polygon", "coordinates": [ [ [ 513339.782080078148283, 5686991.190522002987564 ], [ 513340.330664062523283, 5686993.689614105038345 ], [ 513346.31643643399002, 5686992.383719718083739 ], [ 513345.76785244961502, 5686989.884627616032958 ], [ 513339.782080078148283, 5686991.190522002987564 ] ] ] } },
{ "type": "Feature", "properties": { "id": 1022, "area_px": 6292.0, "aspect_ratio": 5.56, "zone": "yard" }, "geometry": { "type": "Polygon", "coordinates": [ [ [ 513172.360754394554533, 5686538.686962890438735 ], [ 513184.641955566417892, 5686539.671533202752471 ], [ 513184.818957519542892, 5686537.463525390252471 ], [ 513172.537756347679533, 5686536.478955077938735 ], [ 513172.360754394554533, 5686538.686962890438735 ] ] ] } },
{ "type": "Feature", "properties": { "id": 1024, "area_px": 6287.0, "aspect_ratio": 2.48, "zone": "yard" }, "geometry": { "type": "Polygon", "coordinates": [ [ [ 513217.965087890625, 5686605.620458984747529 ], [ 513224.19775390625, 5686606.564794922247529 ], [ 513224.578808593738358, 5686604.0498046875 ], [ 513218.346142578113358, 5686603.10546875 ], [ 513217.965087890625, 5686605.620458984747529 ] ] ] } },
{ "type": "Feature", "properties": { "id": 1025, "area_px": 6287.0, "aspect_ratio": 2.51, "zone": "yard" }, "geometry": { "type": "Polygon", "coordinates": [ [ [ 513232.860253906226717, 5686605.411694335751235 ], [ 513239.122119140636642, 5686606.362866210751235 ], [ 513239.50146484375, 5686603.865405273623765 ], [ 513233.239599609398283, 5686602.914233398623765 ], [ 513232.860253906226717, 5686605.411694335751235 ] ] ] } },
{ "type": "Feature", "properties": { "id": 1026, "area_px": 6283.0, "aspect_ratio": 2.43, "zone": "yard" }, "geometry": { "type": "Polygon", "coordinates": [ [ [ 513351.950781250023283, 5686988.513458251953125 ], [ 513352.522509765636642, 5686991.028979492373765 ], [ 513358.631933593773283, 5686989.640472412109375 ], [ 513358.060205078101717, 5686987.124951171688735 ], [ 513351.950781250023283, 5686988.513458251953125 ] ] ] } },
{ "type": "Feature", "properties": { "id": 1027, "area_px": 6281.0, "aspect_ratio": 2.4, "zone": "yard" }, "geometry": { "type": "Polygon", "coordinates": [ [ [ 513375.763525390648283, 5686978.73588409461081 ], [ 513376.32470703125, 5686981.261177062988281 ], [ 513382.375878906226717, 5686979.916471863165498 ], [ 513381.814697265625, 5686977.391178893856704 ], [ 513375.763525390648283, 5686978.73588409461081 ] ] ] } },
{ "type": "Feature", "properties": { "id": 1028, "area_px": 6280.0, "aspect_ratio": 2.24, "zone": "yard" }, "geometry": { "type": "Polygon", "coordinates": [ [ [ 513216.6756591796875, 5686925.8033447265625 ], [ 513217.193774414074142, 5686928.467883300967515 ], [ 513223.165209960949142, 5686927.3067626953125 ], [ 513222.6470947265625, 5686924.642224120907485 ], [ 513216.6756591796875, 5686925.8033447265625 ] ] ] } },
{ "type": "Feature", "properties": { "id": 1029, "area_px": 6280.0, "aspect_ratio": 2.43, "zone": "yard" }, "geometry": { "type": "Polygon", "coordinates": [ [ [ 513287.137622070324142, 5686820.183117675594985 ], [ 513287.684106445289217, 5686822.696936035528779 ], [ 513293.797387695289217, 5686821.367956543341279 ], [ 513293.250903320324142, 5686818.854138183407485 ], [ 513287.137622070324142, 5686820.183117675594985 ] ] ] } },
{ "type": "Feature", "properties": { "id": 1031, "area_px": 6278.0, "aspect_ratio": 2.38, "zone": "yard" }, "geometry": { "type": "Polygon", "coordinates": [ [ [ 513370.677636718726717, 5686984.299411010928452 ], [ 513371.239990234375, 5686986.82999877911061 ], [ 513377.259423828101717, 5686985.49235229473561 ], [ 513376.697070312511642, 5686982.961764526553452 ], [ 513370.677636718726717, 5686984.299411010928452 ] ] ] } },
{ "type": "Feature", "properties": { "id": 1032, "area_px": 6278.0, "aspect_ratio": 2.49, "zone": "yard" }, "geometry": { "type": "Polygon", "coordinates": [ [ [ 513187.879174804664217, 5686605.829882812686265 ], [ 513194.140161132789217, 5686606.799902344122529 ], [ 513194.529370117175858, 5686604.287646484561265 ], [ 513188.268383789050858, 5686603.317626953125 ], [ 513187.879174804664217, 5686605.829882812686265 ] ] ] } },
{ "type": "Feature", "properties": { "id": 1033, "area_px": 6277.0, "aspect_ratio": 2.18, "zone": "yard" }, "geometry": { "type": "Polygon", "coordinates": [ [ [ 513262.929150390613358, 5686962.253775024786592 ], [ 513264.267529296863358, 5686968.164901733398438 ], [ 513266.979443359363358, 5686967.550881957635283 ], [ 513265.641064453113358, 5686961.639755249023438 ], [ 513262.929150390613358, 5686962.253775024786592 ] ] ] } },
{ "type": "Feature", "properties": { "id": 1034, "area_px": 6276.0, "aspect_ratio": 2.45, "zone": "yard" }, "geometry": { "type": "Polygon", "coordinates": [ [ [ 513312.644506835960783, 5686788.508813476189971 ], [ 513313.2174072265625, 5686790.9986572265625 ], [ 513319.316625976585783, 5686789.595288085751235 ], [ 513318.743725585925858, 5686787.105444336310029 ], [ 513312.644506835960783, 5686788.508813476189971 ] ] ] } },
{ "type": "Feature", "properties": { "id": 1035, "area_px": 6271.0, "aspect_ratio": 2.51, "zone": "yard" }, "geometry": { "type": "Polygon", "coordinates": [ [ [ 513215.7662353515625, 5686618.379443359561265 ], [ 513222.048168945300858, 5686619.287695312872529 ], [ 513222.410327148449142, 5686616.782812500372529 ], [ 513216.128393554710783, 5686615.874560547061265 ], [ 513215.7662353515625, 5686618.379443359561265 ] ] ] } },
{ "type": "Feature", "properties": { "id": 1036, "area_px": 6268.0, "aspect_ratio": 2.21, "zone": "yard" }, "geometry": { "type": "Polygon", "coordinates": [ [ [ 513109.865380859351717, 5686775.676904296502471 ], [ 513110.415380859398283, 5686778.426904296502471 ], [ 513116.501928710960783, 5686777.209619140252471 ], [ 513115.951928710914217, 5686774.459619140252471 ], [ 513109.865380859351717, 5686775.676904296502471 ] ] ] } },
{ "type": "Feature", "properties": { "id": 1037, "area_px": 6268.0, "aspect_ratio": 2.37, "zone": "yard" }, "geometry": { "type": "Polygon", "coordinates": [ [ [ 513337.733251953148283, 5686758.496679687872529 ], [ 513338.295019531273283, 5686761.050097656436265 ], [ 513344.349023437476717, 5686759.718212890438735 ], [ 513343.787255859351717, 5686757.164794921875 ], [ 513337.733251953148283, 5686758.496679687872529 ] ] ] } },
{ "type": "Feature", "properties": { "id": 1038, "area_px": 6267.0, "aspect_ratio": 2.42, "zone": "yard" }, "geometry": { "type": "Polygon", "coordinates": [ [ [ 513327.314672851585783, 5686994.026648712344468 ], [ 513327.8900146484375, 5686996.543716048821807 ], [ 513333.991235351539217, 5686995.149147033691406 ], [ 513333.4158935546875, 5686992.632080078125 ], [ 513327.314672851585783, 5686994.026648712344468 ] ] ] } },
{ "type": "Feature", "properties": { "id": 1039, "area_px": 6267.0, "aspect_ratio": 2.44, "zone": "yard" }, "geometry": { "type": "Polygon", "coordinates": [ [ [ 513403.687792968761642, 5686593.481005859561265 ], [ 513404.237402343773283, 5686596.022998047061265 ], [ 513410.432910156261642, 5686594.683447265997529 ], [ 513409.88330078125, 5686592.141455078497529 ], [ 513403.687792968761642, 5686593.481005859561265 ] ] ] } },
{ "type": "Feature", "properties": { "id": 1041, "area_px": 6264.0, "aspect_ratio": 2.45, "zone": "yard" }, "geometry": { "type": "Polygon", "coordinates": [ [ [ 513311.80029296875, 5686814.711291504092515 ], [ 513312.364160156226717, 5686817.192224120721221 ], [ 513318.441162109375, 5686815.81109619140625 ], [ 513317.877294921898283, 5686813.330163573846221 ], [ 513311.80029296875, 5686814.711291504092515 ] ] ] } },
{ "type": "Feature", "properties": { "id": 1042, "area_px": 6263.0, "aspect_ratio": 2.31, "zone": "ship" }, "geometry": { "type": "Polygon", "coordinates": [ [ [ 513489.077197265636642, 5686801.970422362908721 ], [ 513490.421044921851717, 5686808.12994384765625 ], [ 513493.082568359386642, 5686807.54925537109375 ], [ 513491.738720703113358, 5686801.389733886346221 ], [ 513489.077197265636642, 5686801.970422362908721 ] ] ] } },
{ "type": "Feature", "properties": { "id": 1043, "area_px": 6262.0, "aspect_ratio": 2.49, "zone": "yard" }, "geometry": { "type": "Polygon", "coordinates": [ [ [ 513180.58868408203125, 5686604.7310791015625 ], [ 513186.86651611328125, 5686605.717602538876235 ], [ 513187.262951660144608, 5686603.194897460751235 ], [ 513180.985119628894608, 5686602.2083740234375 ], [ 513180.58868408203125, 5686604.7310791015625 ] ] ] } },
{ "type": "Feature", "properties": { "id": 1044, "area_px": 6262.0, "aspect_ratio": 2.46, "zone": "yard" }, "geometry": { "type": "Polygon", "coordinates": [ [ [ 513223.870410156261642, 5686673.550732421688735 ], [ 513224.430371093738358, 5686676.026464844122529 ], [ 513230.53076171875, 5686674.646630859002471 ], [ 513229.970800781273283, 5686672.1708984375 ], [ 513223.870410156261642, 5686673.550732421688735 ] ] ] } },
{ "type": "Feature", "properties": { "id": 1046, "area_px": 6259.0, "aspect_ratio": 2.19, "zone": "yard" }, "geometry": { "type": "Polygon", "coordinates": [ [ [ 513264.244824218738358, 5686968.2698974609375 ], [ 513265.621875000011642, 5686974.163580322638154 ], [ 513268.316357421863358, 5686973.534027099609375 ], [ 513266.939306640648283, 5686967.640344237908721 ], [ 513264.244824218738358, 5686968.2698974609375 ] ] ] } },
{ "type": "Feature", "properties": { "id": 1047, "area_px": 6257.0, "aspect_ratio": 2.43, "zone": "yard" }, "geometry": { "type": "Polygon", "coordinates": [ [ [ 513318.969482421875, 5686787.068749999627471 ], [ 513319.548486328101717, 5686789.558496093377471 ], [ 513325.589208984398283, 5686788.153662109747529 ], [ 513325.010205078113358, 5686785.663916015997529 ], [ 513318.969482421875, 5686787.068749999627471 ] ] ] } },
{ "type": "Feature", "properties": { "id": 1048, "area_px": 6257.0, "aspect_ratio": 2.4, "zone": "yard" }, "geometry": { "type": "Polygon", "coordinates": [ [ [ 513133.670129394507967, 5686676.216625976376235 ], [ 513134.196740722632967, 5686678.744409179314971 ], [ 513140.274621582007967, 5686677.478198242373765 ], [ 513139.748010253882967, 5686674.950415039435029 ], [ 513133.670129394507967, 5686676.216625976376235 ] ] ] } },
{ "type": "Feature", "properties": { "id": 1049, "area_px": 6256.0, "aspect_ratio": 2.45, "zone": "yard" }, "geometry": { "type": "Polygon", "coordinates": [ [ [ 513231.22265625, 5686615.548608398064971 ], [ 513237.388916015625, 5686616.555346679873765 ], [ 513237.80029296875, 5686614.0357666015625 ], [ 513231.634033203125, 5686613.029028320685029 ], [ 513231.22265625, 5686615.548608398064971 ] ] ] } },
{ "type": "Feature", "properties": { "id": 1050, "area_px": 6253.0, "aspect_ratio": 2.45, "zone": "yard" }, "geometry": { "type": "Polygon", "coordinates": [ [ [ 513174.87872314453125, 5686593.515112305060029 ], [ 513181.116735839867033, 5686594.422436523251235 ], [ 513181.487072753894608, 5686591.876293945126235 ], [ 513175.249060058617033, 5686590.968969726935029 ], [ 513174.87872314453125, 5686593.515112305060029 ] ] ] } },
{ "type": "Feature", "properties": { "id": 1051, "area_px": 6251.0, "aspect_ratio": 2.5, "zone": "yard" }, "geometry": { "type": "Polygon", "coordinates": [ [ [ 513173.920666503894608, 5686598.583203124813735 ], [ 513180.178918457007967, 5686599.464648437686265 ], [ 513180.530993652355392, 5686596.964941406622529 ], [ 513174.272741699242033, 5686596.08349609375 ], [ 513173.920666503894608, 5686598.583203124813735 ] ] ] } },
{ "type": "Feature", "properties": { "id": 1053, "area_px": 6248.0, "aspect_ratio": 2.41, "zone": "yard" }, "geometry": { "type": "Polygon", "coordinates": [ [ [ 513230.061743164085783, 5686672.137670898810029 ], [ 513230.6265869140625, 5686674.639135742560029 ], [ 513236.654711914074142, 5686673.2779541015625 ], [ 513236.089868164039217, 5686670.7764892578125 ], [ 513230.061743164085783, 5686672.137670898810029 ] ] ] } },
{ "type": "Feature", "properties": { "id": 1054, "area_px": 6247.0, "aspect_ratio": 2.46, "zone": "yard" }, "geometry": { "type": "Polygon", "coordinates": [ [ [ 513193.516210937523283, 5686617.194482421502471 ], [ 513199.735131835914217, 5686618.209814453497529 ], [ 513200.148266601550858, 5686615.679296875372529 ], [ 513193.929345703101717, 5686614.663964843377471 ], [ 513193.516210937523283, 5686617.194482421502471 ] ] ] } },
{ "type": "Feature", "properties": { "id": 1055, "area_px": 6243.0, "aspect_ratio": 2.5, "zone": "yard" }, "geometry": { "type": "Polygon", "coordinates": [ [ [ 513193.037402343761642, 5686619.676220702938735 ], [ 513199.265722656273283, 5686620.742333984002471 ], [ 513199.692333984363358, 5686618.250048828311265 ], [ 513193.464013671851717, 5686617.183935547247529 ], [ 513193.037402343761642, 5686619.676220702938735 ] ] ] } },
{ "type": "Feature", "properties": { "id": 1056, "area_px": 6243.0, "aspect_ratio": 2.62, "zone": "yard" }, "geometry": { "type": "Polygon", "coordinates": [ [ [ 513186.035286079859361, 5686533.459251595661044 ], [ 513198.487561035144608, 5686535.773193359375 ], [ 513198.967321777367033, 5686533.289697265252471 ], [ 513186.515046822023578, 5686530.975755501538515 ], [ 513186.035286079859361, 5686533.459251595661044 ] ] ] } },
{ "type": "Feature", "properties": { "id": 1057, "area_px": 6242.0, "aspect_ratio": 2.45, "zone": "yard" }, "geometry": { "type": "Polygon", "coordinates": [ [ [ 513326.309423828148283, 5686765.442358398810029 ], [ 513326.862353515636642, 5686767.930590820498765 ], [ 513332.955859375011642, 5686766.576489257626235 ], [ 513332.402929687523283, 5686764.0882568359375 ], [ 513326.309423828148283, 5686765.442358398810029 ] ] ] } },
{ "type": "Feature", "properties": { "id": 1058, "area_px": 6242.0, "aspect_ratio": 2.47, "zone": "yard" }, "geometry": { "type": "Polygon", "coordinates": [ [ [ 513232.117114257824142, 5686610.5025634765625 ], [ 513238.329809570335783, 5686611.4344482421875 ], [ 513238.706469726574142, 5686608.9234619140625 ], [ 513232.4937744140625, 5686607.9915771484375 ], [ 513232.117114257824142, 5686610.5025634765625 ] ] ] } },
{ "type": "Feature", "properties": { "id": 1059, "area_px": 6240.0, "aspect_ratio": 2.51, "zone": "yard" }, "geometry": { "type": "Polygon", "coordinates": [ [ [ 513182.440527343773283, 5686594.6044921875 ], [ 513188.6690673828125, 5686595.520458984188735 ], [ 513189.034423828125, 5686593.035937500186265 ], [ 513182.805883789085783, 5686592.119970703497529 ], [ 513182.440527343773283, 5686594.6044921875 ] ] ] } },
{ "type": "Feature", "properties": { "id": 1060, "area_px": 6238.0, "aspect_ratio": 2.55, "zone": "yard" }, "geometry": { "type": "Polygon", "coordinates": [ [ [ 513181.202465820300858, 5686742.4608154296875 ], [ 513181.756982421851717, 5686744.900708007626235 ], [ 513187.978784179664217, 5686743.486645507626235 ], [ 513187.424267578113358, 5686741.0467529296875 ], [ 513181.202465820300858, 5686742.4608154296875 ] ] ] } },
{ "type": "Feature", "properties": { "id": 1061, "area_px": 6238.0, "aspect_ratio": 2.48, "zone": "yard" }, "geometry": { "type": "Polygon", "coordinates": [ [ [ 513223.451074218726717, 5686616.926440429873765 ], [ 513229.662451171898283, 5686617.873950195498765 ], [ 513230.044335937476717, 5686615.370336914435029 ], [ 513223.832958984363358, 5686614.422827148810029 ], [ 513223.451074218726717, 5686616.926440429873765 ] ] ] } },
{ "type": "Feature", "properties": { "id": 1062, "area_px": 6236.0, "aspect_ratio": 2.42, "zone": "yard" }, "geometry": { "type": "Polygon", "coordinates": [ [ [ 513192.807885742164217, 5686680.512939453125 ], [ 513193.380834960960783, 5686683.009326172061265 ], [ 513199.420092773449142, 5686681.623242187313735 ], [ 513198.847143554710783, 5686679.126855468377471 ], [ 513192.807885742164217, 5686680.512939453125 ] ] ] } },
{ "type": "Feature", "properties": { "id": 1063, "area_px": 6234.0, "aspect_ratio": 2.41, "zone": "yard" }, "geometry": { "type": "Polygon", "coordinates": [ [ [ 513355.148754882800858, 5686774.537890625186265 ], [ 513355.696801757789217, 5686777.039746093563735 ], [ 513361.738354492175858, 5686775.716357422061265 ], [ 513361.1903076171875, 5686773.214501952752471 ], [ 513355.148754882800858, 5686774.537890625186265 ] ] ] } },
{ "type": "Feature", "properties": { "id": 1064, "area_px": 6228.0, "aspect_ratio": 2.38, "zone": "yard" }, "geometry": { "type": "Polygon", "coordinates": [ [ [ 513333.615527343761642, 5686992.554553985595703 ], [ 513334.189062500023283, 5686995.094405746087432 ], [ 513340.231005859386642, 5686993.730098724365234 ], [ 513339.657470703125, 5686991.19024658203125 ], [ 513333.615527343761642, 5686992.554553985595703 ] ] ] } },
{ "type": "Feature", "properties": { "id": 1065, "area_px": 6222.0, "aspect_ratio": 2.41, "zone": "yard" }, "geometry": { "type": "Polygon", "coordinates": [ [ [ 513305.443603515625, 5686645.660327148623765 ], [ 513305.966401589044835, 5686648.030825639143586 ], [ 513312.005561745318118, 5686646.609829545021057 ], [ 513311.482763671898283, 5686644.239331054501235 ], [ 513305.443603515625, 5686645.660327148623765 ] ] ] } },
{ "type": "Feature", "properties": { "id": 1068, "area_px": 6217.0, "aspect_ratio": 2.44, "zone": "yard" }, "geometry": { "type": "Polygon", "coordinates": [ [ [ 513170.704028320324142, 5686668.090576171875 ], [ 513171.248266601585783, 5686670.569873047061265 ], [ 513177.309838867164217, 5686669.239306640811265 ], [ 513176.765600585960783, 5686666.760009765625 ], [ 513170.704028320324142, 5686668.090576171875 ] ] ] } },
{ "type": "Feature", "properties": { "id": 1071, "area_px": 6210.0, "aspect_ratio": 2.43, "zone": "yard" }, "geometry": { "type": "Polygon", "coordinates": [ [ [ 513369.6043701171875, 5686810.600427245721221 ], [ 513370.171313476574142, 5686813.080847168341279 ], [ 513376.188403320324142, 5686811.70550537109375 ], [ 513375.6214599609375, 5686809.225085449405015 ], [ 513369.6043701171875, 5686810.600427245721221 ] ] ] } },
{ "type": "Feature", "properties": { "id": 1072, "area_px": 6210.0, "aspect_ratio": 2.51, "zone": "yard" }, "geometry": { "type": "Polygon", "coordinates": [ [ [ 513193.656945800757967, 5686575.442041015252471 ], [ 513206.278169620316476, 5686577.497974965721369 ], [ 513206.675777042168193, 5686574.998756215907633 ], [ 513194.054553222667892, 5686572.942822265438735 ], [ 513193.656945800757967, 5686575.442041015252471 ] ] ] } },
{ "type": "Feature", "properties": { "id": 1074, "area_px": 6205.0, "aspect_ratio": 2.46, "zone": "yard" }, "geometry": { "type": "Polygon", "coordinates": [ [ [ 513230.599999999976717, 5686731.350024414248765 ], [ 513231.148242187511642, 5686733.817065429873765 ], [ 513237.210009765636642, 5686732.469995116814971 ], [ 513236.661767578101717, 5686730.002954101189971 ], [ 513230.599999999976717, 5686731.350024414248765 ] ] ] } },
{ "type": "Feature", "properties": { "id": 1075, "area_px": 6202.0, "aspect_ratio": 2.39, "zone": "yard" }, "geometry": { "type": "Polygon", "coordinates": [ [ [ 513382.126049804675858, 5686977.322485351935029 ], [ 513382.710961914039217, 5686979.82470703125 ], [ 513388.701147460960783, 5686978.424401855096221 ], [ 513388.116235351539217, 5686975.92218017578125 ], [ 513382.126049804675858, 5686977.322485351935029 ] ] ] } },
{ "type": "Feature", "properties": { "id": 1076, "area_px": 6202.0, "aspect_ratio": 2.44, "zone": "yard" }, "geometry": { "type": "Polygon", "coordinates": [ [ [ 513338.497509765613358, 5686817.431054687127471 ], [ 513339.043847656226717, 5686819.910668944939971 ], [ 513345.099853515625, 5686818.5762939453125 ], [ 513344.553515625011642, 5686816.0966796875 ], [ 513338.497509765613358, 5686817.431054687127471 ] ] ] } },
{ "type": "Feature", "properties": { "id": 1077, "area_px": 6200.0, "aspect_ratio": 2.47, "zone": "yard" }, "geometry": { "type": "Polygon", "coordinates": [ [ [ 513170.4046630859375, 5686890.627233887091279 ], [ 513171.248291015625, 5686893.02313232421875 ], [ 513177.158471679664217, 5686890.94207763671875 ], [ 513176.314843749976717, 5686888.546179199591279 ], [ 513170.4046630859375, 5686890.627233887091279 ] ] ] } },
{ "type": "Feature", "properties": { "id": 1079, "area_px": 6200.0, "aspect_ratio": 2.41, "zone": "yard" }, "geometry": { "type": "Polygon", "coordinates": [ [ [ 513361.554370117199142, 5686773.20703125 ], [ 513362.094702148460783, 5686775.709667968563735 ], [ 513368.133618164050858, 5686774.405810547061265 ], [ 513367.593286132789217, 5686771.903173828497529 ], [ 513361.554370117199142, 5686773.20703125 ] ] ] } },
{ "type": "Feature", "properties": { "id": 1080, "area_px": 6199.0, "aspect_ratio": 2.39, "zone": "yard" }, "geometry": { "type": "Polygon", "coordinates": [ [ [ 513338.6890869140625, 5686762.6737060546875 ], [ 513339.2550048828125, 5686765.188891601748765 ], [ 513345.277612304664217, 5686763.833813476376235 ], [ 513344.711694335914217, 5686761.318627929314971 ], [ 513338.6890869140625, 5686762.6737060546875 ] ] ] } },
{ "type": "Feature", "properties": { "id": 1081, "area_px": 6198.0, "aspect_ratio": 2.5, "zone": "yard" }, "geometry": { "type": "Polygon", "coordinates": [ [ [ 513225.647412109363358, 5686604.261450195685029 ], [ 513231.878320312476717, 5686605.167749023064971 ], [ 513232.241552734398283, 5686602.670581054873765 ], [ 513226.010644531226717, 5686601.7642822265625 ], [ 513225.647412109363358, 5686604.261450195685029 ] ] ] } },
{ "type": "Feature", "properties": { "id": 1082, "area_px": 6195.0, "aspect_ratio": 2.46, "zone": "yard" }, "geometry": { "type": "Polygon", "coordinates": [ [ [ 513356.9791259765625, 5686813.354565429501235 ], [ 513357.518627929675858, 5686815.8209228515625 ], [ 513363.575659179710783, 5686814.495947265997529 ], [ 513363.036157226539217, 5686812.029589843936265 ], [ 513356.9791259765625, 5686813.354565429501235 ] ] ] } },
{ "type": "Feature", "properties": { "id": 1083, "area_px": 6193.0, "aspect_ratio": 3.25, "zone": "ship" }, "geometry": { "type": "Polygon", "coordinates": [ [ [ 513454.311572265636642, 5686770.207690429873765 ], [ 513455.736572265625, 5686777.332690429873765 ], [ 513457.928857421851717, 5686776.894213867373765 ], [ 513456.503857421863358, 5686769.769213867373765 ], [ 513454.311572265636642, 5686770.207690429873765 ] ] ] } },
{ "type": "Feature", "properties": { "id": 1084, "area_px": 6193.0, "aspect_ratio": 2.46, "zone": "yard" }, "geometry": { "type": "Polygon", "coordinates": [ [ [ 513186.633288574230392, 5686681.869384765625 ], [ 513187.174645996070467, 5686684.3408203125 ], [ 513193.24664306640625, 5686683.0107421875 ], [ 513192.705285644507967, 5686680.539306640625 ], [ 513186.633288574230392, 5686681.869384765625 ] ] ] } },
{ "type": "Feature", "properties": { "id": 1085, "area_px": 6188.0, "aspect_ratio": 2.41, "zone": "yard" }, "geometry": { "type": "Polygon", "coordinates": [ [ [ 513164.467004394507967, 5686669.4720458984375 ], [ 513165.029992675757967, 5686671.983813476748765 ], [ 513171.091027832007967, 5686670.625317382626235 ], [ 513170.528039550757967, 5686668.113549804314971 ], [ 513164.467004394507967, 5686669.4720458984375 ] ] ] } },
{ "type": "Feature", "properties": { "id": 1086, "area_px": 6186.0, "aspect_ratio": 2.42, "zone": "yard" }, "geometry": { "type": "Polygon", "coordinates": [ [ [ 513318.114477539085783, 5686642.824804687872529 ], [ 513318.6617431640625, 5686645.312402343377471 ], [ 513324.6756591796875, 5686643.989355469122529 ], [ 513324.128393554710783, 5686641.501757812686265 ], [ 513318.114477539085783, 5686642.824804687872529 ] ] ] } },
{ "type": "Feature", "properties": { "id": 1087, "area_px": 6184.0, "aspect_ratio": 2.4, "zone": "yard" }, "geometry": { "type": "Polygon", "coordinates": [ [ [ 513330.245800781238358, 5686780.1817626953125 ], [ 513330.820507812488358, 5686782.672192382626235 ], [ 513336.805615234363358, 5686781.290991211310029 ], [ 513336.230908203113358, 5686778.800561523064971 ], [ 513330.245800781238358, 5686780.1817626953125 ] ] ] } },
{ "type": "Feature", "properties": { "id": 1088, "area_px": 6183.0, "aspect_ratio": 2.4, "zone": "yard" }, "geometry": { "type": "Polygon", "coordinates": [ [ [ 513330.691552734351717, 5686640.142846679314971 ], [ 513331.260302734386642, 5686642.6453857421875 ], [ 513337.270312500011642, 5686641.279467773623765 ], [ 513336.701562499976717, 5686638.776928710751235 ], [ 513330.691552734351717, 5686640.142846679314971 ] ] ] } },
{ "type": "Feature", "properties": { "id": 1089, "area_px": 6182.0, "aspect_ratio": 2.42, "zone": "yard" }, "geometry": { "type": "Polygon", "coordinates": [ [ [ 513317.973925781261642, 5686782.935961914248765 ], [ 513318.545214843761642, 5686785.435375976376235 ], [ 513324.596240234386642, 5686784.052270507439971 ], [ 513324.024951171886642, 5686781.5528564453125 ], [ 513317.973925781261642, 5686782.935961914248765 ] ] ] } },
{ "type": "Feature", "properties": { "id": 1092, "area_px": 6177.0, "aspect_ratio": 2.51, "zone": "yard" }, "geometry": { "type": "Polygon", "coordinates": [ [ [ 513201.746240234351717, 5686613.326440429314971 ], [ 513207.978344726550858, 5686614.3529052734375 ], [ 513208.387060546898283, 5686611.871411132626235 ], [ 513202.154956054699142, 5686610.844946289435029 ], [ 513201.746240234351717, 5686613.326440429314971 ] ] ] } },
{ "type": "Feature", "properties": { "id": 1093, "area_px": 6176.0, "aspect_ratio": 2.45, "zone": "yard" }, "geometry": { "type": "Polygon", "coordinates": [ [ [ 513164.123645019542892, 5686612.616870117373765 ], [ 513170.339733886707108, 5686613.598364258185029 ], [ 513170.740686035132967, 5686611.059057617560029 ], [ 513164.52459716796875, 5686610.077563476748765 ], [ 513164.123645019542892, 5686612.616870117373765 ] ] ] } },
{ "type": "Feature", "properties": { "id": 1094, "area_px": 6173.0, "aspect_ratio": 2.45, "zone": "yard" }, "geometry": { "type": "Polygon", "coordinates": [ [ [ 513326.657031250011642, 5686793.922167968936265 ], [ 513327.218847656273283, 5686796.3892822265625 ], [ 513333.264257812523283, 5686795.012597655877471 ], [ 513332.702441406261642, 5686792.545483398251235 ], [ 513326.657031250011642, 5686793.922167968936265 ] ] ] } },
{ "type": "Feature", "properties": { "id": 1095, "area_px": 6173.0, "aspect_ratio": 2.47, "zone": "yard" }, "geometry": { "type": "Polygon", "coordinates": [ [ [ 513217.4959716796875, 5686608.176904296502471 ], [ 513223.6744384765625, 5686609.103662109002471 ], [ 513224.049243164074142, 5686606.604882812127471 ], [ 513217.870776367199142, 5686605.678124999627471 ], [ 513217.4959716796875, 5686608.176904296502471 ] ] ] } },
{ "type": "Feature", "properties": { "id": 1096, "area_px": 6171.0, "aspect_ratio": 2.49, "zone": "yard" }, "geometry": { "type": "Polygon", "coordinates": [ [ [ 513171.185937499976717, 5686895.231188965030015 ], [ 513172.042089843773283, 5686897.59417724609375 ], [ 513177.934497070324142, 5686895.459240722469985 ], [ 513177.078344726585783, 5686893.09625244140625 ], [ 513171.185937499976717, 5686895.231188965030015 ] ] ] } },
{ "type": "Feature", "properties": { "id": 1097, "area_px": 6169.0, "aspect_ratio": 2.38, "zone": "yard" }, "geometry": { "type": "Polygon", "coordinates": [ [ [ 513269.494921875011642, 5686842.4931640625 ], [ 513270.074902343738358, 5686845.0147705078125 ], [ 513276.069287109363358, 5686843.636059570126235 ], [ 513275.489306640636642, 5686841.114453124813735 ], [ 513269.494921875011642, 5686842.4931640625 ] ] ] } },
{ "type": "Feature", "properties": { "id": 1098, "area_px": 6169.0, "aspect_ratio": 2.46, "zone": "yard" }, "geometry": { "type": "Polygon", "coordinates": [ [ [ 513314.393286132835783, 5686796.747424316592515 ], [ 513314.946362304675858, 5686799.211022948846221 ], [ 513321.005297851574142, 5686797.850842284969985 ], [ 513320.452221679675858, 5686795.387243652716279 ], [ 513314.393286132835783, 5686796.747424316592515 ] ] ] } },
{ "type": "Feature", "properties": { "id": 1099, "area_px": 6168.0, "aspect_ratio": 2.45, "zone": "yard" }, "geometry": { "type": "Polygon", "coordinates": [ [ [ 513324.07763671875, 5686781.5494384765625 ], [ 513324.625878906226717, 5686784.0164794921875 ], [ 513330.677050781261642, 5686782.6717529296875 ], [ 513330.128808593726717, 5686780.2047119140625 ], [ 513324.07763671875, 5686781.5494384765625 ] ] ] } },
{ "type": "Feature", "properties": { "id": 1100, "area_px": 6164.0, "aspect_ratio": 2.37, "zone": "yard" }, "geometry": { "type": "Polygon", "coordinates": [ [ [ 513347.043188476585783, 5686853.106591796502471 ], [ 513347.628491210925858, 5686855.615014648064971 ], [ 513353.584252929664217, 5686854.225341796875 ], [ 513352.998950195324142, 5686851.7169189453125 ], [ 513347.043188476585783, 5686853.106591796502471 ] ] ] } },
{ "type": "Feature", "properties": { "id": 1101, "area_px": 6163.0, "aspect_ratio": 2.49, "zone": "yard" }, "geometry": { "type": "Polygon", "coordinates": [ [ [ 513311.691235351550858, 5686784.249731445685029 ], [ 513312.224194335925858, 5686786.701245117001235 ], [ 513318.320874023425858, 5686785.375903320498765 ], [ 513317.787915039050858, 5686782.924389648251235 ], [ 513311.691235351550858, 5686784.249731445685029 ] ] ] } },
{ "type": "Feature", "properties": { "id": 1102, "area_px": 6162.0, "aspect_ratio": 2.44, "zone": "yard" }, "geometry": { "type": "Polygon", "coordinates": [ [ [ 513325.061279296875, 5686785.688403320498765 ], [ 513325.626513671886642, 5686788.151293945498765 ], [ 513331.644775390625, 5686786.770043944939971 ], [ 513331.079541015613358, 5686784.307153319939971 ], [ 513325.061279296875, 5686785.688403320498765 ] ] ] } },
{ "type": "Feature", "properties": { "id": 1103, "area_px": 6160.0, "aspect_ratio": 2.44, "zone": "yard" }, "geometry": { "type": "Polygon", "coordinates": [ [ [ 513306.796606445335783, 5686680.111279296688735 ], [ 513307.320727539074142, 5686682.5888671875 ], [ 513313.368383789085783, 5686681.3095703125 ], [ 513312.844262695289217, 5686678.831982421688735 ], [ 513306.796606445335783, 5686680.111279296688735 ] ] ] } },
{ "type": "Feature", "properties": { "id": 1104, "area_px": 6159.0, "aspect_ratio": 2.45, "zone": "yard" }, "geometry": { "type": "Polygon", "coordinates": [ [ [ 513346.577050781226717, 5686739.321752930060029 ], [ 513347.12646484375, 5686741.794116211123765 ], [ 513353.17236328125, 5686740.450610351748765 ], [ 513352.622949218726717, 5686737.978247070685029 ], [ 513346.577050781226717, 5686739.321752930060029 ] ] ] } },
{ "type": "Feature", "properties": { "id": 1105, "area_px": 6154.0, "aspect_ratio": 2.39, "zone": "yard" }, "geometry": { "type": "Polygon", "coordinates": [ [ [ 513369.151147460914217, 5686865.867382812313735 ], [ 513369.743920898414217, 5686868.38671875 ], [ 513375.7552490234375, 5686866.9722900390625 ], [ 513375.1624755859375, 5686864.452954101376235 ], [ 513369.151147460914217, 5686865.867382812313735 ] ] ] } },
{ "type": "Feature", "properties": { "id": 1106, "area_px": 6151.0, "aspect_ratio": 2.43, "zone": "yard" }, "geometry": { "type": "Polygon", "coordinates": [ [ [ 513224.470019531261642, 5686732.689990234561265 ], [ 513225.021777343761642, 5686735.172949219122529 ], [ 513231.0517578125, 5686733.832958984188735 ], [ 513230.5, 5686731.349999999627471 ], [ 513224.470019531261642, 5686732.689990234561265 ] ] ] } },
{ "type": "Feature", "properties": { "id": 1108, "area_px": 6150.0, "aspect_ratio": 2.43, "zone": "yard" }, "geometry": { "type": "Polygon", "coordinates": [ [ [ 513324.260009765625, 5686811.969995116814971 ], [ 513324.810595703136642, 5686814.4476318359375 ], [ 513330.840576171875, 5686813.107641601935029 ], [ 513330.289990234363358, 5686810.6300048828125 ], [ 513324.260009765625, 5686811.969995116814971 ] ] ] } },
{ "type": "Feature", "properties": { "id": 1110, "area_px": 6148.0, "aspect_ratio": 2.44, "zone": "yard" }, "geometry": { "type": "Polygon", "coordinates": [ [ [ 513203.370263671851717, 5686603.178369140252471 ], [ 513209.532421874988358, 5686604.205419922247529 ], [ 513209.954052734363358, 5686601.675683593377471 ], [ 513203.791894531226717, 5686600.648632812313735 ], [ 513203.370263671851717, 5686603.178369140252471 ] ] ] } },
{ "type": "Feature", "properties": { "id": 1112, "area_px": 6145.0, "aspect_ratio": 2.45, "zone": "yard" }, "geometry": { "type": "Polygon", "coordinates": [ [ [ 513205.305322265601717, 5686677.777172851376235 ], [ 513205.858203125011642, 5686680.246655273251235 ], [ 513211.901562499988358, 5686678.8936767578125 ], [ 513211.348681640636642, 5686676.4241943359375 ], [ 513205.305322265601717, 5686677.777172851376235 ] ] ] } },
{ "type": "Feature", "properties": { "id": 1113, "area_px": 6144.0, "aspect_ratio": 2.65, "zone": "yard" }, "geometry": { "type": "Polygon", "coordinates": [ [ [ 513291.791633076674771, 5686814.949787592515349 ], [ 513292.354572529788129, 5686817.389118647202849 ], [ 513298.35556529375026, 5686816.09574884083122 ], [ 513297.792625840636902, 5686813.65641778614372 ], [ 513291.791633076674771, 5686814.949787592515349 ] ] ] } },
{ "type": "Feature", "properties": { "id": 1114, "area_px": 6141.0, "aspect_ratio": 2.47, "zone": "yard" }, "geometry": { "type": "Polygon", "coordinates": [ [ [ 513233.479394531226717, 5686913.93235473614186 ], [ 513234.026464843773283, 5686916.39412231463939 ], [ 513240.114697265613358, 5686915.04118041973561 ], [ 513239.567626953125, 5686912.579412842169404 ], [ 513233.479394531226717, 5686913.93235473614186 ] ] ] } },
{ "type": "Feature", "properties": { "id": 1115, "area_px": 6140.0, "aspect_ratio": 2.44, "zone": "yard" }, "geometry": { "type": "Polygon", "coordinates": [ [ [ 513202.532690429710783, 5686608.279687499627471 ], [ 513208.679736328136642, 5686609.278564453125 ], [ 513209.089086914085783, 5686606.759472656063735 ], [ 513202.942041015601717, 5686605.760595703497529 ], [ 513202.532690429710783, 5686608.279687499627471 ] ] ] } },
{ "type": "Feature", "properties": { "id": 1116, "area_px": 6138.0, "aspect_ratio": 2.46, "zone": "yard" }, "geometry": { "type": "Polygon", "coordinates": [ [ [ 513212.17333984375, 5686735.572924804873765 ], [ 513212.712451171886642, 5686738.028979492373765 ], [ 513218.744921875011642, 5686736.704760742373765 ], [ 513218.205810546875, 5686734.248706054873765 ], [ 513212.17333984375, 5686735.572924804873765 ] ] ] } },
{ "type": "Feature", "properties": { "id": 1117, "area_px": 6138.0, "aspect_ratio": 2.43, "zone": "yard" }, "geometry": { "type": "Polygon", "coordinates": [ [ [ 513336.400561523449142, 5686778.709570312872529 ], [ 513336.9581298828125, 5686781.178808594122529 ], [ 513342.963208007800858, 5686779.822802734561265 ], [ 513342.4056396484375, 5686777.353564453311265 ], [ 513336.400561523449142, 5686778.709570312872529 ] ] ] } },
{ "type": "Feature", "properties": { "id": 1118, "area_px": 6136.0, "aspect_ratio": 2.35, "zone": "yard" }, "geometry": { "type": "Polygon", "coordinates": [ [ [ 513252.400000000023283, 5686909.65000610332936 ], [ 513252.963525390601717, 5686912.185882568359375 ], [ 513258.935302734375, 5686910.858819579705596 ], [ 513258.371777343738358, 5686908.322943115606904 ], [ 513252.400000000023283, 5686909.65000610332936 ] ] ] } },
{ "type": "Feature", "properties": { "id": 1119, "area_px": 6135.0, "aspect_ratio": 2.47, "zone": "yard" }, "geometry": { "type": "Polygon", "coordinates": [ [ [ 513210.586718750011642, 5686604.215112304314971 ], [ 513216.751806640648283, 5686605.178393554873765 ], [ 513217.141699218773283, 5686602.683081055060029 ], [ 513210.976611328136642, 5686601.719799804501235 ], [ 513210.586718750011642, 5686604.215112304314971 ] ] ] } },
{ "type": "Feature", "properties": { "id": 1120, "area_px": 6134.0, "aspect_ratio": 2.49, "zone": "yard" }, "geometry": { "type": "Polygon", "coordinates": [ [ [ 513202.146887207054533, 5686610.755859375 ], [ 513208.317041015601717, 5686611.806103515438735 ], [ 513208.739062500011642, 5686609.326855468563735 ], [ 513202.568896484386642, 5686608.276611328125 ], [ 513202.146887207054533, 5686610.755859375 ] ] ] } },
{ "type": "Feature", "properties": { "id": 1121, "area_px": 6132.0, "aspect_ratio": 2.44, "zone": "yard" }, "geometry": { "type": "Polygon", "coordinates": [ [ [ 513211.440673828125, 5686676.395361328497529 ], [ 513212.014208984386642, 5686678.856884765438735 ], [ 513218.028906250023283, 5686677.455419922247529 ], [ 513217.455371093761642, 5686674.993896484375 ], [ 513211.440673828125, 5686676.395361328497529 ] ] ] } },
{ "type": "Feature", "properties": { "id": 1123, "area_px": 6130.0, "aspect_ratio": 2.42, "zone": "yard" }, "geometry": { "type": "Polygon", "coordinates": [ [ [ 513325.192333984363358, 5686676.0562744140625 ], [ 513325.754687500011642, 5686678.530737305060029 ], [ 513331.743115234363358, 5686677.169750976376235 ], [ 513331.180761718773283, 5686674.695288086310029 ], [ 513325.192333984363358, 5686676.0562744140625 ] ] ] } },
{ "type": "Feature", "properties": { "id": 1124, "area_px": 6129.0, "aspect_ratio": 2.5, "zone": "yard" }, "geometry": { "type": "Polygon", "coordinates": [ [ [ 513225.226611328136642, 5686606.801464843563735 ], [ 513231.436328125011642, 5686607.710205078125 ], [ 513231.800097656261642, 5686605.224414062686265 ], [ 513225.590380859386642, 5686604.315673828125 ], [ 513225.226611328136642, 5686606.801464843563735 ] ] ] } },
{ "type": "Feature", "properties": { "id": 1126, "area_px": 6124.0, "aspect_ratio": 2.38, "zone": "yard" }, "geometry": { "type": "Polygon", "coordinates": [ [ [ 513263.187304687511642, 5686843.8997802734375 ], [ 513263.772412109363358, 5686846.4263916015625 ], [ 513269.786230468773283, 5686845.033715819939971 ], [ 513269.201123046863358, 5686842.507104491814971 ], [ 513263.187304687511642, 5686843.8997802734375 ] ] ] } },
{ "type": "Feature", "properties": { "id": 1127, "area_px": 6123.0, "aspect_ratio": 2.45, "zone": "yard" }, "geometry": { "type": "Polygon", "coordinates": [ [ [ 513309.645434570324142, 5686861.458642577752471 ], [ 513310.2191162109375, 5686863.927880859002471 ], [ 513316.2779541015625, 5686862.520263671875 ], [ 513315.704272460949142, 5686860.051025390625 ], [ 513309.645434570324142, 5686861.458642577752471 ] ] ] } },
{ "type": "Feature", "properties": { "id": 1128, "area_px": 6119.0, "aspect_ratio": 2.49, "zone": "yard" }, "geometry": { "type": "Polygon", "coordinates": [ [ [ 513317.985620117164217, 5686813.31976318359375 ], [ 513318.512377929699142, 5686815.76202392578125 ], [ 513324.582934570324142, 5686814.45269775390625 ], [ 513324.056176757789217, 5686812.01043701171875 ], [ 513317.985620117164217, 5686813.31976318359375 ] ] ] } },
{ "type": "Feature", "properties": { "id": 1129, "area_px": 6119.0, "aspect_ratio": 2.47, "zone": "yard" }, "geometry": { "type": "Polygon", "coordinates": [ [ [ 513305.679345703101717, 5686816.092541503719985 ], [ 513306.217187499976717, 5686818.537219238467515 ], [ 513312.259716796863358, 5686817.207849120721221 ], [ 513311.721874999988358, 5686814.763171386905015 ], [ 513305.679345703101717, 5686816.092541503719985 ] ] ] } },
{ "type": "Feature", "properties": { "id": 1130, "area_px": 6119.0, "aspect_ratio": 2.47, "zone": "yard" }, "geometry": { "type": "Polygon", "coordinates": [ [ [ 513158.137866210949142, 5686670.882299805060029 ], [ 513158.687426757824142, 5686673.330346679314971 ], [ 513164.7298583984375, 5686671.973901366814971 ], [ 513164.1802978515625, 5686669.525854492560029 ], [ 513158.137866210949142, 5686670.882299805060029 ] ] ] } },
{ "type": "Feature", "properties": { "id": 1131, "area_px": 6119.0, "aspect_ratio": 2.41, "zone": "yard" }, "geometry": { "type": "Polygon", "coordinates": [ [ [ 513176.98272705078125, 5686666.724682617001235 ], [ 513177.515270996082108, 5686669.201000976376235 ], [ 513183.489514160144608, 5686667.916235351935029 ], [ 513182.95697021484375, 5686665.439916992560029 ], [ 513176.98272705078125, 5686666.724682617001235 ] ] ] } },
{ "type": "Feature", "properties": { "id": 1132, "area_px": 6119.0, "aspect_ratio": 2.39, "zone": "yard" }, "geometry": { "type": "Polygon", "coordinates": [ [ [ 513222.757714843726717, 5686622.096948241814971 ], [ 513228.82861328125, 5686622.9822998046875 ], [ 513229.199755859386642, 5686620.437475586310029 ], [ 513223.128857421863358, 5686619.5521240234375 ], [ 513222.757714843726717, 5686622.096948241814971 ] ] ] } },
{ "type": "Feature", "properties": { "id": 1134, "area_px": 6117.0, "aspect_ratio": 2.52, "zone": "yard" }, "geometry": { "type": "Polygon", "coordinates": [ [ [ 513202.938562011695467, 5686605.6954345703125 ], [ 513209.141650390636642, 5686606.701342773623765 ], [ 513209.541162109351717, 5686604.237768555060029 ], [ 513203.338085937488358, 5686603.231860351748765 ], [ 513202.938562011695467, 5686605.6954345703125 ] ] ] } },
{ "type": "Feature", "properties": { "id": 1135, "area_px": 6115.0, "aspect_ratio": 2.41, "zone": "yard" }, "geometry": { "type": "Polygon", "coordinates": [ [ [ 513258.495825195335783, 5686908.32536010723561 ], [ 513259.026147460914217, 5686910.817840576171875 ], [ 513265.027856445289217, 5686909.54087524395436 ], [ 513264.497534179710783, 5686907.048394775018096 ], [ 513258.495825195335783, 5686908.32536010723561 ] ] ] } },
{ "type": "Feature", "properties": { "id": 1136, "area_px": 6112.0, "aspect_ratio": 2.48, "zone": "yard" }, "geometry": { "type": "Polygon", "coordinates": [ [ [ 513219.3548583984375, 5686823.144921874627471 ], [ 513219.9031982421875, 5686825.637280273251235 ], [ 513231.952683785115369, 5686822.997859105467796 ], [ 513231.404343941365369, 5686820.505500706844032 ], [ 513219.3548583984375, 5686823.144921874627471 ] ] ] } },
{ "type": "Feature", "properties": { "id": 1137, "area_px": 6110.0, "aspect_ratio": 2.47, "zone": "yard" }, "geometry": { "type": "Polygon", "coordinates": [ [ [ 513193.427465820335783, 5686739.719580078497529 ], [ 513193.964819335960783, 5686742.16748046875 ], [ 513200.000805664050858, 5686740.842529296875 ], [ 513199.463452148425858, 5686738.394628906622529 ], [ 513193.427465820335783, 5686739.719580078497529 ] ] ] } },
{ "type": "Feature", "properties": { "id": 1138, "area_px": 6109.0, "aspect_ratio": 2.45, "zone": "yard" }, "geometry": { "type": "Polygon", "coordinates": [ [ [ 513205.879956054675858, 5686736.954394531436265 ], [ 513206.4205322265625, 5686739.411474609747529 ], [ 513212.441137695335783, 5686738.086962890811265 ], [ 513211.900561523449142, 5686735.6298828125 ], [ 513205.879956054675858, 5686736.954394531436265 ] ] ] } },
{ "type": "Feature", "properties": { "id": 1139, "area_px": 6105.0, "aspect_ratio": 2.52, "zone": "yard" }, "geometry": { "type": "Polygon", "coordinates": [ [ [ 513188.316906738269608, 5686603.296044921502471 ], [ 513194.566735839820467, 5686604.247119140811265 ], [ 513194.94342041015625, 5686601.771826172247529 ], [ 513188.693591308605392, 5686600.820751952938735 ], [ 513188.316906738269608, 5686603.296044921502471 ] ] ] } },
{ "type": "Feature", "properties": { "id": 1140, "area_px": 6104.0, "aspect_ratio": 2.43, "zone": "yard" }, "geometry": { "type": "Polygon", "coordinates": [ [ [ 513363.304345703101717, 5686758.2552490234375 ], [ 513363.868847656238358, 5686760.718579101376235 ], [ 513369.861425781273283, 5686759.345288085751235 ], [ 513369.296923828136642, 5686756.8819580078125 ], [ 513363.304345703101717, 5686758.2552490234375 ] ] ] } },
{ "type": "Feature", "properties": { "id": 1141, "area_px": 6100.0, "aspect_ratio": 2.52, "zone": "yard" }, "geometry": { "type": "Polygon", "coordinates": [ [ [ 513250.737646484398283, 5686875.419409180060029 ], [ 513251.288232421851717, 5686877.897045898251235 ], [ 513257.535302734351717, 5686876.508813476189971 ], [ 513256.984716796898283, 5686874.031176757998765 ], [ 513250.737646484398283, 5686875.419409180060029 ] ] ] } },
{ "type": "Feature", "properties": { "id": 1142, "area_px": 6098.0, "aspect_ratio": 2.45, "zone": "yard" }, "geometry": { "type": "Polygon", "coordinates": [ [ [ 513387.448901367199142, 5686861.772253418341279 ], [ 513387.988208007824142, 5686864.223596191033721 ], [ 513393.991625976574142, 5686862.902844238094985 ], [ 513393.452319335949142, 5686860.451501464471221 ], [ 513387.448901367199142, 5686861.772253418341279 ] ] ] } },
{ "type": "Feature", "properties": { "id": 1143, "area_px": 6097.0, "aspect_ratio": 2.46, "zone": "yard" }, "geometry": { "type": "Polygon", "coordinates": [ [ [ 513359.55224609375, 5686850.252722168341279 ], [ 513360.103564453136642, 5686852.694348144344985 ], [ 513366.114794921886642, 5686851.33697509765625 ], [ 513365.5634765625, 5686848.895349120721221 ], [ 513359.55224609375, 5686850.252722168341279 ] ] ] } },
{ "type": "Feature", "properties": { "id": 1145, "area_px": 6094.0, "aspect_ratio": 2.47, "zone": "yard" }, "geometry": { "type": "Polygon", "coordinates": [ [ [ 513371.777319335960783, 5686847.542382812127471 ], [ 513372.341137695300858, 5686849.996630859561265 ], [ 513378.4029541015625, 5686848.604052734561265 ], [ 513377.839135742164217, 5686846.149804687127471 ], [ 513371.777319335960783, 5686847.542382812127471 ] ] ] } },
{ "type": "Feature", "properties": { "id": 1147, "area_px": 6091.0, "aspect_ratio": 2.46, "zone": "yard" }, "geometry": { "type": "Polygon", "coordinates": [ [ [ 513145.890246582042892, 5686673.627783203497529 ], [ 513146.432946777320467, 5686676.10009765625 ], [ 513152.504992675792892, 5686674.767187500372529 ], [ 513151.962292480457108, 5686672.294873046688735 ], [ 513145.890246582042892, 5686673.627783203497529 ] ] ] } },
{ "type": "Feature", "properties": { "id": 1148, "area_px": 6089.0, "aspect_ratio": 2.41, "zone": "yard" }, "geometry": { "type": "Polygon", "coordinates": [ [ [ 513165.299707031226717, 5686887.448901367373765 ], [ 513165.9500732421875, 5686889.93212890625 ], [ 513171.940356445324142, 5686888.363232421688735 ], [ 513171.289990234363358, 5686885.8800048828125 ], [ 513165.299707031226717, 5686887.448901367373765 ] ] ] } },
{ "type": "Feature", "properties": { "id": 1149, "area_px": 6085.0, "aspect_ratio": 2.49, "zone": "yard" }, "geometry": { "type": "Polygon", "coordinates": [ [ [ 513175.045886230480392, 5686743.806469726376235 ], [ 513175.584704589855392, 5686746.231176758185029 ], [ 513181.620007324207108, 5686744.8900146484375 ], [ 513181.081188964832108, 5686742.465307617560029 ], [ 513175.045886230480392, 5686743.806469726376235 ] ] ] } },
{ "type": "Feature", "properties": { "id": 1150, "area_px": 6083.0, "aspect_ratio": 2.43, "zone": "yard" }, "geometry": { "type": "Polygon", "coordinates": [ [ [ 513305.444873046886642, 5686785.680883789435029 ], [ 513305.974951171898283, 5686788.172338867560029 ], [ 513312.03466796875, 5686786.883032226935029 ], [ 513311.504589843738358, 5686784.391577148810029 ], [ 513305.444873046886642, 5686785.680883789435029 ] ] ] } },
{ "type": "Feature", "properties": { "id": 1151, "area_px": 6081.0, "aspect_ratio": 2.46, "zone": "yard" }, "geometry": { "type": "Polygon", "coordinates": [ [ [ 513293.732446289039217, 5686517.055371093563735 ], [ 513306.096995747531764, 5686518.873884056694806 ], [ 513306.51320668507833, 5686516.37661843188107 ], [ 513294.148657226585783, 5686514.55810546875 ], [ 513293.732446289039217, 5686517.055371093563735 ] ] ] } },
{ "type": "Feature", "properties": { "id": 1152, "area_px": 6077.0, "aspect_ratio": 2.41, "zone": "yard" }, "geometry": { "type": "Polygon", "coordinates": [ [ [ 513165.413366699242033, 5686604.936865234747529 ], [ 513171.563708496105392, 5686605.941015625372529 ], [ 513171.979602050792892, 5686603.393603515811265 ], [ 513165.829260253929533, 5686602.389453125186265 ], [ 513165.413366699242033, 5686604.936865234747529 ] ] ] } },
{ "type": "Feature", "properties": { "id": 1153, "area_px": 6076.0, "aspect_ratio": 2.45, "zone": "yard" }, "geometry": { "type": "Polygon", "coordinates": [ [ [ 513218.341577148414217, 5686734.2220458984375 ], [ 513218.911938476550858, 5686736.663110351189971 ], [ 513224.901782226574142, 5686735.263598632998765 ], [ 513224.3314208984375, 5686732.822534179314971 ], [ 513218.341577148414217, 5686734.2220458984375 ] ] ] } },
{ "type": "Feature", "properties": { "id": 1154, "area_px": 6068.0, "aspect_ratio": 2.45, "zone": "yard" }, "geometry": { "type": "Polygon", "coordinates": [ [ [ 513213.934375000011642, 5686883.687854004092515 ], [ 513214.498242187488358, 5686886.154699707403779 ], [ 513220.530224609363358, 5686884.775964355096221 ], [ 513219.966357421886642, 5686882.309118652716279 ], [ 513213.934375000011642, 5686883.687854004092515 ] ] ] } },
{ "type": "Feature", "properties": { "id": 1155, "area_px": 6068.0, "aspect_ratio": 2.45, "zone": "yard" }, "geometry": { "type": "Polygon", "coordinates": [ [ [ 513263.1070556640625, 5686872.6817626953125 ], [ 513263.650561523449142, 5686875.127636718563735 ], [ 513269.6488037109375, 5686873.794702148064971 ], [ 513269.105297851550858, 5686871.348828124813735 ], [ 513263.1070556640625, 5686872.6817626953125 ] ] ] } },
{ "type": "Feature", "properties": { "id": 1156, "area_px": 6066.0, "aspect_ratio": 2.45, "zone": "yard" }, "geometry": { "type": "Polygon", "coordinates": [ [ [ 513400.435888671898283, 5686973.236471557989717 ], [ 513400.981787109398283, 5686975.692942810244858 ], [ 513406.995898437511642, 5686974.356472778134048 ], [ 513406.450000000011642, 5686971.900000000372529 ], [ 513400.435888671898283, 5686973.236471557989717 ] ] ] } },
{ "type": "Feature", "properties": { "id": 1158, "area_px": 6063.0, "aspect_ratio": 2.43, "zone": "yard" }, "geometry": { "type": "Polygon", "coordinates": [ [ [ 513328.325000000011642, 5686857.174999999813735 ], [ 513328.825000000011642, 5686859.674999999813735 ], [ 513334.911523437476717, 5686858.457690429873765 ], [ 513334.411523437476717, 5686855.957690429873765 ], [ 513328.325000000011642, 5686857.174999999813735 ] ] ] } },
{ "type": "Feature", "properties": { "id": 1159, "area_px": 6063.0, "aspect_ratio": 2.47, "zone": "yard" }, "geometry": { "type": "Polygon", "coordinates": [ [ [ 513334.592358398425858, 5686855.840600585564971 ], [ 513335.134692382824142, 5686858.281176757998765 ], [ 513341.154125976550858, 5686856.943530273623765 ], [ 513340.611791992210783, 5686854.502954101189971 ], [ 513334.592358398425858, 5686855.840600585564971 ] ] ] } },
{ "type": "Feature", "properties": { "id": 1160, "area_px": 6060.0, "aspect_ratio": 3.66, "zone": "yard" }, "geometry": { "type": "Polygon", "coordinates": [ [ [ 513413.823895597015508, 5686974.712397682480514 ], [ 513414.372137784492224, 5686977.140220559202135 ], [ 513425.935413268394768, 5686974.45314846932888 ], [ 513425.387171080918051, 5686972.025325593538582 ], [ 513413.823895597015508, 5686974.712397682480514 ] ] ] } },
{ "type": "Feature", "properties": { "id": 1161, "area_px": 6056.0, "aspect_ratio": 2.41, "zone": "yard" }, "geometry": { "type": "Polygon", "coordinates": [ [ [ 513227.496484374976717, 5686915.28411865234375 ], [ 513228.0458984375, 5686917.7564697265625 ], [ 513234.001757812511642, 5686916.432934570126235 ], [ 513233.452343749988358, 5686913.960583495907485 ], [ 513227.496484374976717, 5686915.28411865234375 ] ] ] } },
{ "type": "Feature", "properties": { "id": 1162, "area_px": 6050.0, "aspect_ratio": 2.47, "zone": "yard" }, "geometry": { "type": "Polygon", "coordinates": [ [ [ 513350.687036132789217, 5686869.69970703125 ], [ 513351.238354492175858, 5686872.141333008185029 ], [ 513357.263403320335783, 5686870.780834960751235 ], [ 513356.712084960949142, 5686868.339208984747529 ], [ 513350.687036132789217, 5686869.69970703125 ] ] ] } },
{ "type": "Feature", "properties": { "id": 1164, "area_px": 6046.0, "aspect_ratio": 2.37, "zone": "yard" }, "geometry": { "type": "Polygon", "coordinates": [ [ [ 513282.903344726539217, 5686902.848046874627471 ], [ 513283.437573242175858, 5686905.362023925408721 ], [ 513289.387622070324142, 5686904.097631836310029 ], [ 513288.8533935546875, 5686901.583654785528779 ], [ 513282.903344726539217, 5686902.848046874627471 ] ] ] } },
{ "type": "Feature", "properties": { "id": 1165, "area_px": 6046.0, "aspect_ratio": 2.42, "zone": "yard" }, "geometry": { "type": "Polygon", "coordinates": [ [ [ 513225.974951171898283, 5686880.948352050967515 ], [ 513226.532324218773283, 5686883.407336425967515 ], [ 513232.476904296898283, 5686882.059899901971221 ], [ 513231.919531250023283, 5686879.600915526971221 ], [ 513225.974951171898283, 5686880.948352050967515 ] ] ] } },
{ "type": "Feature", "properties": { "id": 1166, "area_px": 6040.0, "aspect_ratio": 2.65, "zone": "yard" }, "geometry": { "type": "Polygon", "coordinates": [ [ [ 513365.502148437488358, 5686500.072070312686265 ], [ 513366.937695312488358, 5686506.442187500186265 ], [ 513369.341650390648283, 5686505.900488281622529 ], [ 513367.906103515648283, 5686499.530371094122529 ], [ 513365.502148437488358, 5686500.072070312686265 ] ] ] } },
{ "type": "Feature", "properties": { "id": 1167, "area_px": 6037.0, "aspect_ratio": 2.43, "zone": "yard" }, "geometry": { "type": "Polygon", "coordinates": [ [ [ 513199.65826416015625, 5686738.329199219122529 ], [ 513200.21002197265625, 5686740.790869140997529 ], [ 513206.197998046875, 5686739.44873046875 ], [ 513205.646240234375, 5686736.987060546875 ], [ 513199.65826416015625, 5686738.329199219122529 ] ] ] } },
{ "type": "Feature", "properties": { "id": 1168, "area_px": 6034.0, "aspect_ratio": 2.48, "zone": "yard" }, "geometry": { "type": "Polygon", "coordinates": [ [ [ 513223.874560546886642, 5686614.407250976189971 ], [ 513230.035302734351717, 5686615.308813476935029 ], [ 513230.399072265601717, 5686612.823022460564971 ], [ 513224.238330078136642, 5686611.921459960751235 ], [ 513223.874560546886642, 5686614.407250976189971 ] ] ] } },
{ "type": "Feature", "properties": { "id": 1169, "area_px": 6033.0, "aspect_ratio": 2.45, "zone": "yard" }, "geometry": { "type": "Polygon", "coordinates": [ [ [ 513168.961145019507967, 5686745.184960937127471 ], [ 513169.521569824195467, 5686747.630468750372529 ], [ 513175.522058105445467, 5686746.25537109375 ], [ 513174.961633300757967, 5686743.809863281436265 ], [ 513168.961145019507967, 5686745.184960937127471 ] ] ] } },
{ "type": "Feature", "properties": { "id": 1171, "area_px": 6030.0, "aspect_ratio": 2.43, "zone": "yard" }, "geometry": { "type": "Polygon", "coordinates": [ [ [ 513274.816821289074142, 5686870.078540039248765 ], [ 513275.3436279296875, 5686872.537084961310029 ], [ 513281.312426757824142, 5686871.258056640625 ], [ 513280.785620117210783, 5686868.799511718563735 ], [ 513274.816821289074142, 5686870.078540039248765 ] ] ] } },
{ "type": "Feature", "properties": { "id": 1172, "area_px": 6028.0, "aspect_ratio": 2.45, "zone": "yard" }, "geometry": { "type": "Polygon", "coordinates": [ [ [ 513174.306494140648283, 5686684.639892578125 ], [ 513174.8389892578125, 5686687.08935546875 ], [ 513180.838085937488358, 5686685.785205078311265 ], [ 513180.305590820324142, 5686683.335742187686265 ], [ 513174.306494140648283, 5686684.639892578125 ] ] ] } },
{ "type": "Feature", "properties": { "id": 1173, "area_px": 6022.0, "aspect_ratio": 2.66, "zone": "yard" }, "geometry": { "type": "Polygon", "coordinates": [ [ [ 513217.166771560034249, 5686699.532124469988048 ], [ 513217.689964919409249, 5686701.973579548299313 ], [ 513229.741235351539217, 5686699.259033203125 ], [ 513229.218041992164217, 5686696.817578124813735 ], [ 513217.166771560034249, 5686699.532124469988048 ] ] ] } },
{ "type": "Feature", "properties": { "id": 1174, "area_px": 6021.0, "aspect_ratio": 2.49, "zone": "yard" }, "geometry": { "type": "Polygon", "coordinates": [ [ [ 513412.742236328136642, 5686970.515496825799346 ], [ 513413.287548828113358, 5686972.939056396484375 ], [ 513419.313720703125, 5686971.583166504278779 ], [ 513418.768408203148283, 5686969.15960693359375 ], [ 513412.742236328136642, 5686970.515496825799346 ] ] ] } },
{ "type": "Feature", "properties": { "id": 1175, "area_px": 6012.0, "aspect_ratio": 2.43, "zone": "yard" }, "geometry": { "type": "Polygon", "coordinates": [ [ [ 513375.304833984351717, 5686864.412792968563735 ], [ 513375.829541015613358, 5686866.878808593377471 ], [ 513381.824121093726717, 5686865.603369140997529 ], [ 513381.299414062523283, 5686863.137353515252471 ], [ 513375.304833984351717, 5686864.412792968563735 ] ] ] } },
{ "type": "Feature", "properties": { "id": 1176, "area_px": 6008.0, "aspect_ratio": 2.47, "zone": "yard" }, "geometry": { "type": "Polygon", "coordinates": [ [ [ 513257.0811767578125, 5686874.065295410342515 ], [ 513257.6199951171875, 5686876.490002441219985 ], [ 513263.618237304675858, 5686875.157067870721221 ], [ 513263.079418945300858, 5686872.73236083984375 ], [ 513257.0811767578125, 5686874.065295410342515 ] ] ] } },
{ "type": "Feature", "properties": { "id": 1178, "area_px": 5997.0, "aspect_ratio": 2.49, "zone": "yard" }, "geometry": { "type": "Polygon", "coordinates": [ [ [ 513312.8692626953125, 5686678.793896484188735 ], [ 513313.392602539039217, 5686681.22021484375 ], [ 513319.429418945335783, 5686679.918164062313735 ], [ 513318.906079101550858, 5686677.491845702752471 ], [ 513312.8692626953125, 5686678.793896484188735 ] ] ] } },
{ "type": "Feature", "properties": { "id": 1179, "area_px": 5990.0, "aspect_ratio": 2.4, "zone": "yard" }, "geometry": { "type": "Polygon", "coordinates": [ [ [ 513410.775927734386642, 5686591.798876953311265 ], [ 513411.346337890601717, 5686594.260595703497529 ], [ 513417.248974609363358, 5686592.892919922247529 ], [ 513416.678564453148283, 5686590.431201172061265 ], [ 513410.775927734386642, 5686591.798876953311265 ] ] ] } },
{ "type": "Feature", "properties": { "id": 1181, "area_px": 5984.0, "aspect_ratio": 2.45, "zone": "yard" }, "geometry": { "type": "Polygon", "coordinates": [ [ [ 513363.092944335949142, 5686867.218237305060029 ], [ 513363.6329345703125, 5686869.648242187686265 ], [ 513369.5941162109375, 5686868.323535156436265 ], [ 513369.054125976574142, 5686865.893530273810029 ], [ 513363.092944335949142, 5686867.218237305060029 ] ] ] } },
{ "type": "Feature", "properties": { "id": 1182, "area_px": 5984.0, "aspect_ratio": 6.63, "zone": "ship" }, "geometry": { "type": "Polygon", "coordinates": [ [ [ 513470.204882812511642, 5686737.695898437872529 ], [ 513472.653417968773283, 5686748.102148437872529 ], [ 513474.222460937511642, 5686747.732958984561265 ], [ 513471.77392578125, 5686737.326708984561265 ], [ 513470.204882812511642, 5686737.695898437872529 ] ] ] } },
{ "type": "Feature", "properties": { "id": 1183, "area_px": 5979.0, "aspect_ratio": 2.44, "zone": "yard" }, "geometry": { "type": "Polygon", "coordinates": [ [ [ 513349.659374999988358, 5686894.604394530877471 ], [ 513350.194287109363358, 5686897.060156250372529 ], [ 513356.180078124976717, 5686895.756323242560029 ], [ 513355.645166015601717, 5686893.300561523064971 ], [ 513349.659374999988358, 5686894.604394530877471 ] ] ] } },
{ "type": "Feature", "properties": { "id": 1184, "area_px": 5978.0, "aspect_ratio": 2.44, "zone": "yard" }, "geometry": { "type": "Polygon", "coordinates": [ [ [ 513251.999975585960783, 5686970.099999999627471 ], [ 513253.331762695335783, 5686976.092941284179688 ], [ 513255.788256835949142, 5686975.54705810546875 ], [ 513254.456469726574142, 5686969.554116820916533 ], [ 513251.999975585960783, 5686970.099999999627471 ] ] ] } },
{ "type": "Feature", "properties": { "id": 1185, "area_px": 5975.0, "aspect_ratio": 2.45, "zone": "yard" }, "geometry": { "type": "Polygon", "coordinates": [ [ [ 513340.4058837890625, 5686740.676464843563735 ], [ 513340.947045898414217, 5686743.111767577938735 ], [ 513346.924096679664217, 5686741.783544922247529 ], [ 513346.3829345703125, 5686739.348242187872529 ], [ 513340.4058837890625, 5686740.676464843563735 ] ] ] } },
{ "type": "Feature", "properties": { "id": 1186, "area_px": 5973.0, "aspect_ratio": 4.25, "zone": "yard" }, "geometry": { "type": "Polygon", "coordinates": [ [ [ 513361.378346421464812, 5686802.208359921351075 ], [ 513373.094602651486639, 5686799.521549282595515 ], [ 513372.610095814918168, 5686797.319245480000973 ], [ 513360.849793508881703, 5686800.006056118756533 ], [ 513361.378346421464812, 5686802.208359921351075 ] ] ] } },
{ "type": "Feature", "properties": { "id": 1187, "area_px": 5972.0, "aspect_ratio": 2.46, "zone": "yard" }, "geometry": { "type": "Polygon", "coordinates": [ [ [ 513272.600415039050858, 5686965.461801147088408 ], [ 513274.017797851585783, 5686971.414804076775908 ], [ 513276.435522460960783, 5686970.839163208380342 ], [ 513275.018139648425858, 5686964.886160278692842 ], [ 513272.600415039050858, 5686965.461801147088408 ] ] ] } },
{ "type": "Feature", "properties": { "id": 1188, "area_px": 5972.0, "aspect_ratio": 2.47, "zone": "yard" }, "geometry": { "type": "Polygon", "coordinates": [ [ [ 513406.6700439453125, 5686971.893988037481904 ], [ 513407.225805664085783, 5686974.325524901971221 ], [ 513413.22119140625, 5686972.95515747088939 ], [ 513412.665429687476717, 5686970.52362060546875 ], [ 513406.6700439453125, 5686971.893988037481904 ] ] ] } },
{ "type": "Feature", "properties": { "id": 1189, "area_px": 5970.0, "aspect_ratio": 2.43, "zone": "yard" }, "geometry": { "type": "Polygon", "coordinates": [ [ [ 513408.438500976539217, 5686606.858056640252471 ], [ 513410.097021484398283, 5686612.899853515438735 ], [ 513412.580468749976717, 5686612.218115234747529 ], [ 513410.921923828136642, 5686606.176318359561265 ], [ 513408.438500976539217, 5686606.858056640252471 ] ] ] } },
{ "type": "Feature", "properties": { "id": 1190, "area_px": 5963.0, "aspect_ratio": 2.45, "zone": "yard" }, "geometry": { "type": "Polygon", "coordinates": [ [ [ 513299.507958984351717, 5686817.405102538876235 ], [ 513300.05029296875, 5686819.87939453125 ], [ 513306.104638671851717, 5686818.552416992373765 ], [ 513305.562304687511642, 5686816.078125 ], [ 513299.507958984351717, 5686817.405102538876235 ] ] ] } },
{ "type": "Feature", "properties": { "id": 1191, "area_px": 5955.0, "aspect_ratio": 2.52, "zone": "yard" }, "geometry": { "type": "Polygon", "coordinates": [ [ [ 513393.549462890601717, 5686860.458654785528779 ], [ 513394.079394531261642, 5686862.872814941219985 ], [ 513400.160742187523283, 5686861.537878418341279 ], [ 513399.630810546863358, 5686859.12371826171875 ], [ 513393.549462890601717, 5686860.458654785528779 ] ] ] } },
{ "type": "Feature", "properties": { "id": 1192, "area_px": 5954.0, "aspect_ratio": 2.44, "zone": "yard" }, "geometry": { "type": "Polygon", "coordinates": [ [ [ 513256.072949218738358, 5686969.078237915411592 ], [ 513257.401171875011642, 5686975.055296326056123 ], [ 513259.847070312476717, 5686974.511764526367188 ], [ 513258.518847656261642, 5686968.534704590216279 ], [ 513256.072949218738358, 5686969.078237915411592 ] ] ] } },
{ "type": "Feature", "properties": { "id": 1193, "area_px": 5952.0, "aspect_ratio": 2.44, "zone": "yard" }, "geometry": { "type": "Polygon", "coordinates": [ [ [ 513253.4588623046875, 5686957.063302611932158 ], [ 513254.769360351550858, 5686963.010989380069077 ], [ 513257.211010742175858, 5686962.473001098260283 ], [ 513255.9005126953125, 5686956.525314331054688 ], [ 513253.4588623046875, 5686957.063302611932158 ] ] ] } },
{ "type": "Feature", "properties": { "id": 1194, "area_px": 5952.0, "aspect_ratio": 2.44, "zone": "yard" }, "geometry": { "type": "Polygon", "coordinates": [ [ [ 513433.054638671863358, 5686589.004785155877471 ], [ 513433.815283203148283, 5686591.438989257439971 ], [ 513439.762646484363358, 5686589.580468749627471 ], [ 513439.002001953136642, 5686587.146289062686265 ], [ 513433.054638671863358, 5686589.004785155877471 ] ] ] } },
{ "type": "Feature", "properties": { "id": 1195, "area_px": 5951.0, "aspect_ratio": 2.45, "zone": "yard" }, "geometry": { "type": "Polygon", "coordinates": [ [ [ 513334.278662109398283, 5686742.002392577938735 ], [ 513334.792529296886642, 5686744.434667969122529 ], [ 513340.750537109386642, 5686743.175927734002471 ], [ 513340.236669921898283, 5686740.74365234375 ], [ 513334.278662109398283, 5686742.002392577938735 ] ] ] } },
{ "type": "Feature", "properties": { "id": 1196, "area_px": 5949.0, "aspect_ratio": 2.21, "zone": "yard" }, "geometry": { "type": "Polygon", "coordinates": [ [ [ 513254.067431640636642, 5686917.892138672061265 ], [ 513254.674999999988358, 5686920.525000000372529 ], [ 513260.503076171851717, 5686919.1800537109375 ], [ 513259.8955078125, 5686916.547192382626235 ], [ 513254.067431640636642, 5686917.892138672061265 ] ] ] } },
{ "type": "Feature", "properties": { "id": 1197, "area_px": 5948.0, "aspect_ratio": 2.43, "zone": "yard" }, "geometry": { "type": "Polygon", "coordinates": [ [ [ 513201.921411132789217, 5686886.399548339657485 ], [ 513202.477465820324142, 5686888.839953613467515 ], [ 513208.396752929664217, 5686887.491247558966279 ], [ 513207.8406982421875, 5686885.05084228515625 ], [ 513201.921411132789217, 5686886.399548339657485 ] ] ] } },
{ "type": "Feature", "properties": { "id": 1198, "area_px": 5946.0, "aspect_ratio": 2.44, "zone": "yard" }, "geometry": { "type": "Polygon", "coordinates": [ [ [ 513201.294384765613358, 5686615.885107422247529 ], [ 513207.415673828101717, 5686616.864501953125 ], [ 513207.816918945289217, 5686614.356689453125 ], [ 513201.695629882800858, 5686613.377294922247529 ], [ 513201.294384765613358, 5686615.885107422247529 ] ] ] } },
{ "type": "Feature", "properties": { "id": 1200, "area_px": 5935.0, "aspect_ratio": 2.4, "zone": "yard" }, "geometry": { "type": "Polygon", "coordinates": [ [ [ 513357.17236328125, 5686759.572338867001235 ], [ 513357.755468750023283, 5686762.034252929501235 ], [ 513363.672265624976717, 5686760.632885742001235 ], [ 513363.089160156261642, 5686758.170971679501235 ], [ 513357.17236328125, 5686759.572338867001235 ] ] ] } },
{ "type": "Feature", "properties": { "id": 1202, "area_px": 5923.0, "aspect_ratio": 2.43, "zone": "yard" }, "geometry": { "type": "Polygon", "coordinates": [ [ [ 513217.619433593761642, 5686674.966845703311265 ], [ 513218.186132812523283, 5686677.435986327938735 ], [ 513224.192675781261642, 5686676.057421875186265 ], [ 513223.6259765625, 5686673.588281249627471 ], [ 513217.619433593761642, 5686674.966845703311265 ] ] ] } },
{ "type": "Feature", "properties": { "id": 1203, "area_px": 5919.0, "aspect_ratio": 2.44, "zone": "yard" }, "geometry": { "type": "Polygon", "coordinates": [ [ [ 513249.4140625, 5686957.994766235351562 ], [ 513250.706494140613358, 5686963.939889525994658 ], [ 513253.143505859363358, 5686963.410104369744658 ], [ 513251.85107421875, 5686957.464981079101562 ], [ 513249.4140625, 5686957.994766235351562 ] ] ] } },
{ "type": "Feature", "properties": { "id": 1204, "area_px": 5918.0, "aspect_ratio": 2.42, "zone": "yard" }, "geometry": { "type": "Polygon", "coordinates": [ [ [ 513369.458251953125, 5686756.834228515625 ], [ 513370.046972656273283, 5686759.273144531063735 ], [ 513375.957763671875, 5686757.846386718563735 ], [ 513375.369042968726717, 5686755.407470703125 ], [ 513369.458251953125, 5686756.834228515625 ] ] ] } },
{ "type": "Feature", "properties": { "id": 1205, "area_px": 5913.0, "aspect_ratio": 2.41, "zone": "yard" }, "geometry": { "type": "Polygon", "coordinates": [ [ [ 513365.679125976574142, 5686848.824865723028779 ], [ 513366.258520507835783, 5686851.307995605282485 ], [ 513372.231665039085783, 5686849.914270019158721 ], [ 513371.652270507824142, 5686847.431140136905015 ], [ 513365.679125976574142, 5686848.824865723028779 ] ] ] } },
{ "type": "Feature", "properties": { "id": 1206, "area_px": 5912.0, "aspect_ratio": 2.46, "zone": "yard" }, "geometry": { "type": "Polygon", "coordinates": [ [ [ 513263.043188476585783, 5686942.085217284969985 ], [ 513264.341333007789217, 5686948.071154785342515 ], [ 513266.773901367210783, 5686947.543603515252471 ], [ 513265.475756835949142, 5686941.557666015811265 ], [ 513263.043188476585783, 5686942.085217284969985 ] ] ] } },
{ "type": "Feature", "properties": { "id": 1207, "area_px": 5910.0, "aspect_ratio": 2.47, "zone": "yard" }, "geometry": { "type": "Polygon", "coordinates": [ [ [ 513139.773852539074142, 5686674.933154297061265 ], [ 513140.305200195289217, 5686677.385546875186265 ], [ 513146.3521728515625, 5686676.075390624813735 ], [ 513145.820825195289217, 5686673.622998046688735 ], [ 513139.773852539074142, 5686674.933154297061265 ] ] ] } },
{ "type": "Feature", "properties": { "id": 1208, "area_px": 5909.0, "aspect_ratio": 2.46, "zone": "yard" }, "geometry": { "type": "Polygon", "coordinates": [ [ [ 513180.448327636695467, 5686683.2384033203125 ], [ 513180.958728027355392, 5686685.6810302734375 ], [ 513186.962268066417892, 5686684.426538085564971 ], [ 513186.451867675757967, 5686681.983911132439971 ], [ 513180.448327636695467, 5686683.2384033203125 ] ] ] } },
{ "type": "Feature", "properties": { "id": 1209, "area_px": 5907.0, "aspect_ratio": 2.49, "zone": "yard" }, "geometry": { "type": "Polygon", "coordinates": [ [ [ 513308.101269531238358, 5686798.125805663876235 ], [ 513308.634667968726717, 5686800.579418945126235 ], [ 513314.7333984375, 5686799.253613281063735 ], [ 513314.200000000011642, 5686796.799999999813735 ], [ 513308.101269531238358, 5686798.125805663876235 ] ] ] } },
{ "type": "Feature", "properties": { "id": 1210, "area_px": 5906.0, "aspect_ratio": 2.56, "zone": "yard" }, "geometry": { "type": "Polygon", "coordinates": [ [ [ 513181.762170410132967, 5686941.956048583611846 ], [ 513182.282482910144608, 5686944.349456787109375 ], [ 513188.406140136707108, 5686943.01823120098561 ], [ 513187.885827636695467, 5686940.624822998419404 ], [ 513181.762170410132967, 5686941.956048583611846 ] ] ] } },
{ "type": "Feature", "properties": { "id": 1211, "area_px": 5905.0, "aspect_ratio": 2.48, "zone": "yard" }, "geometry": { "type": "Polygon", "coordinates": [ [ [ 513229.051000976585783, 5686962.55064086895436 ], [ 513230.386694335960783, 5686968.509881591424346 ], [ 513232.7908935546875, 5686967.971002196893096 ], [ 513231.4552001953125, 5686962.01176147442311 ], [ 513229.051000976585783, 5686962.55064086895436 ] ] ] } },
{ "type": "Feature", "properties": { "id": 1212, "area_px": 5901.0, "aspect_ratio": 2.45, "zone": "yard" }, "geometry": { "type": "Polygon", "coordinates": [ [ [ 513418.807226562523283, 5686969.17088012676686 ], [ 513419.354101562523283, 5686971.601574706844985 ], [ 513425.3017578125, 5686970.263354492373765 ], [ 513424.7548828125, 5686967.83265991229564 ], [ 513418.807226562523283, 5686969.17088012676686 ] ] ] } },
{ "type": "Feature", "properties": { "id": 1213, "area_px": 5900.0, "aspect_ratio": 2.53, "zone": "yard" }, "geometry": { "type": "Polygon", "coordinates": [ [ [ 513043.883752441382967, 5686947.223974609747529 ], [ 513045.820953369140625, 5686949.094372558407485 ], [ 513055.516888509155251, 5686939.092552804388106 ], [ 513053.567849643586669, 5686937.275652167387307 ], [ 513043.883752441382967, 5686947.223974609747529 ] ] ] } },
{ "type": "Feature", "properties": { "id": 1215, "area_px": 5889.0, "aspect_ratio": 2.46, "zone": "yard" }, "geometry": { "type": "Polygon", "coordinates": [ [ [ 513233.437060546886642, 5686602.870312499813735 ], [ 513239.578564453113358, 5686603.914355468936265 ], [ 513240.002685546875, 5686601.41943359375 ], [ 513233.861181640648283, 5686600.375390624627471 ], [ 513233.437060546886642, 5686602.870312499813735 ] ] ] } },
{ "type": "Feature", "properties": { "id": 1216, "area_px": 5882.0, "aspect_ratio": 2.43, "zone": "yard" }, "geometry": { "type": "Polygon", "coordinates": [ [ [ 513224.386987304664217, 5686611.859521484002471 ], [ 513230.4661865234375, 5686612.794775390997529 ], [ 513230.851733398449142, 5686610.288720702752471 ], [ 513224.772534179675858, 5686609.353466796688735 ], [ 513224.386987304664217, 5686611.859521484002471 ] ] ] } },
{ "type": "Feature", "properties": { "id": 1217, "area_px": 5877.0, "aspect_ratio": 2.46, "zone": "yard" }, "geometry": { "type": "Polygon", "coordinates": [ [ [ 513381.395654296851717, 5686863.090063476935029 ], [ 513381.922753906226717, 5686865.514624023810029 ], [ 513387.876171874988358, 5686864.220410156063735 ], [ 513387.349072265613358, 5686861.795849609188735 ], [ 513381.395654296851717, 5686863.090063476935029 ] ] ] } },
{ "type": "Feature", "properties": { "id": 1218, "area_px": 5872.0, "aspect_ratio": 2.46, "zone": "yard" }, "geometry": { "type": "Polygon", "coordinates": [ [ [ 513386.09680352563737, 5686852.831001199781895 ], [ 513386.616676572477445, 5686855.300508036278188 ], [ 513398.557812499988358, 5686852.874670410528779 ], [ 513398.037939453148283, 5686850.405163574032485 ], [ 513386.09680352563737, 5686852.831001199781895 ] ] ] } },
{ "type": "Feature", "properties": { "id": 1219, "area_px": 5866.0, "aspect_ratio": 2.36, "zone": "yard" }, "geometry": { "type": "Polygon", "coordinates": [ [ [ 513231.573803710925858, 5686974.587774658575654 ], [ 513232.963842773460783, 5686980.545098876580596 ], [ 513235.484936523425858, 5686979.95684814453125 ], [ 513234.094897460949142, 5686973.999523925594985 ], [ 513231.573803710925858, 5686974.587774658575654 ] ] ] } },
{ "type": "Feature", "properties": { "id": 1220, "area_px": 5863.0, "aspect_ratio": 2.37, "zone": "yard" }, "geometry": { "type": "Polygon", "coordinates": [ [ [ 513276.824658203113358, 5686951.520339965820312 ], [ 513278.103369140648283, 5686957.434402465820312 ], [ 513280.595019531261642, 5686956.895669555291533 ], [ 513279.316308593726717, 5686950.981607055291533 ], [ 513276.824658203113358, 5686951.520339965820312 ] ] ] } },
{ "type": "Feature", "properties": { "id": 1221, "area_px": 5861.0, "aspect_ratio": 2.28, "zone": "yard" }, "geometry": { "type": "Polygon", "coordinates": [ [ [ 513165.845202636730392, 5686602.425146484747529 ], [ 513171.744616699230392, 5686603.286865234375 ], [ 513172.122961425804533, 5686600.696630859747529 ], [ 513166.223547363304533, 5686599.834912109188735 ], [ 513165.845202636730392, 5686602.425146484747529 ] ] ] } },
{ "type": "Feature", "properties": { "id": 1223, "area_px": 5856.0, "aspect_ratio": 4.57, "zone": "yard" }, "geometry": { "type": "Polygon", "coordinates": [ [ [ 513236.8770751953125, 5686900.1263427734375 ], [ 513237.3870849609375, 5686902.50634765625 ], [ 513248.266088867210783, 5686900.175122070126235 ], [ 513247.756079101585783, 5686897.795117187313735 ], [ 513236.8770751953125, 5686900.1263427734375 ] ] ] } },
{ "type": "Feature", "properties": { "id": 1226, "area_px": 5849.0, "aspect_ratio": 2.51, "zone": "yard" }, "geometry": { "type": "Polygon", "coordinates": [ [ [ 513157.145227050757967, 5686747.885400390252471 ], [ 513157.687658691429533, 5686750.258544921875 ], [ 513163.635485839855392, 5686748.899023437872529 ], [ 513163.093054199242033, 5686746.52587890625 ], [ 513157.145227050757967, 5686747.885400390252471 ] ] ] } },
{ "type": "Feature", "properties": { "id": 1227, "area_px": 5840.0, "aspect_ratio": 2.45, "zone": "yard" }, "geometry": { "type": "Polygon", "coordinates": [ [ [ 513151.146203613257967, 5686749.179614257998765 ], [ 513151.674914550792892, 5686751.591821288689971 ], [ 513157.580920410167892, 5686750.297338867560029 ], [ 513157.052209472632967, 5686747.8851318359375 ], [ 513151.146203613257967, 5686749.179614257998765 ] ] ] } },
{ "type": "Feature", "properties": { "id": 1228, "area_px": 5827.0, "aspect_ratio": 2.37, "zone": "yard" }, "geometry": { "type": "Polygon", "coordinates": [ [ [ 513250.634106445300858, 5686945.203527832403779 ], [ 513251.928247070289217, 5686951.027059936895967 ], [ 513254.3900146484375, 5686950.480004882439971 ], [ 513253.095874023449142, 5686944.656469726935029 ], [ 513250.634106445300858, 5686945.203527832403779 ] ] ] } },
{ "type": "Feature", "properties": { "id": 1229, "area_px": 5827.0, "aspect_ratio": 2.16, "zone": "ship" }, "geometry": { "type": "Polygon", "coordinates": [ [ [ 513467.298147811321542, 5686767.356902217492461 ], [ 513470.168212890625, 5686780.207080078311265 ], [ 513472.788818359375, 5686779.624707031063735 ], [ 513469.764728070469573, 5686767.004533609375358 ], [ 513467.298147811321542, 5686767.356902217492461 ] ] ] } },
{ "type": "Feature", "properties": { "id": 1230, "area_px": 5821.0, "aspect_ratio": 2.5, "zone": "yard" }, "geometry": { "type": "Polygon", "coordinates": [ [ [ 513156.103564453136642, 5686688.724511718377471 ], [ 513156.644262695335783, 5686691.109960937872529 ], [ 513162.605322265648283, 5686689.7587890625 ], [ 513162.064624023449142, 5686687.373339843936265 ], [ 513156.103564453136642, 5686688.724511718377471 ] ] ] } },
{ "type": "Feature", "properties": { "id": 1234, "area_px": 5815.0, "aspect_ratio": 2.52, "zone": "yard" }, "geometry": { "type": "Polygon", "coordinates": [ [ [ 513324.927075195300858, 5686672.021752929314971 ], [ 513325.454125976539217, 5686674.393530273810029 ], [ 513331.420581054699142, 5686673.067651366814971 ], [ 513330.893530273460783, 5686670.695874023251235 ], [ 513324.927075195300858, 5686672.021752929314971 ] ] ] } },
{ "type": "Feature", "properties": { "id": 1235, "area_px": 5800.0, "aspect_ratio": 2.48, "zone": "yard" }, "geometry": { "type": "Polygon", "coordinates": [ [ [ 513340.725830078125, 5686854.525524902157485 ], [ 513341.279736328113358, 5686856.94891357421875 ], [ 513347.300878906273283, 5686855.572644042782485 ], [ 513346.746972656226717, 5686853.149255370721221 ], [ 513340.725830078125, 5686854.525524902157485 ] ] ] } },
{ "type": "Feature", "properties": { "id": 1236, "area_px": 5796.0, "aspect_ratio": 2.33, "zone": "yard" }, "geometry": { "type": "Polygon", "coordinates": [ [ [ 513230.866943359375, 5686618.088818359188735 ], [ 513236.65087890625, 5686619.030371094122529 ], [ 513237.055273437523283, 5686616.546191406436265 ], [ 513231.271337890648283, 5686615.604638671502471 ], [ 513230.866943359375, 5686618.088818359188735 ] ] ] } },
{ "type": "Feature", "properties": { "id": 1238, "area_px": 5787.0, "aspect_ratio": 2.27, "zone": "yard" }, "geometry": { "type": "Polygon", "coordinates": [ [ [ 513189.071093750011642, 5686598.216503906063735 ], [ 513194.837841796863358, 5686599.127050781622529 ], [ 513195.239599609398283, 5686596.582568359561265 ], [ 513189.472851562488358, 5686595.672021484002471 ], [ 513189.071093750011642, 5686598.216503906063735 ] ] ] } },
{ "type": "Feature", "properties": { "id": 1242, "area_px": 5768.0, "aspect_ratio": 2.01, "zone": "ship" }, "geometry": { "type": "Polygon", "coordinates": [ [ [ 513469.998828125011642, 5686721.044702148064971 ], [ 513471.205859375011642, 5686726.476489257998765 ], [ 513473.905859375023283, 5686725.876489257439971 ], [ 513472.698828125023283, 5686720.4447021484375 ], [ 513469.998828125011642, 5686721.044702148064971 ] ] ] } },
{ "type": "Feature", "properties": { "id": 1243, "area_px": 5764.0, "aspect_ratio": 2.46, "zone": "yard" }, "geometry": { "type": "Polygon", "coordinates": [ [ [ 513280.7603759765625, 5686963.704565430060029 ], [ 513282.128247070300858, 5686969.586456298828125 ], [ 513284.520922851574142, 5686969.030017090030015 ], [ 513283.153051757835783, 5686963.148126220330596 ], [ 513280.7603759765625, 5686963.704565430060029 ] ] ] } },
{ "type": "Feature", "properties": { "id": 1245, "area_px": 5757.0, "aspect_ratio": 2.16, "zone": "ship" }, "geometry": { "type": "Polygon", "coordinates": [ [ [ 513486.397558593773283, 5686802.521960449405015 ], [ 513487.600488281226717, 5686808.135607910342515 ], [ 513490.202441406261642, 5686807.578039551153779 ], [ 513488.99951171875, 5686801.964392090216279 ], [ 513486.397558593773283, 5686802.521960449405015 ] ] ] } },
{ "type": "Feature", "properties": { "id": 1246, "area_px": 5755.0, "aspect_ratio": 2.54, "zone": "yard" }, "geometry": { "type": "Polygon", "coordinates": [ [ [ 513341.909399414085783, 5686859.292346191592515 ], [ 513342.447045898414217, 5686861.711755370721221 ], [ 513348.582934570324142, 5686860.348229980096221 ], [ 513348.0452880859375, 5686857.928820800967515 ], [ 513341.909399414085783, 5686859.292346191592515 ] ] ] } },
{ "type": "Feature", "properties": { "id": 1247, "area_px": 5753.0, "aspect_ratio": 2.32, "zone": "yard" }, "geometry": { "type": "Polygon", "coordinates": [ [ [ 513272.851586914039217, 5686913.7882080078125 ], [ 513273.414819335914217, 5686916.252331542782485 ], [ 513279.131860351539217, 5686914.945581054314971 ], [ 513278.568627929664217, 5686912.481457519344985 ], [ 513272.851586914039217, 5686913.7882080078125 ] ] ] } },
{ "type": "Feature", "properties": { "id": 1248, "area_px": 5753.0, "aspect_ratio": 2.3, "zone": "yard" }, "geometry": { "type": "Polygon", "coordinates": [ [ [ 513342.603417968726717, 5686777.350830078125 ], [ 513343.159960937511642, 5686779.815478515811265 ], [ 513348.827441406261642, 5686778.535742187872529 ], [ 513348.270898437476717, 5686776.071093750186265 ], [ 513342.603417968726717, 5686777.350830078125 ] ] ] } },
{ "type": "Feature", "properties": { "id": 1249, "area_px": 5750.0, "aspect_ratio": 2.36, "zone": "yard" }, "geometry": { "type": "Polygon", "coordinates": [ [ [ 513328.464379882789217, 5686743.356713866814971 ], [ 513329.021411132824142, 5686745.793676758185029 ], [ 513334.7791748046875, 5686744.477612304501235 ], [ 513334.222143554710783, 5686742.0406494140625 ], [ 513328.464379882789217, 5686743.356713866814971 ] ] ] } },
{ "type": "Feature", "properties": { "id": 1251, "area_px": 5745.0, "aspect_ratio": 2.3, "zone": "ship" }, "geometry": { "type": "Polygon", "coordinates": [ [ [ 513477.803613281226717, 5686774.460180664435029 ], [ 513479.066601562488358, 5686780.222387695685029 ], [ 513481.575488281261642, 5686779.6724853515625 ], [ 513480.3125, 5686773.9102783203125 ], [ 513477.803613281226717, 5686774.460180664435029 ] ] ] } },
{ "type": "Feature", "properties": { "id": 1252, "area_px": 5743.0, "aspect_ratio": 2.45, "zone": "yard" }, "geometry": { "type": "Polygon", "coordinates": [ [ [ 513219.563208007835783, 5686646.065698241814971 ], [ 513220.1097412109375, 5686648.506762695498765 ], [ 513231.508951539814007, 5686645.846220255829394 ], [ 513230.962418336654082, 5686643.405155803076923 ], [ 513219.563208007835783, 5686646.065698241814971 ] ] ] } },
{ "type": "Feature", "properties": { "id": 1254, "area_px": 5739.0, "aspect_ratio": 2.46, "zone": "yard" }, "geometry": { "type": "Polygon", "coordinates": [ [ [ 513152.050561523414217, 5686672.307031249627471 ], [ 513152.595971679664217, 5686674.736621093936265 ], [ 513158.573315429675858, 5686673.394775390625 ], [ 513158.027905273425858, 5686670.965185547247529 ], [ 513152.050561523414217, 5686672.307031249627471 ] ] ] } },
{ "type": "Feature", "properties": { "id": 1255, "area_px": 5732.0, "aspect_ratio": 2.41, "zone": "yard" }, "geometry": { "type": "Polygon", "coordinates": [ [ [ 513409.831396484398283, 5686589.454541015438735 ], [ 513410.416650390601717, 5686591.868701172061265 ], [ 513416.236767578113358, 5686590.457763671875 ], [ 513415.651513671851717, 5686588.043603515252471 ], [ 513409.831396484398283, 5686589.454541015438735 ] ] ] } },
{ "type": "Feature", "properties": { "id": 1257, "area_px": 5728.0, "aspect_ratio": 2.22, "zone": "yard" }, "geometry": { "type": "Polygon", "coordinates": [ [ [ 513445.017236328101717, 5686771.7406005859375 ], [ 513447.917874346487224, 5686784.622964031994343 ], [ 513449.943993845081422, 5686784.182503271847963 ], [ 513447.575830078101717, 5686771.1993408203125 ], [ 513445.017236328101717, 5686771.7406005859375 ] ] ] } },
{ "type": "Feature", "properties": { "id": 1259, "area_px": 5709.0, "aspect_ratio": 2.41, "zone": "yard" }, "geometry": { "type": "Polygon", "coordinates": [ [ [ 513373.859643554664217, 5686770.4735107421875 ], [ 513374.419458007789217, 5686772.922680663876235 ], [ 513380.330639648425858, 5686771.571557616814971 ], [ 513379.770825195300858, 5686769.122387695126235 ], [ 513373.859643554664217, 5686770.4735107421875 ] ] ] } },
{ "type": "Feature", "properties": { "id": 1260, "area_px": 5691.0, "aspect_ratio": 2.41, "zone": "yard" }, "geometry": { "type": "Polygon", "coordinates": [ [ [ 513193.9454345703125, 5686614.608789062127471 ], [ 513200.123931052803528, 5686615.566712590865791 ], [ 513200.514311912178528, 5686613.107239934615791 ], [ 513194.3358154296875, 5686612.149316405877471 ], [ 513193.9454345703125, 5686614.608789062127471 ] ] ] } },
{ "type": "Feature", "properties": { "id": 1262, "area_px": 5687.0, "aspect_ratio": 2.41, "zone": "yard" }, "geometry": { "type": "Polygon", "coordinates": [ [ [ 513162.099414062511642, 5686687.372338866814971 ], [ 513162.634716796863358, 5686689.781176757998765 ], [ 513168.437060546886642, 5686688.491772460751235 ], [ 513167.901757812476717, 5686686.082934570498765 ], [ 513162.099414062511642, 5686687.372338866814971 ] ] ] } },
{ "type": "Feature", "properties": { "id": 1263, "area_px": 5682.0, "aspect_ratio": 2.45, "zone": "yard" }, "geometry": { "type": "Polygon", "coordinates": [ [ [ 513264.621630859386642, 5686907.060394287109375 ], [ 513265.182031249976717, 5686909.488763427361846 ], [ 513271.13427734375, 5686908.115167235955596 ], [ 513270.573876953101717, 5686905.686798095703125 ], [ 513264.621630859386642, 5686907.060394287109375 ] ] ] } },
{ "type": "Feature", "properties": { "id": 1264, "area_px": 5680.0, "aspect_ratio": 2.14, "zone": "yard" }, "geometry": { "type": "Polygon", "coordinates": [ [ [ 513493.4541015625, 5686971.893530273810029 ], [ 513494.692968750023283, 5686977.468235778622329 ], [ 513497.292382812476717, 5686976.890588378533721 ], [ 513496.053515625011642, 5686971.315881347283721 ], [ 513493.4541015625, 5686971.893530273810029 ] ] ] } },
{ "type": "Feature", "properties": { "id": 1268, "area_px": 5662.0, "aspect_ratio": 2.4, "zone": "yard" }, "geometry": { "type": "Polygon", "coordinates": [ [ [ 513163.190393066382967, 5686746.486059570685029 ], [ 513163.730993652367033, 5686748.880102539435029 ], [ 513169.470593261707108, 5686747.584057617001235 ], [ 513168.92999267578125, 5686745.190014648251235 ], [ 513163.190393066382967, 5686746.486059570685029 ] ] ] } },
{ "type": "Feature", "properties": { "id": 1269, "area_px": 5662.0, "aspect_ratio": 2.2, "zone": "yard" }, "geometry": { "type": "Polygon", "coordinates": [ [ [ 513343.283102805784438, 5686637.140002219006419 ], [ 513343.902145774511155, 5686639.713928001001477 ], [ 513349.257983398449142, 5686638.527856444939971 ], [ 513348.638940429664217, 5686635.953930663876235 ], [ 513343.283102805784438, 5686637.140002219006419 ] ] ] } },
{ "type": "Feature", "properties": { "id": 1270, "area_px": 5653.0, "aspect_ratio": 2.35, "zone": "yard" }, "geometry": { "type": "Polygon", "coordinates": [ [ [ 513363.3106689453125, 5686812.012915039435029 ], [ 513363.880346679710783, 5686814.4814453125 ], [ 513369.682885742164217, 5686813.142407226376235 ], [ 513369.113208007824142, 5686810.673876953311265 ], [ 513363.3106689453125, 5686812.012915039435029 ] ] ] } },
{ "type": "Feature", "properties": { "id": 1272, "area_px": 5639.0, "aspect_ratio": 2.27, "zone": "yard" }, "geometry": { "type": "Polygon", "coordinates": [ [ [ 513238.564160156238358, 5686878.1326904296875 ], [ 513239.093164062476717, 5686880.601464843377471 ], [ 513244.703417968761642, 5686879.399267578497529 ], [ 513244.174414062523283, 5686876.930493163876235 ], [ 513238.564160156238358, 5686878.1326904296875 ] ] ] } },
{ "type": "Feature", "properties": { "id": 1273, "area_px": 5621.0, "aspect_ratio": 2.45, "zone": "yard" }, "geometry": { "type": "Polygon", "coordinates": [ [ [ 513261.643945312476717, 5686936.231561278924346 ], [ 513262.953857421875, 5686942.01704711932689 ], [ 513265.315771484398283, 5686941.482269287109375 ], [ 513264.005859375, 5686935.696783447638154 ], [ 513261.643945312476717, 5686936.231561278924346 ] ] ] } },
{ "type": "Feature", "properties": { "id": 1276, "area_px": 5611.0, "aspect_ratio": 2.29, "zone": "yard" }, "geometry": { "type": "Polygon", "coordinates": [ [ [ 513199.44635009765625, 5686679.050854492001235 ], [ 513200.019372558570467, 5686681.534008788876235 ], [ 513205.69775390625, 5686680.223608398810029 ], [ 513205.124707031238358, 5686677.740454101935029 ], [ 513199.44635009765625, 5686679.050854492001235 ] ] ] } },
{ "type": "Feature", "properties": { "id": 1281, "area_px": 5582.0, "aspect_ratio": 2.23, "zone": "yard" }, "geometry": { "type": "Polygon", "coordinates": [ [ [ 513294.238378906273283, 5686514.546777343377471 ], [ 513306.570636772725265, 5686516.389420722611248 ], [ 513306.982502007100265, 5686513.849479315802455 ], [ 513294.650244140648283, 5686512.0068359375 ], [ 513294.238378906273283, 5686514.546777343377471 ] ] ] } },
{ "type": "Feature", "properties": { "id": 1283, "area_px": 5570.0, "aspect_ratio": 2.27, "zone": "yard" }, "geometry": { "type": "Polygon", "coordinates": [ [ [ 513353.000468732730951, 5686766.155066581442952 ], [ 513353.527177717129234, 5686768.642371268942952 ], [ 513365.307052991585806, 5686765.946757807396352 ], [ 513364.780344007187523, 5686763.459453119896352 ], [ 513353.000468732730951, 5686766.155066581442952 ] ] ] } },
{ "type": "Feature", "properties": { "id": 1285, "area_px": 5563.0, "aspect_ratio": 2.87, "zone": "yard" }, "geometry": { "type": "Polygon", "coordinates": [ [ [ 513132.910729980445467, 5686667.759375000372529 ], [ 513133.235144042992033, 5686670.160107421688735 ], [ 513140.12420654296875, 5686669.229150390252471 ], [ 513139.799792480480392, 5686666.828417968936265 ], [ 513132.910729980445467, 5686667.759375000372529 ] ] ] } },
{ "type": "Feature", "properties": { "id": 1286, "area_px": 5562.0, "aspect_ratio": 2.33, "zone": "yard" }, "geometry": { "type": "Polygon", "coordinates": [ [ [ 513322.587011718773283, 5686744.563256835564971 ], [ 513323.105859374976717, 5686747.0277099609375 ], [ 513328.836083984351717, 5686745.821362304501235 ], [ 513328.317236328148283, 5686743.356909180060029 ], [ 513322.587011718773283, 5686744.563256835564971 ] ] ] } },
{ "type": "Feature", "properties": { "id": 1287, "area_px": 5561.0, "aspect_ratio": 2.29, "zone": "yard" }, "geometry": { "type": "Polygon", "coordinates": [ [ [ 513331.699731445289217, 5686674.627465819939971 ], [ 513332.249682617199142, 5686677.062963867560029 ], [ 513337.837377929710783, 5686675.801245117560029 ], [ 513337.287426757800858, 5686673.365747069939971 ], [ 513331.699731445289217, 5686674.627465819939971 ] ] ] } },
{ "type": "Feature", "properties": { "id": 1288, "area_px": 5560.0, "aspect_ratio": 2.38, "zone": "yard" }, "geometry": { "type": "Polygon", "coordinates": [ [ [ 513242.807324218738358, 5686758.618432616814971 ], [ 513243.37060546875, 5686761.049487304873765 ], [ 513249.150537109351717, 5686759.710229491814971 ], [ 513248.587255859398283, 5686757.2791748046875 ], [ 513242.807324218738358, 5686758.618432616814971 ] ] ] } },
{ "type": "Feature", "properties": { "id": 1289, "area_px": 5559.0, "aspect_ratio": 6.41, "zone": "yard" }, "geometry": { "type": "Polygon", "coordinates": [ [ [ 513235.208361544355284, 5686597.878613078035414 ], [ 513247.299009422189556, 5686599.79461738653481 ], [ 513247.629354992590379, 5686597.350060164928436 ], [ 513235.3735343295848, 5686595.566194084472954 ], [ 513235.208361544355284, 5686597.878613078035414 ] ] ] } },
{ "type": "Feature", "properties": { "id": 1290, "area_px": 5546.0, "aspect_ratio": 2.32, "zone": "yard" }, "geometry": { "type": "Polygon", "coordinates": [ [ [ 513353.750512695289217, 5686851.545190429314971 ], [ 513354.284155273460783, 5686853.984716797247529 ], [ 513359.941577148449142, 5686852.747167969122529 ], [ 513359.407934570335783, 5686850.307641601189971 ], [ 513353.750512695289217, 5686851.545190429314971 ] ] ] } },
{ "type": "Feature", "properties": { "id": 1291, "area_px": 5538.0, "aspect_ratio": 2.35, "zone": "yard" }, "geometry": { "type": "Polygon", "coordinates": [ [ [ 513181.638500976550858, 5686599.7113037109375 ], [ 513187.550512695335783, 5686600.6109619140625 ], [ 513187.933813476585783, 5686598.092114257626235 ], [ 513182.021801757800858, 5686597.192456054501235 ], [ 513181.638500976550858, 5686599.7113037109375 ] ] ] } },
{ "type": "Feature", "properties": { "id": 1292, "area_px": 5533.0, "aspect_ratio": 2.18, "zone": "yard" }, "geometry": { "type": "Polygon", "coordinates": [ [ [ 513116.018847656261642, 5686774.0841064453125 ], [ 513116.518798828125, 5686776.646313476376235 ], [ 513122.113134765648283, 5686775.554760742001235 ], [ 513121.613183593726717, 5686772.9925537109375 ], [ 513116.018847656261642, 5686774.0841064453125 ] ] ] } },
{ "type": "Feature", "properties": { "id": 1295, "area_px": 5511.0, "aspect_ratio": 1.89, "zone": "ship" }, "geometry": { "type": "Polygon", "coordinates": [ [ [ 513473.568387781851925, 5686896.782936223782599 ], [ 513476.350927734398283, 5686910.304229736328125 ], [ 513479.082666015601717, 5686909.71638793963939 ], [ 513476.300126063113566, 5686896.195094427093863 ], [ 513473.568387781851925, 5686896.782936223782599 ] ] ] } },
{ "type": "Feature", "properties": { "id": 1297, "area_px": 5492.0, "aspect_ratio": 2.25, "zone": "yard" }, "geometry": { "type": "Polygon", "coordinates": [ [ [ 513194.313513183617033, 5686612.068920898251235 ], [ 513200.386812411888968, 5686613.152732654474676 ], [ 513200.803023349377327, 5686610.655418201349676 ], [ 513194.729724121105392, 5686609.571606445126235 ], [ 513194.313513183617033, 5686612.068920898251235 ] ] ] } },
{ "type": "Feature", "properties": { "id": 1300, "area_px": 5467.0, "aspect_ratio": 2.37, "zone": "yard" }, "geometry": { "type": "Polygon", "coordinates": [ [ [ 513496.984619140625, 5686948.123077392578125 ], [ 513498.190380859363358, 5686954.151922607794404 ], [ 513500.728857421898283, 5686953.644232178106904 ], [ 513499.523095703101717, 5686947.615386962890625 ], [ 513496.984619140625, 5686948.123077392578125 ] ] ] } },
{ "type": "Feature", "properties": { "id": 1303, "area_px": 5455.0, "aspect_ratio": 2.42, "zone": "yard" }, "geometry": { "type": "Polygon", "coordinates": [ [ [ 513243.977636718773283, 5686952.949411010369658 ], [ 513245.265869140625, 5686958.746469115838408 ], [ 513247.664111328136642, 5686958.213528442196548 ], [ 513246.375878906226717, 5686952.416470336727798 ], [ 513243.977636718773283, 5686952.949411010369658 ] ] ] } },
{ "type": "Feature", "properties": { "id": 1304, "area_px": 5452.0, "aspect_ratio": 2.35, "zone": "yard" }, "geometry": { "type": "Polygon", "coordinates": [ [ [ 513299.486328125, 5686787.052954101935029 ], [ 513300.008056640625, 5686789.487573241814971 ], [ 513305.724169921886642, 5686788.262670898810029 ], [ 513305.202441406261642, 5686785.828051757998765 ], [ 513299.486328125, 5686787.052954101935029 ] ] ] } },
{ "type": "Feature", "properties": { "id": 1308, "area_px": 5431.0, "aspect_ratio": 2.6, "zone": "yard" }, "geometry": { "type": "Polygon", "coordinates": [ [ [ 513239.636523437511642, 5686603.709912109188735 ], [ 513245.586767578148283, 5686604.615380859002471 ], [ 513245.935498046863358, 5686602.323876952752471 ], [ 513239.985253906226717, 5686601.418408202938735 ], [ 513239.636523437511642, 5686603.709912109188735 ] ] ] } },
{ "type": "Feature", "properties": { "id": 1309, "area_px": 5416.0, "aspect_ratio": 2.3, "zone": "yard" }, "geometry": { "type": "Polygon", "coordinates": [ [ [ 513319.378247070300858, 5686677.377050781622529 ], [ 513319.918237304664217, 5686679.807031249627471 ], [ 513325.508813476539217, 5686678.564697265625 ], [ 513324.968823242175858, 5686676.134716796688735 ], [ 513319.378247070300858, 5686677.377050781622529 ] ] ] } },
{ "type": "Feature", "properties": { "id": 1310, "area_px": 5405.0, "aspect_ratio": 2.61, "zone": "yard" }, "geometry": { "type": "Polygon", "coordinates": [ [ [ 513173.043542480445467, 5686608.770190429873765 ], [ 513179.299328613269608, 5686609.4229736328125 ], [ 513179.549450683582108, 5686607.026049804873765 ], [ 513173.293664550757967, 5686606.373266601935029 ], [ 513173.043542480445467, 5686608.770190429873765 ] ] ] } },
{ "type": "Feature", "properties": { "id": 1312, "area_px": 5399.0, "aspect_ratio": 2.3, "zone": "yard" }, "geometry": { "type": "Polygon", "coordinates": [ [ [ 513322.545507812523283, 5686858.547192382626235 ], [ 513323.105908203113358, 5686860.975561523810029 ], [ 513328.682031249976717, 5686859.688769531436265 ], [ 513328.121630859386642, 5686857.260400390252471 ], [ 513322.545507812523283, 5686858.547192382626235 ] ] ] } },
{ "type": "Feature", "properties": { "id": 1313, "area_px": 5388.0, "aspect_ratio": 2.11, "zone": "yard" }, "geometry": { "type": "Polygon", "coordinates": [ [ [ 513189.475292968738358, 5686948.588818359188735 ], [ 513190.039990234363358, 5686951.129998778924346 ], [ 513196.15171298122732, 5686949.894192449748516 ], [ 513195.58701571560232, 5686947.353012029081583 ], [ 513189.475292968738358, 5686948.588818359188735 ] ] ] } },
{ "type": "Feature", "properties": { "id": 1317, "area_px": 5370.0, "aspect_ratio": 2.13, "zone": "ship" }, "geometry": { "type": "Polygon", "coordinates": [ [ [ 513466.431640625, 5686721.233447265811265 ], [ 513467.623242187488358, 5686726.635302734561265 ], [ 513470.16357421875, 5686726.074951171875 ], [ 513468.971972656261642, 5686720.673095703125 ], [ 513466.431640625, 5686721.233447265811265 ] ] ] } },
{ "type": "Feature", "properties": { "id": 1318, "area_px": 5354.0, "aspect_ratio": 5.85, "zone": "yard" }, "geometry": { "type": "Polygon", "coordinates": [ [ [ 513281.379565429699142, 5686932.248400879092515 ], [ 513283.426049804664217, 5686941.304003906436265 ], [ 513284.973559570324142, 5686940.95428466796875 ], [ 513282.927075195300858, 5686931.898681640625 ], [ 513281.379565429699142, 5686932.248400879092515 ] ] ] } },
{ "type": "Feature", "properties": { "id": 1321, "area_px": 5326.0, "aspect_ratio": 2.65, "zone": "yard" }, "geometry": { "type": "Polygon", "coordinates": [ [ [ 513226.057789243524894, 5686601.628035300411284 ], [ 513232.169182296551298, 5686602.453899226151407 ], [ 513232.513208007789217, 5686600.103784179314971 ], [ 513226.487238485133275, 5686599.266064471565187 ], [ 513226.057789243524894, 5686601.628035300411284 ] ] ] } },
{ "type": "Feature", "properties": { "id": 1323, "area_px": 5322.0, "aspect_ratio": 2.69, "zone": "ship" }, "geometry": { "type": "Polygon", "coordinates": [ [ [ 513497.326611328113358, 5686857.843029784969985 ], [ 513497.950830078101717, 5686864.709020996466279 ], [ 513500.506982421851717, 5686864.476647948846221 ], [ 513499.882763671863358, 5686857.61065673828125 ], [ 513497.326611328113358, 5686857.843029784969985 ] ] ] } },
{ "type": "Feature", "properties": { "id": 1325, "area_px": 5315.0, "aspect_ratio": 2.2, "zone": "yard" }, "geometry": { "type": "Polygon", "coordinates": [ [ [ 513393.040124057151843, 5686996.669857797212899 ], [ 513393.596129916491918, 5686999.141005525365472 ], [ 513405.437304687511642, 5686996.399107742123306 ], [ 513404.881298828113358, 5686993.92796020489186 ], [ 513393.040124057151843, 5686996.669857797212899 ] ] ] } },
{ "type": "Feature", "properties": { "id": 1333, "area_px": 5240.0, "aspect_ratio": 2.1, "zone": "yard" }, "geometry": { "type": "Polygon", "coordinates": [ [ [ 513294.636499023414217, 5686511.981054687872529 ], [ 513307.07464889169205, 5686513.855880461633205 ], [ 513307.49627975106705, 5686511.326192961074412 ], [ 513295.058129882789217, 5686509.451367187313735 ], [ 513294.636499023414217, 5686511.981054687872529 ] ] ] } },
{ "type": "Feature", "properties": { "id": 1336, "area_px": 5233.0, "aspect_ratio": 1.99, "zone": "ship" }, "geometry": { "type": "Polygon", "coordinates": [ [ [ 513469.940912374702748, 5686766.74025715328753 ], [ 513472.836474609386642, 5686779.614111328497529 ], [ 513475.425341796886642, 5686779.038818359375 ], [ 513472.583676938083954, 5686766.564072849228978 ], [ 513469.940912374702748, 5686766.74025715328753 ] ] ] } },
{ "type": "Feature", "properties": { "id": 1338, "area_px": 5216.0, "aspect_ratio": 2.22, "zone": "yard" }, "geometry": { "type": "Polygon", "coordinates": [ [ [ 513220.126220703125, 5686648.516308593563735 ], [ 513220.66455078125, 5686650.951513672247529 ], [ 513232.061164786922745, 5686648.346970877610147 ], [ 513231.522834708797745, 5686645.911765798926353 ], [ 513220.126220703125, 5686648.516308593563735 ] ] ] } },
{ "type": "Feature", "properties": { "id": 1341, "area_px": 5211.0, "aspect_ratio": 2.02, "zone": "yard" }, "geometry": { "type": "Polygon", "coordinates": [ [ [ 513345.655615234398283, 5686761.059497070498765 ], [ 513346.205859375011642, 5686763.6273193359375 ], [ 513351.389257812523283, 5686762.516577148810029 ], [ 513350.839013671851717, 5686759.948754882439971 ], [ 513345.655615234398283, 5686761.059497070498765 ] ] ] } },
{ "type": "Feature", "properties": { "id": 1343, "area_px": 5200.0, "aspect_ratio": 2.12, "zone": "yard" }, "geometry": { "type": "Polygon", "coordinates": [ [ [ 513189.548181152320467, 5686595.620312499813735 ], [ 513194.845593261707108, 5686596.477246093563735 ], [ 513195.249890136707108, 5686593.977929687127471 ], [ 513189.952478027320467, 5686593.120996093377471 ], [ 513189.548181152320467, 5686595.620312499813735 ] ] ] } },
{ "type": "Feature", "properties": { "id": 1344, "area_px": 5195.0, "aspect_ratio": 6.24, "zone": "yard" }, "geometry": { "type": "Polygon", "coordinates": [ [ [ 513277.362646484398283, 5686933.241143798455596 ], [ 513279.493115234363358, 5686942.29573364276439 ], [ 513280.945068359375, 5686941.954095458611846 ], [ 513278.814599609351717, 5686932.899505615234375 ], [ 513277.362646484398283, 5686933.241143798455596 ] ] ] } },
{ "type": "Feature", "properties": { "id": 1345, "area_px": 5192.0, "aspect_ratio": 2.21, "zone": "yard" }, "geometry": { "type": "Polygon", "coordinates": [ [ [ 513320.162768554699142, 5686995.540358734317124 ], [ 513320.7303466796875, 5686997.972919464111328 ], [ 513326.1138916015625, 5686996.716754913330078 ], [ 513325.546313476574142, 5686994.284194183535874 ], [ 513320.162768554699142, 5686995.540358734317124 ] ] ] } },
{ "type": "Feature", "properties": { "id": 1346, "area_px": 5182.0, "aspect_ratio": 2.54, "zone": "yard" }, "geometry": { "type": "Polygon", "coordinates": [ [ [ 513211.076617624319624, 5686601.694104415364563 ], [ 513217.284155273460783, 5686602.608422851189971 ], [ 513217.532690429710783, 5686600.123266601935029 ], [ 513211.340894080640282, 5686599.282581751234829 ], [ 513211.076617624319624, 5686601.694104415364563 ] ] ] } },
{ "type": "Feature", "properties": { "id": 1349, "area_px": 5142.0, "aspect_ratio": 2.14, "zone": "yard" }, "geometry": { "type": "Polygon", "coordinates": [ [ [ 513289.568066406238358, 5686802.259533691219985 ], [ 513290.128955078136642, 5686804.727502441033721 ], [ 513296.146107787557412, 5686803.28748878184706 ], [ 513295.595531836908776, 5686800.909000675193965 ], [ 513289.568066406238358, 5686802.259533691219985 ] ] ] } },
{ "type": "Feature", "properties": { "id": 1350, "area_px": 5141.0, "aspect_ratio": 2.07, "zone": "yard" }, "geometry": { "type": "Polygon", "coordinates": [ [ [ 513166.694690236938186, 5686597.151852826587856 ], [ 513172.773048732895404, 5686598.275027765892446 ], [ 513173.103394303354435, 5686595.764401431195438 ], [ 513166.924841308617033, 5686594.771069335751235 ], [ 513166.694690236938186, 5686597.151852826587856 ] ] ] } },
{ "type": "Feature", "properties": { "id": 1351, "area_px": 5134.0, "aspect_ratio": 2.23, "zone": "yard" }, "geometry": { "type": "Polygon", "coordinates": [ [ [ 513358.587353515613358, 5686905.16160278301686 ], [ 513359.588671875011642, 5686910.56876831036061 ], [ 513362.012939453125, 5686910.11983032245189 ], [ 513361.011621093726717, 5686904.71266479510814 ], [ 513358.587353515613358, 5686905.16160278301686 ] ] ] } },
{ "type": "Feature", "properties": { "id": 1353, "area_px": 5118.0, "aspect_ratio": 2.0, "zone": "yard" }, "geometry": { "type": "Polygon", "coordinates": [ [ [ 513488.869384765625, 5686974.492060852237046 ], [ 513490.082958984363358, 5686979.703285217285156 ], [ 513492.685693359351717, 5686979.097178650088608 ], [ 513491.472119140613358, 5686973.885955810546875 ], [ 513488.869384765625, 5686974.492060852237046 ] ] ] } },
{ "type": "Feature", "properties": { "id": 1354, "area_px": 5086.0, "aspect_ratio": 2.92, "zone": "yard" }, "geometry": { "type": "Polygon", "coordinates": [ [ [ 513200.721630859363358, 5686620.580126953311265 ], [ 513206.856372070324142, 5686621.52880859375 ], [ 513207.181225585925858, 5686619.428027343936265 ], [ 513201.046484375023283, 5686618.479345703497529 ], [ 513200.721630859363358, 5686620.580126953311265 ] ] ] } },
{ "type": "Feature", "properties": { "id": 1355, "area_px": 5081.0, "aspect_ratio": 2.18, "zone": "yard" }, "geometry": { "type": "Polygon", "coordinates": [ [ [ 513488.473974609398283, 5686530.679736328311265 ], [ 513490.956787109375, 5686531.079248046502471 ], [ 513491.828955078148283, 5686525.659228515811265 ], [ 513489.346142578113358, 5686525.259716796688735 ], [ 513488.473974609398283, 5686530.679736328311265 ] ] ] } },
{ "type": "Feature", "properties": { "id": 1356, "area_px": 5073.0, "aspect_ratio": 2.1, "zone": "ship" }, "geometry": { "type": "Polygon", "coordinates": [ [ [ 513480.497851562511642, 5686774.4617919921875 ], [ 513481.684375000011642, 5686779.7164306640625 ], [ 513484.181250000023283, 5686779.152612304314971 ], [ 513482.994726562523283, 5686773.897973632439971 ], [ 513480.497851562511642, 5686774.4617919921875 ] ] ] } },
{ "type": "Feature", "properties": { "id": 1362, "area_px": 5054.0, "aspect_ratio": 3.15, "zone": "ship" }, "geometry": { "type": "Polygon", "coordinates": [ [ [ 513498.923230416839942, 5686930.415475776419044 ], [ 513500.200566622370388, 5686930.107153244316578 ], [ 513499.950000000011642, 5686923.299999999813735 ], [ 513497.599999999976717, 5686923.299999999813735 ], [ 513498.923230416839942, 5686930.415475776419044 ] ] ] } },
{ "type": "Feature", "properties": { "id": 1364, "area_px": 5045.0, "aspect_ratio": 4.89, "zone": "yard" }, "geometry": { "type": "Polygon", "coordinates": [ [ [ 513295.925877407309599, 5686800.776862447150052 ], [ 513296.24282404629048, 5686803.255257897078991 ], [ 513302.356604510976467, 5686802.010152576491237 ], [ 513301.916143750422634, 5686799.543572317808867 ], [ 513295.925877407309599, 5686800.776862447150052 ] ] ] } },
{ "type": "Feature", "properties": { "id": 1367, "area_px": 5028.0, "aspect_ratio": 2.38, "zone": "yard" }, "geometry": { "type": "Polygon", "coordinates": [ [ [ 513388.251782226550858, 5686975.93294067401439 ], [ 513388.8023681640625, 5686978.410589599981904 ], [ 513394.6947021484375, 5686977.10117797832936 ], [ 513394.144116210925858, 5686974.623529052361846 ], [ 513388.251782226550858, 5686975.93294067401439 ] ] ] } },
{ "type": "Feature", "properties": { "id": 1368, "area_px": 5027.0, "aspect_ratio": 2.85, "zone": "yard" }, "geometry": { "type": "Polygon", "coordinates": [ [ [ 513229.640649414039217, 5686622.617431640625 ], [ 513235.754614257835783, 5686623.760205077938735 ], [ 513236.155932617199142, 5686621.613232421688735 ], [ 513230.041967773460783, 5686620.470458984375 ], [ 513229.640649414039217, 5686622.617431640625 ] ] ] } },
{ "type": "Feature", "properties": { "id": 1370, "area_px": 5017.0, "aspect_ratio": 2.09, "zone": "yard" }, "geometry": { "type": "Polygon", "coordinates": [ [ [ 513401.582714843738358, 5686977.547367858700454 ], [ 513402.151416015636642, 5686979.984669494442642 ], [ 513413.97689143527532, 5686977.234205180779099 ], [ 513413.408190263377037, 5686974.796903545036912 ], [ 513401.582714843738358, 5686977.547367858700454 ] ] ] } },
{ "type": "Feature", "properties": { "id": 1371, "area_px": 5015.0, "aspect_ratio": 2.13, "zone": "yard" }, "geometry": { "type": "Polygon", "coordinates": [ [ [ 513410.844091796898283, 5686605.174902344122529 ], [ 513412.062451171863358, 5686610.352929687127471 ], [ 513414.498193359351717, 5686609.779833984561265 ], [ 513413.279833984386642, 5686604.601806640625 ], [ 513410.844091796898283, 5686605.174902344122529 ] ] ] } },
{ "type": "Feature", "properties": { "id": 1375, "area_px": 5002.0, "aspect_ratio": 1.95, "zone": "yard" }, "geometry": { "type": "Polygon", "coordinates": [ [ [ 513347.870581054710783, 5686500.067626953125 ], [ 513348.9906005859375, 5686505.107666015625 ], [ 513351.568823242210783, 5686504.534716797061265 ], [ 513350.448803710925858, 5686499.494677734561265 ], [ 513347.870581054710783, 5686500.067626953125 ] ] ] } },
{ "type": "Feature", "properties": { "id": 1376, "area_px": 4997.0, "aspect_ratio": 2.2, "zone": "yard" }, "geometry": { "type": "Polygon", "coordinates": [ [ [ 513168.200338022434153, 5686685.944316184148192 ], [ 513168.733272592711728, 5686688.342558371834457 ], [ 513174.584118652332108, 5686687.103540038689971 ], [ 513174.051184082054533, 5686684.705297851935029 ], [ 513168.200338022434153, 5686685.944316184148192 ] ] ] } },
{ "type": "Feature", "properties": { "id": 1377, "area_px": 4995.0, "aspect_ratio": 3.08, "zone": "yard" }, "geometry": { "type": "Polygon", "coordinates": [ [ [ 513214.784936523414217, 5686622.962475585751235 ], [ 513221.017797851585783, 5686623.879077148623765 ], [ 513221.315405273460783, 5686621.855200195685029 ], [ 513215.082543945289217, 5686620.9385986328125 ], [ 513214.784936523414217, 5686622.962475585751235 ] ] ] } },
{ "type": "Feature", "properties": { "id": 1380, "area_px": 4988.0, "aspect_ratio": 1.8, "zone": "ship" }, "geometry": { "type": "Polygon", "coordinates": [ [ [ 513463.759375000023283, 5686721.952050780877471 ], [ 513464.855566406273283, 5686726.798144531436265 ], [ 513467.543066406273283, 5686726.190234375186265 ], [ 513466.446875000023283, 5686721.344140624627471 ], [ 513463.759375000023283, 5686721.952050780877471 ] ] ] } },
{ "type": "Feature", "properties": { "id": 1381, "area_px": 4987.0, "aspect_ratio": 2.28, "zone": "yard" }, "geometry": { "type": "Polygon", "coordinates": [ [ [ 513213.265283203101717, 5686684.468823242001235 ], [ 513213.8076171875, 5686686.909399414435029 ], [ 513219.377050781273283, 5686685.6717529296875 ], [ 513218.834716796875, 5686683.231176758185029 ], [ 513213.265283203101717, 5686684.468823242001235 ] ] ] } },
{ "type": "Feature", "properties": { "id": 1383, "area_px": 4977.0, "aspect_ratio": 2.04, "zone": "yard" }, "geometry": { "type": "Polygon", "coordinates": [ [ [ 513399.459863281226717, 5686990.939302826300263 ], [ 513400.003320312476717, 5686993.415125275030732 ], [ 513405.060839843761642, 5686992.304938507266343 ], [ 513404.517382812511642, 5686989.829116058535874 ], [ 513399.459863281226717, 5686990.939302826300263 ] ] ] } },
{ "type": "Feature", "properties": { "id": 1385, "area_px": 4951.0, "aspect_ratio": 2.08, "zone": "yard" }, "geometry": { "type": "Polygon", "coordinates": [ [ [ 513194.746313476585783, 5686609.513452148064971 ], [ 513200.728489603032358, 5686610.46473971195519 ], [ 513201.146238626446575, 5686607.993108852766454 ], [ 513195.1640625, 5686607.041821288876235 ], [ 513194.746313476585783, 5686609.513452148064971 ] ] ] } },
{ "type": "Feature", "properties": { "id": 1390, "area_px": 4933.0, "aspect_ratio": 4.73, "zone": "yard" }, "geometry": { "type": "Polygon", "coordinates": [ [ [ 513274.376334699976724, 5686712.00199615675956 ], [ 513286.62114384258166, 5686709.183047289028764 ], [ 513285.916406625765376, 5686706.540282725356519 ], [ 513274.023966091510374, 5686709.27113944105804 ], [ 513274.464426852064207, 5686711.825811851769686 ], [ 513274.376334699976724, 5686712.00199615675956 ] ] ] } },
{ "type": "Feature", "properties": { "id": 1392, "area_px": 4928.0, "aspect_ratio": 2.01, "zone": "yard" }, "geometry": { "type": "Polygon", "coordinates": [ [ [ 513344.774376330489758, 5686815.936920276843011 ], [ 513345.327306018036325, 5686818.425152698531747 ], [ 513351.2005615234375, 5686817.227636719122529 ], [ 513350.647631835949142, 5686814.739404296502471 ], [ 513344.774376330489758, 5686815.936920276843011 ] ] ] } },
{ "type": "Feature", "properties": { "id": 1395, "area_px": 4917.0, "aspect_ratio": 2.12, "zone": "yard" }, "geometry": { "type": "Polygon", "coordinates": [ [ [ 513166.25, 5686600.0 ], [ 513172.376634048356209, 5686600.587446759454906 ], [ 513172.508772276574746, 5686598.473235107958317 ], [ 513166.694690236938186, 5686597.680405739694834 ], [ 513166.25, 5686600.0 ] ] ] } },
{ "type": "Feature", "properties": { "id": 1400, "area_px": 4893.0, "aspect_ratio": 2.03, "zone": "yard" }, "geometry": { "type": "Polygon", "coordinates": [ [ [ 513320.546582031238358, 5686795.397851562127471 ], [ 513321.125585937523283, 5686797.858679199591279 ], [ 513326.122460937476717, 5686796.682958984747529 ], [ 513325.54345703125, 5686794.222119140438735 ], [ 513320.546582031238358, 5686795.397851562127471 ] ] ] } },
{ "type": "Feature", "properties": { "id": 1401, "area_px": 4891.0, "aspect_ratio": 1.93, "zone": "yard" }, "geometry": { "type": "Polygon", "coordinates": [ [ [ 513295.008374023425858, 5686509.470507812686265 ], [ 513307.535814330913126, 5686511.352081188932061 ], [ 513307.928294799639843, 5686508.80090931430459 ], [ 513295.400854492210783, 5686506.919335937127471 ], [ 513295.008374023425858, 5686509.470507812686265 ] ] ] } },
{ "type": "Feature", "properties": { "id": 1404, "area_px": 4862.0, "aspect_ratio": 1.96, "zone": "yard" }, "geometry": { "type": "Polygon", "coordinates": [ [ [ 513268.741186523460783, 5686893.035302734002471 ], [ 513269.3023681640625, 5686895.560595703311265 ], [ 513274.241772460925858, 5686894.462939453311265 ], [ 513273.680590820324142, 5686891.937646484002471 ], [ 513268.741186523460783, 5686893.035302734002471 ] ] ] } },
{ "type": "Feature", "properties": { "id": 1406, "area_px": 4858.0, "aspect_ratio": 2.14, "zone": "yard" }, "geometry": { "type": "Polygon", "coordinates": [ [ [ 513343.505883789039217, 5686672.026464844122529 ], [ 513344.037670898425858, 5686674.419384765438735 ], [ 513349.167651367199142, 5686673.279394531622529 ], [ 513348.6358642578125, 5686670.886474609375 ], [ 513343.505883789039217, 5686672.026464844122529 ] ] ] } },
{ "type": "Feature", "properties": { "id": 1409, "area_px": 4844.0, "aspect_ratio": 2.01, "zone": "yard" }, "geometry": { "type": "Polygon", "coordinates": [ [ [ 513367.778618162730709, 5686771.779944069683552 ], [ 513368.33896972524235, 5686774.261487038806081 ], [ 513374.287915039050858, 5686772.960791015997529 ], [ 513373.727563476539217, 5686770.479248046875 ], [ 513367.778618162730709, 5686771.779944069683552 ] ] ] } },
{ "type": "Feature", "properties": { "id": 1413, "area_px": 4796.0, "aspect_ratio": 2.02, "zone": "yard" }, "geometry": { "type": "Polygon", "coordinates": [ [ [ 513290.349304865696467, 5686832.569369451142848 ], [ 513290.881238459434826, 5686835.051815740764141 ], [ 513302.250191770493984, 5686832.477173959836364 ], [ 513301.718258176697418, 5686829.99472767021507 ], [ 513290.349304865696467, 5686832.569369451142848 ] ] ] } },
{ "type": "Feature", "properties": { "id": 1419, "area_px": 4755.0, "aspect_ratio": 1.98, "zone": "yard" }, "geometry": { "type": "Polygon", "coordinates": [ [ [ 513221.517140445066616, 5686916.496045033447444 ], [ 513222.093214663793333, 5686918.964965932071209 ], [ 513227.9871826171875, 5686917.73799438495189 ], [ 513227.411108398460783, 5686915.269073486328125 ], [ 513221.517140445066616, 5686916.496045033447444 ] ] ] } },
{ "type": "Feature", "properties": { "id": 1420, "area_px": 4753.0, "aspect_ratio": 1.62, "zone": "ship" }, "geometry": { "type": "Polygon", "coordinates": [ [ [ 513472.716916723409668, 5686766.449947165325284 ], [ 513475.519970703113358, 5686779.009985351935029 ], [ 513478.324755859386642, 5686778.367211913689971 ], [ 513475.521701879682951, 5686765.807173728011549 ], [ 513472.716916723409668, 5686766.449947165325284 ] ] ] } },
{ "type": "Feature", "properties": { "id": 1422, "area_px": 4738.0, "aspect_ratio": 1.67, "zone": "ship" }, "geometry": { "type": "Polygon", "coordinates": [ [ [ 513476.242493339115754, 5686896.266816171817482 ], [ 513479.135302734386642, 5686909.658825683407485 ], [ 513481.830029296863358, 5686909.05999755859375 ], [ 513478.937219901592471, 5686895.667988047003746 ], [ 513476.242493339115754, 5686896.266816171817482 ] ] ] } },
{ "type": "Feature", "properties": { "id": 1426, "area_px": 4727.0, "aspect_ratio": 1.86, "zone": "yard" }, "geometry": { "type": "Polygon", "coordinates": [ [ [ 513167.570146038604435, 5686592.13857532851398 ], [ 513173.669921875, 5686593.2437744140625 ], [ 513174.087158203125, 5686590.670874023810029 ], [ 513167.987382366729435, 5686589.565650523640215 ], [ 513167.570146038604435, 5686592.13857532851398 ] ] ] } },
{ "type": "Feature", "properties": { "id": 1427, "area_px": 4689.0, "aspect_ratio": 1.92, "zone": "yard" }, "geometry": { "type": "Polygon", "coordinates": [ [ [ 513343.862377929675858, 5686757.180590820498765 ], [ 513344.416479492210783, 5686759.674096679314971 ], [ 513349.197045898414217, 5686758.611743164248765 ], [ 513348.6429443359375, 5686756.118237304501235 ], [ 513343.862377929675858, 5686757.180590820498765 ] ] ] } },
{ "type": "Feature", "properties": { "id": 1429, "area_px": 4654.0, "aspect_ratio": 1.89, "zone": "yard" }, "geometry": { "type": "Polygon", "coordinates": [ [ [ 513190.087060546851717, 5686808.141760254278779 ], [ 513190.644702148449142, 5686810.65118408203125 ], [ 513195.393530273460783, 5686809.59588623046875 ], [ 513194.835888671863358, 5686807.086462402716279 ], [ 513190.087060546851717, 5686808.141760254278779 ] ] ] } },
{ "type": "Feature", "properties": { "id": 1433, "area_px": 4636.0, "aspect_ratio": 1.92, "zone": "yard" }, "geometry": { "type": "Polygon", "coordinates": [ [ [ 513390.720375086762942, 5686933.4668521406129 ], [ 513391.229066493047867, 5686935.953717375174165 ], [ 513397.205517578113358, 5686934.710241699591279 ], [ 513396.696826171886642, 5686932.223376465030015 ], [ 513390.720375086762942, 5686933.4668521406129 ] ] ] } },
{ "type": "Feature", "properties": { "id": 1434, "area_px": 4634.0, "aspect_ratio": 3.16, "zone": "yard" }, "geometry": { "type": "Polygon", "coordinates": [ [ [ 513209.533251953136642, 5686611.261694336310029 ], [ 513215.562792968761642, 5686612.201342773623765 ], [ 513215.8603515625, 5686610.2918701171875 ], [ 513209.830810546875, 5686609.352221679873765 ], [ 513209.533251953136642, 5686611.261694336310029 ] ] ] } },
{ "type": "Feature", "properties": { "id": 1438, "area_px": 4611.0, "aspect_ratio": 1.9, "zone": "yard" }, "geometry": { "type": "Polygon", "coordinates": [ [ [ 513167.000781250011642, 5686594.720117187127471 ], [ 513173.066694781708065, 5686595.677455388940871 ], [ 513173.466694781731348, 5686593.177455388940871 ], [ 513167.400781249976717, 5686592.220117187127471 ], [ 513167.000781250011642, 5686594.720117187127471 ] ] ] } },
{ "type": "Feature", "properties": { "id": 1439, "area_px": 4600.0, "aspect_ratio": 1.38, "zone": "ship" }, "geometry": { "type": "Polygon", "coordinates": [ [ [ 513477.722851562488358, 5686804.162976074032485 ], [ 513480.556484377710149, 5686817.219347269274294 ], [ 513483.504824221425224, 5686816.570714456960559 ], [ 513480.671191406261642, 5686803.51434326171875 ], [ 513477.722851562488358, 5686804.162976074032485 ] ] ] } },
{ "type": "Feature", "properties": { "id": 1442, "area_px": 4580.0, "aspect_ratio": 1.94, "zone": "yard" }, "geometry": { "type": "Polygon", "coordinates": [ [ [ 513266.991137695324142, 5686915.469311523251235 ], [ 513267.522729492164217, 5686917.914624023251235 ], [ 513273.325147818541154, 5686916.728870959952474 ], [ 513272.793556021642871, 5686914.283558459952474 ], [ 513266.991137695324142, 5686915.469311523251235 ] ] ] } },
{ "type": "Feature", "properties": { "id": 1444, "area_px": 4573.0, "aspect_ratio": 3.41, "zone": "yard" }, "geometry": { "type": "Polygon", "coordinates": [ [ [ 513316.671579212707002, 5686600.983861434273422 ], [ 513322.485661252343562, 5686602.107036373578012 ], [ 513323.146352393203415, 5686599.629444595426321 ], [ 513317.233166682417504, 5686598.572338770143688 ], [ 513316.671579212707002, 5686600.983861434273422 ] ] ] } },
{ "type": "Feature", "properties": { "id": 1449, "area_px": 4531.0, "aspect_ratio": 5.05, "zone": "yard" }, "geometry": { "type": "Polygon", "coordinates": [ [ [ 513397.969624098564964, 5686589.410754946060479 ], [ 513400.348112205625512, 5686600.686550416052341 ], [ 513402.726600312627852, 5686600.466320035979152 ], [ 513399.950000000011642, 5686588.849999999627471 ], [ 513397.969624098564964, 5686589.410754946060479 ] ] ] } },
{ "type": "Feature", "properties": { "id": 1450, "area_px": 4528.0, "aspect_ratio": 2.14, "zone": "yard" }, "geometry": { "type": "Polygon", "coordinates": [ [ [ 513262.726147561275866, 5686599.959790170192719 ], [ 513274.717691767960787, 5686601.77669080812484 ], [ 513274.915899110201281, 5686599.49730637203902 ], [ 513263.056493131676689, 5686597.581302063539624 ], [ 513262.726147561275866, 5686599.959790170192719 ] ] ] } },
{ "type": "Feature", "properties": { "id": 1454, "area_px": 4499.0, "aspect_ratio": 1.6, "zone": "ship" }, "geometry": { "type": "Polygon", "coordinates": [ [ [ 513461.0615234375, 5686722.666577148251235 ], [ 513462.047460937523283, 5686726.939038085751235 ], [ 513464.72412109375, 5686726.321362304501235 ], [ 513463.738183593726717, 5686722.048901367001235 ], [ 513461.0615234375, 5686722.666577148251235 ] ] ] } },
{ "type": "Feature", "properties": { "id": 1455, "area_px": 4494.0, "aspect_ratio": 1.9, "zone": "yard" }, "geometry": { "type": "Polygon", "coordinates": [ [ [ 513396.0960693359375, 5686641.083276366814971 ], [ 513397.171459960925858, 5686645.653784180060029 ], [ 513399.570971679699142, 5686645.089184570126235 ], [ 513398.495581054710783, 5686640.5186767578125 ], [ 513396.0960693359375, 5686641.083276366814971 ] ] ] } },
{ "type": "Feature", "properties": { "id": 1462, "area_px": 4453.0, "aspect_ratio": 1.88, "zone": "yard" }, "geometry": { "type": "Polygon", "coordinates": [ [ [ 513292.784399414085783, 5686524.851464843377471 ], [ 513304.784526155795902, 5686526.626441762782633 ], [ 513305.165434358932544, 5686524.150465200655162 ], [ 513293.165307617164217, 5686522.37548828125 ], [ 513292.784399414085783, 5686524.851464843377471 ] ] ] } },
{ "type": "Feature", "properties": { "id": 1465, "area_px": 4440.0, "aspect_ratio": 1.7, "zone": "ship" }, "geometry": { "type": "Polygon", "coordinates": [ [ [ 513483.684386540437117, 5686803.308292345143855 ], [ 513485.191748046898283, 5686809.562939452938735 ], [ 513487.780615234398283, 5686808.987646484747529 ], [ 513486.273253727937117, 5686802.732999376952648 ], [ 513483.684386540437117, 5686803.308292345143855 ] ] ] } },
{ "type": "Feature", "properties": { "id": 1470, "area_px": 4425.0, "aspect_ratio": 1.8, "zone": "yard" }, "geometry": { "type": "Polygon", "coordinates": [ [ [ 513258.312353515648283, 5686823.230603027157485 ], [ 513258.862939453101717, 5686825.708239746280015 ], [ 513263.325878906238358, 5686824.716467285528779 ], [ 513262.775292968726717, 5686822.23883056640625 ], [ 513258.312353515648283, 5686823.230603027157485 ] ] ] } },
{ "type": "Feature", "properties": { "id": 1480, "area_px": 4350.0, "aspect_ratio": 5.0, "zone": "yard" }, "geometry": { "type": "Polygon", "coordinates": [ [ [ 513394.738416177919134, 5686976.900000000372529 ], [ 513400.606882918858901, 5686975.722370788455009 ], [ 513400.122376082115807, 5686973.40995179489255 ], [ 513394.396386193286162, 5686974.863472305238247 ], [ 513394.738416177919134, 5686976.900000000372529 ] ] ] } },
{ "type": "Feature", "properties": { "id": 1483, "area_px": 4327.0, "aspect_ratio": 2.7, "zone": "yard" }, "geometry": { "type": "Polygon", "coordinates": [ [ [ 513166.269726562488358, 5686573.83740234375 ], [ 513177.954075825749896, 5686575.663932440802455 ], [ 513178.288279927277472, 5686573.63483087811619 ], [ 513166.603930664074142, 5686571.808300781063735 ], [ 513166.269726562488358, 5686573.83740234375 ] ] ] } },
{ "type": "Feature", "properties": { "id": 1484, "area_px": 4310.0, "aspect_ratio": 1.89, "zone": "yard" }, "geometry": { "type": "Polygon", "coordinates": [ [ [ 513144.055029296898283, 5686691.338671875186265 ], [ 513144.553735351539217, 5686693.760986328125 ], [ 513150.490418329951353, 5686692.469045868143439 ], [ 513149.991712275252212, 5686690.046731415204704 ], [ 513144.055029296898283, 5686691.338671875186265 ] ] ] } },
{ "type": "Feature", "properties": { "id": 1488, "area_px": 4284.0, "aspect_ratio": 1.82, "zone": "yard" }, "geometry": { "type": "Polygon", "coordinates": [ [ [ 513446.273632812488358, 5686731.403881835751235 ], [ 513447.341894531273283, 5686736.242700194939971 ], [ 513450.006152343761642, 5686735.654467773623765 ], [ 513448.937890624976717, 5686730.815649414435029 ], [ 513446.273632812488358, 5686731.403881835751235 ] ] ] } },
{ "type": "Feature", "properties": { "id": 1489, "area_px": 4278.0, "aspect_ratio": 1.86, "zone": "yard" }, "geometry": { "type": "Polygon", "coordinates": [ [ [ 513290.328369140625, 5686828.339599609375 ], [ 513290.888769531273283, 5686830.767968749627471 ], [ 513302.181679696426727, 5686828.009449128061533 ], [ 513301.621279305836651, 5686825.581079987809062 ], [ 513290.328369140625, 5686828.339599609375 ] ] ] } },
{ "type": "Feature", "properties": { "id": 1491, "area_px": 4261.0, "aspect_ratio": 2.54, "zone": "yard" }, "geometry": { "type": "Polygon", "coordinates": [ [ [ 513245.845493168279063, 5686532.783136080019176 ], [ 513258.117826854693703, 5686534.716540018096566 ], [ 513258.778517995553557, 5686532.470190138556063 ], [ 513246.423773974529468, 5686530.618443475104868 ], [ 513245.845493168279063, 5686532.783136080019176 ] ] ] } },
{ "type": "Feature", "properties": { "id": 1497, "area_px": 4186.0, "aspect_ratio": 1.82, "zone": "yard" }, "geometry": { "type": "Polygon", "coordinates": [ [ [ 513375.38636274629971, 5686543.96715375315398 ], [ 513377.940185546875, 5686555.83544921875 ], [ 513380.402099609375, 5686555.302050781436265 ], [ 513377.84827680879971, 5686543.433755315840244 ], [ 513375.38636274629971, 5686543.96715375315398 ] ] ] } },
{ "type": "Feature", "properties": { "id": 1503, "area_px": 4085.0, "aspect_ratio": 1.48, "zone": "ship" }, "geometry": { "type": "Polygon", "coordinates": [ [ [ 513458.286962890648283, 5686723.0706787109375 ], [ 513459.186865234398283, 5686727.056176757439971 ], [ 513461.878662109375, 5686726.4483642578125 ], [ 513460.978759765625, 5686722.462866211310029 ], [ 513458.286962890648283, 5686723.0706787109375 ] ] ] } },
{ "type": "Feature", "properties": { "id": 1504, "area_px": 4075.0, "aspect_ratio": 3.3, "zone": "yard" }, "geometry": { "type": "Polygon", "coordinates": [ [ [ 513218.80670397245558, 5686600.537894917652011 ], [ 513224.984166139562149, 5686601.46286251489073 ], [ 513225.413615381112322, 5686599.084374408237636 ], [ 513219.236153214005753, 5686598.09333769697696 ], [ 513218.80670397245558, 5686600.537894917652011 ] ] ] } },
{ "type": "Feature", "properties": { "id": 1505, "area_px": 4070.0, "aspect_ratio": 4.92, "zone": "yard" }, "geometry": { "type": "Polygon", "coordinates": [ [ [ 513297.951996905554552, 5686866.383492722176015 ], [ 513303.567871602252126, 5686865.282340820878744 ], [ 513303.061341727618128, 5686863.013967903330922 ], [ 513297.467490068927873, 5686864.291304109618068 ], [ 513297.951996905554552, 5686866.383492722176015 ] ] ] } },
{ "type": "Feature", "properties": { "id": 1509, "area_px": 4011.0, "aspect_ratio": 2.1, "zone": "yard" }, "geometry": { "type": "Polygon", "coordinates": [ [ [ 513442.862255859363358, 5686772.737011718563735 ], [ 513445.979846999980509, 5686785.5919777052477 ], [ 513447.301229281700216, 5686784.622964031994343 ], [ 513445.081298828125, 5686772.222460937686265 ], [ 513442.862255859363358, 5686772.737011718563735 ] ] ] } },
{ "type": "Feature", "properties": { "id": 1512, "area_px": 3971.0, "aspect_ratio": 3.42, "zone": "yard" }, "geometry": { "type": "Polygon", "coordinates": [ [ [ 513173.929258229385596, 5686598.704477006569505 ], [ 513173.664981773064937, 5686600.752619544044137 ], [ 513180.049999999988358, 5686601.950000000186265 ], [ 513180.139754953503143, 5686599.695513717830181 ], [ 513173.929258229385596, 5686598.704477006569505 ] ] ] } },
{ "type": "Feature", "properties": { "id": 1513, "area_px": 3961.0, "aspect_ratio": 1.83, "zone": "ship" }, "geometry": { "type": "Polygon", "coordinates": [ [ [ 513449.077099609363358, 5686731.189306640997529 ], [ 513450.178271484386642, 5686736.034472656436265 ], [ 513452.821337890636642, 5686735.433789062313735 ], [ 513451.720166015613358, 5686730.588623046875 ], [ 513449.077099609363358, 5686731.189306640997529 ] ] ] } },
{ "type": "Feature", "properties": { "id": 1514, "area_px": 3960.0, "aspect_ratio": 1.48, "zone": "ship" }, "geometry": { "type": "Polygon", "coordinates": [ [ [ 513472.093505859375, 5686730.245874023064971 ], [ 513472.973486328148283, 5686734.205883788876235 ], [ 513475.641748046851717, 5686733.612963867373765 ], [ 513474.761767578136642, 5686729.6529541015625 ], [ 513472.093505859375, 5686730.245874023064971 ] ] ] } },
{ "type": "Feature", "properties": { "id": 1516, "area_px": 3933.0, "aspect_ratio": 8.66, "zone": "yard" }, "geometry": { "type": "Polygon", "coordinates": [ [ [ 513345.954980468726717, 5686675.755615234375 ], [ 513346.232763671898283, 5686676.996386718936265 ], [ 513356.981347656226717, 5686674.589990234002471 ], [ 513356.703564453113358, 5686673.349218750372529 ], [ 513345.954980468726717, 5686675.755615234375 ] ] ] } },
{ "type": "Feature", "properties": { "id": 1517, "area_px": 3930.0, "aspect_ratio": 2.77, "zone": "yard" }, "geometry": { "type": "Polygon", "coordinates": [ [ [ 513172.799999999988358, 5686900.0 ], [ 513179.299999999988358, 5686900.0 ], [ 513179.299999999988358, 5686897.650000000372529 ], [ 513172.799999999988358, 5686897.650000000372529 ], [ 513172.799999999988358, 5686900.0 ] ] ] } },
{ "type": "Feature", "properties": { "id": 1518, "area_px": 3921.0, "aspect_ratio": 1.41, "zone": "ship" }, "geometry": { "type": "Polygon", "coordinates": [ [ [ 513474.871875000011642, 5686729.816455078311265 ], [ 513475.667675781238358, 5686733.596289062872529 ], [ 513478.351367187511642, 5686733.031298828311265 ], [ 513477.555566406226717, 5686729.25146484375 ], [ 513474.871875000011642, 5686729.816455078311265 ] ] ] } },
{ "type": "Feature", "properties": { "id": 1531, "area_px": 3671.0, "aspect_ratio": 2.84, "zone": "yard" }, "geometry": { "type": "Polygon", "coordinates": [ [ [ 513180.927929687488358, 5686612.34765625 ], [ 513186.919946289039217, 5686612.462890625 ], [ 513186.960546875023283, 5686610.351171875372529 ], [ 513180.968530273414217, 5686610.235937500372529 ], [ 513180.927929687488358, 5686612.34765625 ] ] ] } },
{ "type": "Feature", "properties": { "id": 1536, "area_px": 3605.0, "aspect_ratio": 3.12, "zone": "yard" }, "geometry": { "type": "Polygon", "coordinates": [ [ [ 513400.0, 5687000.0 ], [ 513406.25, 5687000.0 ], [ 513406.25, 5686998.0 ], [ 513400.0, 5686998.0 ], [ 513400.0, 5687000.0 ] ] ] } },
{ "type": "Feature", "properties": { "id": 1545, "area_px": 3470.0, "aspect_ratio": 3.01, "zone": "yard" }, "geometry": { "type": "Polygon", "coordinates": [ [ [ 513165.291748046875, 5686617.5572509765625 ], [ 513171.486108398414217, 5686617.610668945126235 ], [ 513171.503881835960783, 5686615.550024414435029 ], [ 513165.309521484363358, 5686615.496606444939971 ], [ 513165.291748046875, 5686617.5572509765625 ] ] ] } },
{ "type": "Feature", "properties": { "id": 1553, "area_px": 3347.0, "aspect_ratio": 3.21, "zone": "yard" }, "geometry": { "type": "Polygon", "coordinates": [ [ [ 513203.809015075035859, 5686600.438791249878705 ], [ 513210.052546356164385, 5686601.495897075161338 ], [ 513210.382891926623415, 5686599.348650868050754 ], [ 513204.25, 5686598.099999999627471 ], [ 513203.809015075035859, 5686600.438791249878705 ] ] ] } },
{ "type": "Feature", "properties": { "id": 1555, "area_px": 3327.0, "aspect_ratio": 2.7, "zone": "yard" }, "geometry": { "type": "Polygon", "coordinates": [ [ [ 513098.223712158214767, 5686857.951501464471221 ], [ 513100.574847412121017, 5686863.50872802734375 ], [ 513102.634936523449142, 5686862.63714599609375 ], [ 513100.283807373023592, 5686857.079919433221221 ], [ 513098.223712158214767, 5686857.951501464471221 ] ] ] } },
{ "type": "Feature", "properties": { "id": 1556, "area_px": 3310.0, "aspect_ratio": 4.69, "zone": "yard" }, "geometry": { "type": "Polygon", "coordinates": [ [ [ 513283.681068264646456, 5686799.521549279801548 ], [ 513283.901298644894268, 5686801.767899158410728 ], [ 513295.617554874916095, 5686799.125134594738483 ], [ 513295.221140190435108, 5686796.834738640114665 ], [ 513283.681068264646456, 5686799.521549279801548 ] ] ] } },
{ "type": "Feature", "properties": { "id": 1559, "area_px": 3283.0, "aspect_ratio": 3.39, "zone": "yard" }, "geometry": { "type": "Polygon", "coordinates": [ [ [ 513302.620880967297126, 5686801.855991310440004 ], [ 513308.434963006235193, 5686800.53460902813822 ], [ 513307.906410093652084, 5686798.156120921485126 ], [ 513302.048281978641171, 5686799.63166446890682 ], [ 513302.620880967297126, 5686801.855991310440004 ] ] ] } },
{ "type": "Feature", "properties": { "id": 1564, "area_px": 3204.0, "aspect_ratio": 4.64, "zone": "yard" }, "geometry": { "type": "Polygon", "coordinates": [ [ [ 513242.323945303331129, 5686946.620489595457911 ], [ 513244.864087196474429, 5686946.087620241567492 ], [ 513243.652820103801787, 5686940.449722499586642 ], [ 513241.310885553073604, 5686940.781115933321416 ], [ 513242.323945303331129, 5686946.620489595457911 ] ] ] } },
{ "type": "Feature", "properties": { "id": 1565, "area_px": 3201.0, "aspect_ratio": 2.97, "zone": "yard" }, "geometry": { "type": "Polygon", "coordinates": [ [ [ 513187.084326171898283, 5686616.351098632439971 ], [ 513187.118896484375, 5686618.443090820685029 ], [ 513193.333715820335783, 5686618.340356444939971 ], [ 513193.299145507800858, 5686616.248364257626235 ], [ 513187.084326171898283, 5686616.351098632439971 ] ] ] } },
{ "type": "Feature", "properties": { "id": 1570, "area_px": 3113.0, "aspect_ratio": 3.64, "zone": "yard" }, "geometry": { "type": "Polygon", "coordinates": [ [ [ 513188.783930885896552, 5686600.660691141150892 ], [ 513194.873167394951452, 5686601.6115180272609 ], [ 513195.137443851330318, 5686599.56337549071759 ], [ 513189.059085355373099, 5686598.37413143645972 ], [ 513188.783930885896552, 5686600.660691141150892 ] ] ] } },
{ "type": "Feature", "properties": { "id": 1573, "area_px": 3058.0, "aspect_ratio": 5.15, "zone": "yard" }, "geometry": { "type": "Polygon", "coordinates": [ [ [ 513236.821886146673933, 5686928.233419737778604 ], [ 513248.762164930813015, 5686925.727321565151215 ], [ 513248.365750245982781, 5686923.348833455704153 ], [ 513236.517355775518809, 5686925.947551945224404 ], [ 513236.821886146673933, 5686928.233419737778604 ] ] ] } },
{ "type": "Feature", "properties": { "id": 1574, "area_px": 3054.0, "aspect_ratio": 1.88, "zone": "yard" }, "geometry": { "type": "Polygon", "coordinates": [ [ [ 513394.772216796875, 5686654.373266601935029 ], [ 513395.848925781261642, 5686658.895483398810029 ], [ 513398.25537109375, 5686658.322534179314971 ], [ 513397.178662109363358, 5686653.800317382439971 ], [ 513394.772216796875, 5686654.373266601935029 ] ] ] } },
{ "type": "Feature", "properties": { "id": 1578, "area_px": 3015.0, "aspect_ratio": 3.18, "zone": "yard" }, "geometry": { "type": "Polygon", "coordinates": [ [ [ 513285.241236562316772, 5686548.729479202069342 ], [ 513297.082470703113358, 5686550.78857421875 ], [ 513297.345947265625, 5686549.234082031063735 ], [ 513285.504713124828413, 5686547.174987014383078 ], [ 513285.241236562316772, 5686548.729479202069342 ] ] ] } },
{ "type": "Feature", "properties": { "id": 1584, "area_px": 2932.0, "aspect_ratio": 1.71, "zone": "ship" }, "geometry": { "type": "Polygon", "coordinates": [ [ [ 513468.913281249988358, 5686730.388818359002471 ], [ 513469.771093750023283, 5686733.962939453311265 ], [ 513471.860742187476717, 5686733.46142578125 ], [ 513471.0029296875, 5686729.887304687872529 ], [ 513468.913281249988358, 5686730.388818359002471 ] ] ] } },
{ "type": "Feature", "properties": { "id": 1613, "area_px": 2004.0, "aspect_ratio": 1.41, "zone": "ship" }, "geometry": { "type": "Polygon", "coordinates": [ [ [ 513461.509423828101717, 5686780.174511718563735 ], [ 513461.896044921886642, 5686782.052294922061265 ], [ 513464.537060546863358, 5686781.508544921875 ], [ 513464.150439453136642, 5686779.630761718377471 ], [ 513461.509423828101717, 5686780.174511718563735 ] ] ] } },
{ "type": "Feature", "properties": { "id": 1619, "area_px": 1962.0, "aspect_ratio": 1.32, "zone": "ship" }, "geometry": { "type": "Polygon", "coordinates": [ [ [ 513450.611523437488358, 5686725.357690429314971 ], [ 513451.013476562511642, 5686727.3673095703125 ], [ 513453.667285156261642, 5686726.8365478515625 ], [ 513453.265332031238358, 5686724.826928710564971 ], [ 513450.611523437488358, 5686725.357690429314971 ] ] ] } },
{ "type": "Feature", "properties": { "id": 1645, "area_px": 1469.0, "aspect_ratio": 4.7, "zone": "ship" }, "geometry": { "type": "Polygon", "coordinates": [ [ [ 513498.799999999988358, 5686891.099999999627471 ], [ 513498.799999999988358, 5686896.5 ], [ 513499.950000000011642, 5686896.5 ], [ 513499.950000000011642, 5686891.099999999627471 ], [ 513498.799999999988358, 5686891.099999999627471 ] ] ] } },
{ "type": "Feature", "properties": { "id": 1669, "area_px": 1134.0, "aspect_ratio": 5.11, "zone": "ship" }, "geometry": { "type": "Polygon", "coordinates": [ [ [ 513450.682714843773283, 5686738.2083740234375 ], [ 513450.748437499976717, 5686739.128686523064971 ], [ 513455.453027343726717, 5686738.792651367373765 ], [ 513455.387304687523283, 5686737.872338866814971 ], [ 513450.682714843773283, 5686738.2083740234375 ] ] ] } },
{ "type": "Feature", "properties": { "id": 1688, "area_px": 962.0, "aspect_ratio": 4.58, "zone": "ship" }, "geometry": { "type": "Polygon", "coordinates": [ [ [ 513499.0, 5686869.700000000186265 ], [ 513499.950000000011642, 5686869.700000000186265 ], [ 513499.950000000011642, 5686865.349999999627471 ], [ 513499.0, 5686865.349999999627471 ], [ 513499.0, 5686869.700000000186265 ] ] ] } },
{ "type": "Feature", "properties": { "id": 1753, "area_px": 495.0, "aspect_ratio": 5.13, "zone": "ship" }, "geometry": { "type": "Polygon", "coordinates": [ [ [ 513494.51611328125, 5686858.772265625186265 ], [ 513494.65673828125, 5686859.302294922061265 ], [ 513497.37744140625, 5686858.580468749627471 ], [ 513497.23681640625, 5686858.050439452752471 ], [ 513494.51611328125, 5686858.772265625186265 ] ] ] } },
{ "type": "Feature", "properties": { "id": 1773, "area_px": 395.0, "aspect_ratio": 1.33, "zone": "ship" }, "geometry": { "type": "Polygon", "coordinates": [ [ [ 513498.776123046875, 5686864.686596679501235 ], [ 513498.960205078125, 5686865.561010742560029 ], [ 513500.121923828148283, 5686865.316455078311265 ], [ 513499.937841796898283, 5686864.442041015252471 ], [ 513498.776123046875, 5686864.686596679501235 ] ] ] } },
{ "type": "Feature", "properties": { "id": 1775, "area_px": 361.0, "aspect_ratio": 2.53, "zone": "ship" }, "geometry": { "type": "Polygon", "coordinates": [ [ [ 513453.263476562511642, 5686732.682690429501235 ], [ 513453.4365234375, 5686733.317309570498765 ], [ 513455.039941406226717, 5686732.8800048828125 ], [ 513454.866894531238358, 5686732.245385741814971 ], [ 513453.263476562511642, 5686732.682690429501235 ] ] ] } }
]
}
